#
# There is insufficient memory for the Java Runtime Environment to continue.
# Native memory allocation (mmap) failed to map 866123776 bytes. Error detail: G1 virtual space
# Possible reasons:
#   The system is out of physical RAM or swap space
#   This process is running with CompressedOops enabled, and the Java Heap may be blocking the growth of the native heap
# Possible solutions:
#   Reduce memory load on the system
#   Increase physical memory or swap space
#   Check if swap backing store is full
#   Decrease Java heap size (-Xmx/-Xms)
#   Decrease number of Java threads
#   Decrease Java thread stack sizes (-Xss)
#   Set larger code cache with -XX:ReservedCodeCacheSize=
#   JVM is running with Zero Based Compressed Oops mode in which the Java heap is
#     placed in the first 32GB address space. The Java Heap base address is the
#     maximum limit for the native heap growth. Please use -XX:HeapBaseMinAddress
#     to set the Java Heap base and to place the Java Heap above 32GB virtual address.
# This output file may be truncated or incomplete.
#
#  Out of Memory Error (os_windows.cpp:3898), pid=8604, tid=6300
#
# JRE version: OpenJDK Runtime Environment (21.0.6) (build 21.0.6+-13391695-b895.109)
# Java VM: OpenJDK 64-Bit Server VM (21.0.6+-13391695-b895.109, mixed mode, tiered, compressed oops, compressed class ptrs, g1 gc, windows-amd64)
# No core dump will be written. Minidumps are not enabled by default on client versions of Windows
#

---------------  S U M M A R Y ------------

Command Line: --add-opens=java.base/java.lang=ALL-UNNAMED --add-opens=java.base/java.lang.invoke=ALL-UNNAMED --add-opens=java.base/java.util=ALL-UNNAMED --add-opens=java.prefs/java.util.prefs=ALL-UNNAMED --add-exports=jdk.compiler/com.sun.tools.javac.api=ALL-UNNAMED --add-exports=jdk.compiler/com.sun.tools.javac.util=ALL-UNNAMED --add-opens=java.base/java.util=ALL-UNNAMED --add-opens=java.prefs/java.util.prefs=ALL-UNNAMED --add-opens=java.base/java.nio.charset=ALL-UNNAMED --add-opens=java.base/java.net=ALL-UNNAMED --add-opens=java.base/java.util.concurrent.atomic=ALL-UNNAMED --add-opens=java.xml/javax.xml.namespace=ALL-UNNAMED -Xmx4096m -Dfile.encoding=UTF-8 -Duser.country=US -Duser.language=en -Duser.variant -javaagent:D:\Gradle\wrapper\dists\gradle-8.13-bin\5xuhj0ry160q40clulazy9h7d\gradle-8.13\lib\agents\gradle-instrumentation-agent-8.13.jar org.gradle.launcher.daemon.bootstrap.GradleDaemon 8.13

Host: Intel(R) Core(TM) i5-6300U CPU @ 2.40GHz, 4 cores, 7G,  Windows 10 , 64 bit Build 19041 (10.0.19041.5915)
Time: Sun Nov  9 20:37:14 2025 Pakistan Standard Time elapsed time: 664.298657 seconds (0d 0h 11m 4s)

---------------  T H R E A D  ---------------

Current thread (0x000001d57cf63000):  VMThread "VM Thread"          [id=6300, stack(0x000000a1fbe00000,0x000000a1fbf00000) (1024K)]

Stack: [0x000000a1fbe00000,0x000000a1fbf00000]
Native frames: (J=compiled Java code, j=interpreted, Vv=VM code, C=native code)
V  [jvm.dll+0x6d0639]
V  [jvm.dll+0x85eb03]
V  [jvm.dll+0x86105e]
V  [jvm.dll+0x861743]
V  [jvm.dll+0x27e6e6]
V  [jvm.dll+0x6ccfd5]
V  [jvm.dll+0x6c0a8a]
V  [jvm.dll+0x35537b]
V  [jvm.dll+0x35cfd6]
V  [jvm.dll+0x3aef86]
V  [jvm.dll+0x3af258]
V  [jvm.dll+0x327a2c]
V  [jvm.dll+0x327ab7]
V  [jvm.dll+0x36d93c]
V  [jvm.dll+0x36c0ee]
V  [jvm.dll+0x327181]
V  [jvm.dll+0x36b7f0]
V  [jvm.dll+0x8674c8]
V  [jvm.dll+0x868844]
V  [jvm.dll+0x868d80]
V  [jvm.dll+0x869013]
V  [jvm.dll+0x806ed8]
V  [jvm.dll+0x6cef0d]
C  [ucrtbase.dll+0x21bb2]
C  [KERNEL32.DLL+0x17374]
C  [ntdll.dll+0x4cc91]

VM_Operation (0x000000a183afbdd0): G1CollectForAllocation, mode: safepoint, requested by thread 0x000001d50e2d3b30


---------------  P R O C E S S  ---------------

Threads class SMR info:
_java_thread_list=0x000001d50fb16fe0, length=82, elements={
0x000001d5617020e0, 0x000001d57cfbd7a0, 0x000001d57d10c070, 0x000001d57d10eac0,
0x000001d57d117540, 0x000001d57d118730, 0x000001d57d12d2e0, 0x000001d57d124090,
0x000001d57d134630, 0x000001d57cf01530, 0x000001d57d42b650, 0x000001d57eca5a20,
0x000001d57ee12b00, 0x000001d57ed7d860, 0x000001d57eee70a0, 0x000001d57eee6380,
0x000001d57eee5660, 0x000001d57eee7dc0, 0x000001d57f405ce0, 0x000001d57f406a00,
0x000001d57f407090, 0x000001d57f406370, 0x000001d57f408440, 0x000001d504655500,
0x000001d505e18bd0, 0x000001d50ff117f0, 0x000001d50ff11e80, 0x000001d50ff12510,
0x000001d50ff138c0, 0x000001d507055310, 0x000001d507054c80, 0x000001d5070559a0,
0x000001d507056030, 0x000001d5070566c0, 0x000001d507056d50, 0x000001d50704fdc0,
0x000001d507050450, 0x000001d507050ae0, 0x000001d507051e90, 0x000001d507051170,
0x000001d507051800, 0x000001d507052520, 0x000001d507052bb0, 0x000001d507053240,
0x000001d507053f60, 0x000001d50585e930, 0x000001d50585ae20, 0x000001d50585a100,
0x000001d50585e2a0, 0x000001d50585cef0, 0x000001d505860a00, 0x000001d50585bb40,
0x000001d505860370, 0x000001d50585fce0, 0x000001d50585a790, 0x000001d505862ad0,
0x000001d505862440, 0x000001d50585c860, 0x000001d50585dc10, 0x000001d505863160,
0x000001d50585c1d0, 0x000001d505865230, 0x000001d5058658c0, 0x000001d5058637f0,
0x000001d5058686b0, 0x000001d505863e80, 0x000001d5058665e0, 0x000001d505865f50,
0x000001d505867300, 0x000001d505867990, 0x000001d50e2d7cd0, 0x000001d50e2d4ee0,
0x000001d50e2d6290, 0x000001d50e2d1a60, 0x000001d50e2d2780, 0x000001d50e2d2e10,
0x000001d50e2d4850, 0x000001d50e2d6fb0, 0x000001d50e2d8360, 0x000001d50e2d3b30,
0x000001d5046547e0, 0x000001d57f6fa080
}
_to_delete_list=0x000001d5083a27c0, length=83, elements={
0x000001d5617020e0, 0x000001d57cfbd7a0, 0x000001d57d10c070, 0x000001d57d10eac0,
0x000001d57d117540, 0x000001d57d118730, 0x000001d57d12d2e0, 0x000001d57d124090,
0x000001d57d134630, 0x000001d57cf01530, 0x000001d57d42b650, 0x000001d57eca5a20,
0x000001d57ee12b00, 0x000001d57ed7d860, 0x000001d57eee70a0, 0x000001d57eee6380,
0x000001d57eee5660, 0x000001d57eee7dc0, 0x000001d57f405ce0, 0x000001d57f406a00,
0x000001d57f407090, 0x000001d57f406370, 0x000001d57f408440, 0x000001d504655500,
0x000001d505e18bd0, 0x000001d50ff117f0, 0x000001d50ff11e80, 0x000001d50ff12510,
0x000001d50ff138c0, 0x000001d507055310, 0x000001d507054c80, 0x000001d5070559a0,
0x000001d507056030, 0x000001d5070566c0, 0x000001d507056d50, 0x000001d50704fdc0,
0x000001d507050450, 0x000001d507050ae0, 0x000001d507051e90, 0x000001d507051170,
0x000001d507051800, 0x000001d507052520, 0x000001d507052bb0, 0x000001d507053240,
0x000001d507053f60, 0x000001d50585e930, 0x000001d50585ae20, 0x000001d50585a100,
0x000001d50585e2a0, 0x000001d50585cef0, 0x000001d505860a00, 0x000001d50585bb40,
0x000001d505860370, 0x000001d50585fce0, 0x000001d50585a790, 0x000001d505862ad0,
0x000001d505862440, 0x000001d50585c860, 0x000001d50585dc10, 0x000001d505863160,
0x000001d50585c1d0, 0x000001d505865230, 0x000001d5058658c0, 0x000001d5058637f0,
0x000001d5058686b0, 0x000001d505863e80, 0x000001d5058665e0, 0x000001d505865f50,
0x000001d505867300, 0x000001d505867990, 0x000001d50e2d7cd0, 0x000001d50e2d4ee0,
0x000001d50e2d6290, 0x000001d50e2d1a60, 0x000001d50e2d2780, 0x000001d50e2d2e10,
0x000001d50e2d4850, 0x000001d50e2d6fb0, 0x000001d50e2d8360, 0x000001d50e2d3b30,
0x000001d50e2d41c0, 0x000001d5046547e0, 0x000001d57f6fa080
}

Java Threads: ( => current thread )
  0x000001d5617020e0 JavaThread "main"                              [_thread_blocked, id=9312, stack(0x000000a1fb700000,0x000000a1fb800000) (1024K)]
  0x000001d57cfbd7a0 JavaThread "Reference Handler"          daemon [_thread_blocked, id=13248, stack(0x000000a1fbf00000,0x000000a1fc000000) (1024K)]
  0x000001d57d10c070 JavaThread "Finalizer"                  daemon [_thread_blocked, id=6148, stack(0x000000a1fc000000,0x000000a1fc100000) (1024K)]
  0x000001d57d10eac0 JavaThread "Signal Dispatcher"          daemon [_thread_blocked, id=9572, stack(0x000000a1fc100000,0x000000a1fc200000) (1024K)]
  0x000001d57d117540 JavaThread "Attach Listener"            daemon [_thread_blocked, id=1308, stack(0x000000a1fc200000,0x000000a1fc300000) (1024K)]
  0x000001d57d118730 JavaThread "Service Thread"             daemon [_thread_blocked, id=2312, stack(0x000000a1fc300000,0x000000a1fc400000) (1024K)]
  0x000001d57d12d2e0 JavaThread "Monitor Deflation Thread"   daemon [_thread_blocked, id=10104, stack(0x000000a1fc400000,0x000000a1fc500000) (1024K)]
  0x000001d57d124090 JavaThread "C2 CompilerThread0"         daemon [_thread_blocked, id=10544, stack(0x000000a1fc500000,0x000000a1fc600000) (1024K)]
  0x000001d57d134630 JavaThread "C1 CompilerThread0"         daemon [_thread_blocked, id=764, stack(0x000000a1fc600000,0x000000a1fc700000) (1024K)]
  0x000001d57cf01530 JavaThread "Common-Cleaner"             daemon [_thread_blocked, id=11272, stack(0x000000a1fc700000,0x000000a1fc800000) (1024K)]
  0x000001d57d42b650 JavaThread "Notification Thread"        daemon [_thread_blocked, id=3612, stack(0x000000a1fc800000,0x000000a1fc900000) (1024K)]
  0x000001d57eca5a20 JavaThread "Daemon health stats"               [_thread_blocked, id=8944, stack(0x000000a1fcd00000,0x000000a1fce00000) (1024K)]
  0x000001d57ee12b00 JavaThread "Incoming local TCP Connector on port 64127"        [_thread_in_native, id=964, stack(0x000000a1fce00000,0x000000a1fcf00000) (1024K)]
  0x000001d57ed7d860 JavaThread "Daemon periodic checks"            [_thread_blocked, id=1704, stack(0x000000a1fcf00000,0x000000a1fd000000) (1024K)]
  0x000001d57eee70a0 JavaThread "Cache worker for journal cache (D:\Gradle\caches\journal-1)"        [_thread_blocked, id=2276, stack(0x000000a1fd600000,0x000000a1fd700000) (1024K)]
  0x000001d57eee6380 JavaThread "File lock request listener"        [_thread_in_native, id=4248, stack(0x000000a1fd700000,0x000000a1fd800000) (1024K)]
  0x000001d57eee5660 JavaThread "Cache worker for file hash cache (D:\Gradle\caches\8.13\fileHashes)"        [_thread_blocked, id=11584, stack(0x000000a1fd800000,0x000000a1fd900000) (1024K)]
  0x000001d57eee7dc0 JavaThread "File watcher server"        daemon [_thread_blocked, id=12216, stack(0x000000a1fdc00000,0x000000a1fdd00000) (1024K)]
  0x000001d57f405ce0 JavaThread "File watcher consumer"      daemon [_thread_blocked, id=5824, stack(0x000000a1fdd00000,0x000000a1fde00000) (1024K)]
  0x000001d57f406a00 JavaThread "jar transforms"                    [_thread_blocked, id=5316, stack(0x000000a1fde00000,0x000000a1fdf00000) (1024K)]
  0x000001d57f407090 JavaThread "jar transforms Thread 2"           [_thread_blocked, id=9932, stack(0x000000a1fdf00000,0x000000a1fe000000) (1024K)]
  0x000001d57f406370 JavaThread "Cache worker for file content cache (D:\Gradle\caches\8.13\fileContent)"        [_thread_blocked, id=8136, stack(0x000000a1fe100000,0x000000a1fe200000) (1024K)]
  0x000001d57f408440 JavaThread "jar transforms Thread 3"           [_thread_blocked, id=4144, stack(0x000000a1fe200000,0x000000a1fe300000) (1024K)]
  0x000001d504655500 JavaThread "jar transforms Thread 4"           [_thread_blocked, id=1108, stack(0x000000a1feb00000,0x000000a1fec00000) (1024K)]
  0x000001d505e18bd0 JavaThread "Memory manager"                    [_thread_blocked, id=9488, stack(0x000000a1fd900000,0x000000a1fda00000) (1024K)]
  0x000001d50ff117f0 JavaThread "RMI Scheduler(0)"           daemon [_thread_blocked, id=1416, stack(0x000000a182200000,0x000000a182300000) (1024K)]
  0x000001d50ff11e80 JavaThread "RMI GC Daemon"              daemon [_thread_blocked, id=2480, stack(0x000000a182400000,0x000000a182500000) (1024K)]
  0x000001d50ff12510 JavaThread "RMI TCP Accept-0"           daemon [_thread_in_native, id=10316, stack(0x000000a182500000,0x000000a182600000) (1024K)]
  0x000001d50ff138c0 JavaThread "RMI Reaper"                        [_thread_blocked, id=9812, stack(0x000000a182600000,0x000000a182700000) (1024K)]
  0x000001d507055310 JavaThread "Daemon Thread 3"                   [_thread_blocked, id=11048, stack(0x000000a180100000,0x000000a180200000) (1024K)]
  0x000001d507054c80 JavaThread "Handler for socket connection from /127.0.0.1:64127 to /127.0.0.1:64579"        [_thread_in_native, id=11076, stack(0x000000a180200000,0x000000a180300000) (1024K)]
  0x000001d5070559a0 JavaThread "Cancel handler"                    [_thread_blocked, id=6164, stack(0x000000a180300000,0x000000a180400000) (1024K)]
  0x000001d507056030 JavaThread "Daemon worker Thread 3"            [_thread_blocked, id=756, stack(0x000000a180400000,0x000000a180500000) (1024K)]
  0x000001d5070566c0 JavaThread "Asynchronous log dispatcher for DefaultDaemonConnection: socket connection from /127.0.0.1:64127 to /127.0.0.1:64579"        [_thread_blocked, id=3232, stack(0x000000a180500000,0x000000a180600000) (1024K)]
  0x000001d507056d50 JavaThread "Stdin handler"                     [_thread_blocked, id=9248, stack(0x000000a180600000,0x000000a180700000) (1024K)]
  0x000001d50704fdc0 JavaThread "Daemon client event forwarder"        [_thread_blocked, id=4856, stack(0x000000a180700000,0x000000a180800000) (1024K)]
  0x000001d507050450 JavaThread "Cache worker for file hash cache (D:\SEMESTER 7\SMD_Assignment\Assignment_2\.gradle\8.13\fileHashes)"        [_thread_blocked, id=3844, stack(0x000000a180800000,0x000000a180900000) (1024K)]
  0x000001d507050ae0 JavaThread "Cache worker for Build Output Cleanup Cache (D:\SEMESTER 7\SMD_Assignment\Assignment_2\.gradle\buildOutputCleanup)"        [_thread_blocked, id=12364, stack(0x000000a180900000,0x000000a180a00000) (1024K)]
  0x000001d507051e90 JavaThread "Cache worker for checksums cache (D:\SEMESTER 7\SMD_Assignment\Assignment_2\.gradle\8.13\checksums)"        [_thread_blocked, id=11036, stack(0x000000a180a00000,0x000000a180b00000) (1024K)]
  0x000001d507051170 JavaThread "Cache worker for cache directory md-supplier (D:\Gradle\caches\8.13\md-supplier)"        [_thread_blocked, id=9048, stack(0x000000a180b00000,0x000000a180c00000) (1024K)]
  0x000001d507051800 JavaThread "Cache worker for cache directory md-rule (D:\Gradle\caches\8.13\md-rule)"        [_thread_blocked, id=8256, stack(0x000000a180c00000,0x000000a180d00000) (1024K)]
  0x000001d507052520 JavaThread "Unconstrained build operations"        [_thread_blocked, id=8828, stack(0x000000a180d00000,0x000000a180e00000) (1024K)]
  0x000001d507052bb0 JavaThread "Unconstrained build operations Thread 2"        [_thread_blocked, id=12004, stack(0x000000a180e00000,0x000000a180f00000) (1024K)]
  0x000001d507053240 JavaThread "Unconstrained build operations Thread 3"        [_thread_blocked, id=8928, stack(0x000000a180f00000,0x000000a181000000) (1024K)]
  0x000001d507053f60 JavaThread "Unconstrained build operations Thread 4"        [_thread_blocked, id=3640, stack(0x000000a181000000,0x000000a181100000) (1024K)]
  0x000001d50585e930 JavaThread "Unconstrained build operations Thread 5"        [_thread_blocked, id=12400, stack(0x000000a181100000,0x000000a181200000) (1024K)]
  0x000001d50585ae20 JavaThread "Unconstrained build operations Thread 6"        [_thread_blocked, id=10088, stack(0x000000a181200000,0x000000a181300000) (1024K)]
  0x000001d50585a100 JavaThread "Unconstrained build operations Thread 7"        [_thread_blocked, id=9420, stack(0x000000a181400000,0x000000a181500000) (1024K)]
  0x000001d50585e2a0 JavaThread "Unconstrained build operations Thread 8"        [_thread_blocked, id=9708, stack(0x000000a181500000,0x000000a181600000) (1024K)]
  0x000001d50585cef0 JavaThread "Unconstrained build operations Thread 9"        [_thread_blocked, id=8040, stack(0x000000a181600000,0x000000a181700000) (1024K)]
  0x000001d505860a00 JavaThread "Unconstrained build operations Thread 10"        [_thread_blocked, id=6684, stack(0x000000a181700000,0x000000a181800000) (1024K)]
  0x000001d50585bb40 JavaThread "Unconstrained build operations Thread 11"        [_thread_blocked, id=5872, stack(0x000000a181800000,0x000000a181900000) (1024K)]
  0x000001d505860370 JavaThread "Unconstrained build operations Thread 12"        [_thread_blocked, id=9352, stack(0x000000a181900000,0x000000a181a00000) (1024K)]
  0x000001d50585fce0 JavaThread "build event listener"              [_thread_blocked, id=7720, stack(0x000000a181a00000,0x000000a181b00000) (1024K)]
  0x000001d50585a790 JavaThread "build event listener"              [_thread_blocked, id=3088, stack(0x000000a181b00000,0x000000a181c00000) (1024K)]
  0x000001d505862ad0 JavaThread "included builds"                   [_thread_blocked, id=3068, stack(0x000000a181c00000,0x000000a181d00000) (1024K)]
  0x000001d505862440 JavaThread "Execution worker"                  [_thread_blocked, id=6692, stack(0x000000a181d00000,0x000000a181e00000) (1024K)]
  0x000001d50585c860 JavaThread "Execution worker Thread 2"         [_thread_blocked, id=4568, stack(0x000000a181e00000,0x000000a181f00000) (1024K)]
  0x000001d50585dc10 JavaThread "Execution worker Thread 3"         [_thread_blocked, id=6688, stack(0x000000a181f00000,0x000000a182000000) (1024K)]
  0x000001d505863160 JavaThread "Cache worker for execution history cache (D:\SEMESTER 7\SMD_Assignment\Assignment_2\.gradle\8.13\executionHistory)"        [_thread_blocked, id=380, stack(0x000000a182000000,0x000000a182100000) (1024K)]
  0x000001d50585c1d0 JavaThread "Unconstrained build operations Thread 13"        [_thread_blocked, id=10776, stack(0x000000a182100000,0x000000a182200000) (1024K)]
  0x000001d505865230 JavaThread "Unconstrained build operations Thread 14"        [_thread_blocked, id=7392, stack(0x000000a182700000,0x000000a182800000) (1024K)]
  0x000001d5058658c0 JavaThread "Unconstrained build operations Thread 15"        [_thread_blocked, id=8144, stack(0x000000a182800000,0x000000a182900000) (1024K)]
  0x000001d5058637f0 JavaThread "Unconstrained build operations Thread 16"        [_thread_blocked, id=8812, stack(0x000000a182900000,0x000000a182a00000) (1024K)]
  0x000001d5058686b0 JavaThread "Unconstrained build operations Thread 17"        [_thread_blocked, id=9972, stack(0x000000a182a00000,0x000000a182b00000) (1024K)]
  0x000001d505863e80 JavaThread "Unconstrained build operations Thread 18"        [_thread_blocked, id=6980, stack(0x000000a182b00000,0x000000a182c00000) (1024K)]
  0x000001d5058665e0 JavaThread "Unconstrained build operations Thread 19"        [_thread_blocked, id=10720, stack(0x000000a182c00000,0x000000a182d00000) (1024K)]
  0x000001d505865f50 JavaThread "Unconstrained build operations Thread 20"        [_thread_blocked, id=9052, stack(0x000000a182d00000,0x000000a182e00000) (1024K)]
  0x000001d505867300 JavaThread "Unconstrained build operations Thread 21"        [_thread_blocked, id=8624, stack(0x000000a182e00000,0x000000a182f00000) (1024K)]
  0x000001d505867990 JavaThread "Unconstrained build operations Thread 22"        [_thread_blocked, id=5232, stack(0x000000a182f00000,0x000000a183000000) (1024K)]
  0x000001d50e2d7cd0 JavaThread "WorkerExecutor Queue"              [_thread_blocked, id=4360, stack(0x000000a183000000,0x000000a183100000) (1024K)]
  0x000001d50e2d4ee0 JavaThread "Unconstrained build operations Thread 23"        [_thread_blocked, id=6356, stack(0x000000a183100000,0x000000a183200000) (1024K)]
  0x000001d50e2d6290 JavaThread "Unconstrained build operations Thread 24"        [_thread_blocked, id=2316, stack(0x000000a183200000,0x000000a183300000) (1024K)]
  0x000001d50e2d1a60 JavaThread "Unconstrained build operations Thread 25"        [_thread_blocked, id=9968, stack(0x000000a183300000,0x000000a183400000) (1024K)]
  0x000001d50e2d2780 JavaThread "RMI TCP Connection(10)-127.0.0.1" daemon [_thread_in_native, id=968, stack(0x000000a181300000,0x000000a181400000) (1024K)]
  0x000001d50e2d2e10 JavaThread "Unconstrained build operations Thread 26"        [_thread_blocked, id=2096, stack(0x000000a183500000,0x000000a183600000) (1024K)]
  0x000001d50e2d4850 JavaThread "Unconstrained build operations Thread 27"        [_thread_blocked, id=8648, stack(0x000000a183600000,0x000000a183700000) (1024K)]
  0x000001d50e2d6fb0 JavaThread "Unconstrained build operations Thread 28"        [_thread_blocked, id=9368, stack(0x000000a183700000,0x000000a183800000) (1024K)]
  0x000001d50e2d8360 JavaThread "WorkerExecutor Queue Thread 2"        [_thread_blocked, id=2992, stack(0x000000a183800000,0x000000a183900000) (1024K)]
  0x000001d50e2d3b30 JavaThread "WorkerExecutor Queue Thread 3"        [_thread_blocked, id=1456, stack(0x000000a183a00000,0x000000a183b00000) (1024K)]
  0x000001d5046547e0 JavaThread "WorkerExecutor Queue Thread 5"        [_thread_blocked, id=1292, stack(0x000000a183c00000,0x000000a183d00000) (1024K)]
  0x000001d57f6fa080 JavaThread "C2 CompilerThread1"         daemon [_thread_blocked, id=6416, stack(0x000000a183400000,0x000000a183500000) (1024K)]
Total: 82

Other Threads:
=>0x000001d57cf63000 VMThread "VM Thread"                           [id=6300, stack(0x000000a1fbe00000,0x000000a1fbf00000) (1024K)]
  0x000001d57cf008d0 WatcherThread "VM Periodic Task Thread"        [id=9588, stack(0x000000a1fbd00000,0x000000a1fbe00000) (1024K)]
  0x000001d5639aa8b0 WorkerThread "GC Thread#0"                     [id=10404, stack(0x000000a1fb800000,0x000000a1fb900000) (1024K)]
  0x000001d57d678890 WorkerThread "GC Thread#1"                     [id=10372, stack(0x000000a1fc900000,0x000000a1fca00000) (1024K)]
  0x000001d57d678c30 WorkerThread "GC Thread#2"                     [id=10932, stack(0x000000a1fca00000,0x000000a1fcb00000) (1024K)]
  0x000001d57e243c10 WorkerThread "GC Thread#3"                     [id=11788, stack(0x000000a1fcc00000,0x000000a1fcd00000) (1024K)]
  0x000001d5617cdf60 ConcurrentGCThread "G1 Main Marker"            [id=7284, stack(0x000000a1fb900000,0x000000a1fba00000) (1024K)]
  0x000001d5639b7a60 WorkerThread "G1 Conc#0"                       [id=7012, stack(0x000000a1fba00000,0x000000a1fbb00000) (1024K)]
  0x000001d57cde10a0 ConcurrentGCThread "G1 Refine#0"               [id=10004, stack(0x000000a1fbb00000,0x000000a1fbc00000) (1024K)]
  0x000001d57cde1b20 ConcurrentGCThread "G1 Service"                [id=6060, stack(0x000000a1fbc00000,0x000000a1fbd00000) (1024K)]
Total: 10

Threads with active compile tasks:
C2 CompilerThread0  664382 27376       4       com.android.tools.r8.ir.optimize.F::a (724 bytes)
C1 CompilerThread0  664382 27401       2       com.android.tools.r8.internal.vx::a (652 bytes)
C2 CompilerThread1  664382 27395       4       com.android.tools.r8.internal.BH::putAll (107 bytes)
Total: 3

VM state: at safepoint (normal execution)

VM Mutex/Monitor currently owned by a thread:  ([mutex/lock_event])
[0x00007ffe4059e3a0] Threads_lock - owner thread: 0x000001d57cf63000
[0x00007ffe4059e4a0] Heap_lock - owner thread: 0x000001d50e2d3b30

Heap address: 0x0000000700000000, size: 4096 MB, Compressed Oops mode: Zero based, Oop shift amount: 3

CDS archive(s) not mapped
Compressed class space mapped at: 0x0000000800000000-0x0000000840000000, reserved size: 1073741824
Narrow klass base: 0x0000000800000000, Narrow klass shift: 0, Narrow klass range: 0x40000000

GC Precious Log:
 CardTable entry size: 512
 Card Set container configuration: InlinePtr #cards 4 size 8 Array Of Cards #cards 16 size 48 Howl #buckets 8 coarsen threshold 3686 Howl Bitmap #cards 512 size 80 coarsen threshold 460 Card regions per heap region 1 cards per card region 4096
 CPUs: 4 total, 4 available
 Memory: 8072M
 Large Page Support: Disabled
 NUMA Support: Disabled
 Compressed Oops: Enabled (Zero based)
 Heap Region Size: 2M
 Heap Min Capacity: 8M
 Heap Initial Capacity: 128M
 Heap Max Capacity: 4G
 Pre-touch: Disabled
 Parallel Workers: 4
 Concurrent Workers: 1
 Concurrent Refinement Workers: 4
 Periodic GC: Disabled

Heap:
 garbage-first heap   total 733184K, used 341829K [0x0000000700000000, 0x0000000800000000)
  region size 2048K, 1 young (2048K), 1 survivors (2048K)
 Metaspace       used 153736K, committed 156416K, reserved 1245184K
  class space    used 20339K, committed 21696K, reserved 1048576K

Heap Regions: E=young(eden), S=young(survivor), O=old, HS=humongous(starts), HC=humongous(continues), CS=collection set, F=free, TAMS=top-at-mark-start, PB=parsable bottom
|   0|0x0000000700000000, 0x0000000700200000, 0x0000000700200000|100%|HS|  |TAMS 0x0000000700000000| PB 0x0000000700000000| Complete 
|   1|0x0000000700200000, 0x0000000700400000, 0x0000000700400000|100%|HC|  |TAMS 0x0000000700200000| PB 0x0000000700200000| Complete 
|   2|0x0000000700400000, 0x0000000700600000, 0x0000000700600000|100%| O|  |TAMS 0x0000000700400000| PB 0x0000000700400000| Untracked 
|   3|0x0000000700600000, 0x0000000700800000, 0x0000000700800000|100%| O|  |TAMS 0x0000000700600000| PB 0x0000000700600000| Untracked 
|   4|0x0000000700800000, 0x0000000700a00000, 0x0000000700a00000|100%| O|  |TAMS 0x0000000700800000| PB 0x0000000700800000| Untracked 
|   5|0x0000000700a00000, 0x0000000700c00000, 0x0000000700c00000|100%| O|  |TAMS 0x0000000700a00000| PB 0x0000000700a00000| Untracked 
|   6|0x0000000700c00000, 0x0000000700e00000, 0x0000000700e00000|100%| O|  |TAMS 0x0000000700c00000| PB 0x0000000700c00000| Untracked 
|   7|0x0000000700e00000, 0x0000000701000000, 0x0000000701000000|100%| O|  |TAMS 0x0000000700e00000| PB 0x0000000700e00000| Untracked 
|   8|0x0000000701000000, 0x0000000701200000, 0x0000000701200000|100%| O|  |TAMS 0x0000000701000000| PB 0x0000000701000000| Untracked 
|   9|0x0000000701200000, 0x0000000701400000, 0x0000000701400000|100%| O|  |TAMS 0x0000000701200000| PB 0x0000000701200000| Untracked 
|  10|0x0000000701400000, 0x0000000701600000, 0x0000000701600000|100%| O|  |TAMS 0x0000000701400000| PB 0x0000000701400000| Untracked 
|  11|0x0000000701600000, 0x0000000701800000, 0x0000000701800000|100%| O|  |TAMS 0x0000000701600000| PB 0x0000000701600000| Untracked 
|  12|0x0000000701800000, 0x0000000701a00000, 0x0000000701a00000|100%| O|  |TAMS 0x0000000701800000| PB 0x0000000701800000| Untracked 
|  13|0x0000000701a00000, 0x0000000701c00000, 0x0000000701c00000|100%| O|  |TAMS 0x0000000701a00000| PB 0x0000000701a00000| Untracked 
|  14|0x0000000701c00000, 0x0000000701e00000, 0x0000000701e00000|100%| O|  |TAMS 0x0000000701c00000| PB 0x0000000701c00000| Untracked 
|  15|0x0000000701e00000, 0x0000000702000000, 0x0000000702000000|100%| O|  |TAMS 0x0000000701e00000| PB 0x0000000701e00000| Untracked 
|  16|0x0000000702000000, 0x0000000702200000, 0x0000000702200000|100%| O|  |TAMS 0x0000000702000000| PB 0x0000000702000000| Untracked 
|  17|0x0000000702200000, 0x0000000702400000, 0x0000000702400000|100%| O|  |TAMS 0x0000000702200000| PB 0x0000000702200000| Untracked 
|  18|0x0000000702400000, 0x0000000702600000, 0x0000000702600000|100%| O|  |TAMS 0x0000000702400000| PB 0x0000000702400000| Untracked 
|  19|0x0000000702600000, 0x0000000702800000, 0x0000000702800000|100%| O|  |TAMS 0x0000000702600000| PB 0x0000000702600000| Untracked 
|  20|0x0000000702800000, 0x0000000702a00000, 0x0000000702a00000|100%| O|  |TAMS 0x0000000702800000| PB 0x0000000702800000| Untracked 
|  21|0x0000000702a00000, 0x0000000702c00000, 0x0000000702c00000|100%|HS|  |TAMS 0x0000000702a00000| PB 0x0000000702a00000| Complete 
|  22|0x0000000702c00000, 0x0000000702e00000, 0x0000000702e00000|100%| O|  |TAMS 0x0000000702c00000| PB 0x0000000702c00000| Untracked 
|  23|0x0000000702e00000, 0x0000000703000000, 0x0000000703000000|100%| O|  |TAMS 0x0000000702e00000| PB 0x0000000702e00000| Untracked 
|  24|0x0000000703000000, 0x0000000703200000, 0x0000000703200000|100%| O|  |TAMS 0x0000000703000000| PB 0x0000000703000000| Untracked 
|  25|0x0000000703200000, 0x0000000703400000, 0x0000000703400000|100%| O|  |TAMS 0x0000000703200000| PB 0x0000000703200000| Untracked 
|  26|0x0000000703400000, 0x0000000703600000, 0x0000000703600000|100%| O|  |TAMS 0x0000000703400000| PB 0x0000000703400000| Untracked 
|  27|0x0000000703600000, 0x0000000703800000, 0x0000000703800000|100%| O|  |TAMS 0x0000000703600000| PB 0x0000000703600000| Untracked 
|  28|0x0000000703800000, 0x0000000703a00000, 0x0000000703a00000|100%|HS|  |TAMS 0x0000000703800000| PB 0x0000000703800000| Complete 
|  29|0x0000000703a00000, 0x0000000703c00000, 0x0000000703c00000|100%|HS|  |TAMS 0x0000000703a00000| PB 0x0000000703a00000| Complete 
|  30|0x0000000703c00000, 0x0000000703e00000, 0x0000000703e00000|100%|HC|  |TAMS 0x0000000703c00000| PB 0x0000000703c00000| Complete 
|  31|0x0000000703e00000, 0x0000000704000000, 0x0000000704000000|100%| O|  |TAMS 0x0000000703e00000| PB 0x0000000703e00000| Untracked 
|  32|0x0000000704000000, 0x0000000704200000, 0x0000000704200000|100%| O|  |TAMS 0x0000000704000000| PB 0x0000000704000000| Untracked 
|  33|0x0000000704200000, 0x0000000704400000, 0x0000000704400000|100%| O|  |TAMS 0x0000000704200000| PB 0x0000000704200000| Untracked 
|  34|0x0000000704400000, 0x0000000704600000, 0x0000000704600000|100%| O|  |TAMS 0x0000000704400000| PB 0x0000000704400000| Untracked 
|  35|0x0000000704600000, 0x0000000704800000, 0x0000000704800000|100%| O|  |TAMS 0x0000000704600000| PB 0x0000000704600000| Untracked 
|  36|0x0000000704800000, 0x0000000704a00000, 0x0000000704a00000|100%|HS|  |TAMS 0x0000000704800000| PB 0x0000000704800000| Complete 
|  37|0x0000000704a00000, 0x0000000704c00000, 0x0000000704c00000|100%|HC|  |TAMS 0x0000000704a00000| PB 0x0000000704a00000| Complete 
|  38|0x0000000704c00000, 0x0000000704e00000, 0x0000000704e00000|100%| O|  |TAMS 0x0000000704c00000| PB 0x0000000704c00000| Untracked 
|  39|0x0000000704e00000, 0x0000000705000000, 0x0000000705000000|100%| O|  |TAMS 0x0000000704e00000| PB 0x0000000704e00000| Untracked 
|  40|0x0000000705000000, 0x0000000705200000, 0x0000000705200000|100%| O|  |TAMS 0x0000000705000000| PB 0x0000000705000000| Untracked 
|  41|0x0000000705200000, 0x0000000705400000, 0x0000000705400000|100%| O|  |TAMS 0x0000000705200000| PB 0x0000000705200000| Untracked 
|  42|0x0000000705400000, 0x0000000705600000, 0x0000000705600000|100%| O|  |TAMS 0x0000000705400000| PB 0x0000000705400000| Untracked 
|  43|0x0000000705600000, 0x0000000705800000, 0x0000000705800000|100%| O|  |TAMS 0x0000000705600000| PB 0x0000000705600000| Untracked 
|  44|0x0000000705800000, 0x0000000705a00000, 0x0000000705a00000|100%| O|  |TAMS 0x0000000705800000| PB 0x0000000705800000| Untracked 
|  45|0x0000000705a00000, 0x0000000705c00000, 0x0000000705c00000|100%| O|  |TAMS 0x0000000705a00000| PB 0x0000000705a00000| Untracked 
|  46|0x0000000705c00000, 0x0000000705e00000, 0x0000000705e00000|100%| O|  |TAMS 0x0000000705c00000| PB 0x0000000705c00000| Untracked 
|  47|0x0000000705e00000, 0x0000000706000000, 0x0000000706000000|100%| O|  |TAMS 0x0000000705e00000| PB 0x0000000705e00000| Untracked 
|  48|0x0000000706000000, 0x0000000706200000, 0x0000000706200000|100%| O|  |TAMS 0x0000000706000000| PB 0x0000000706000000| Untracked 
|  49|0x0000000706200000, 0x0000000706400000, 0x0000000706400000|100%| O|  |TAMS 0x0000000706200000| PB 0x0000000706200000| Untracked 
|  50|0x0000000706400000, 0x0000000706600000, 0x0000000706600000|100%| O|  |TAMS 0x0000000706400000| PB 0x0000000706400000| Untracked 
|  51|0x0000000706600000, 0x0000000706800000, 0x0000000706800000|100%| O|  |TAMS 0x0000000706600000| PB 0x0000000706600000| Untracked 
|  52|0x0000000706800000, 0x0000000706a00000, 0x0000000706a00000|100%| O|  |TAMS 0x0000000706800000| PB 0x0000000706800000| Untracked 
|  53|0x0000000706a00000, 0x0000000706c00000, 0x0000000706c00000|100%| O|  |TAMS 0x0000000706a00000| PB 0x0000000706a00000| Untracked 
|  54|0x0000000706c00000, 0x0000000706e00000, 0x0000000706e00000|100%| O|  |TAMS 0x0000000706c00000| PB 0x0000000706c00000| Untracked 
|  55|0x0000000706e00000, 0x0000000707000000, 0x0000000707000000|100%| O|  |TAMS 0x0000000706e00000| PB 0x0000000706e00000| Untracked 
|  56|0x0000000707000000, 0x0000000707200000, 0x0000000707200000|100%| O|  |TAMS 0x0000000707000000| PB 0x0000000707000000| Untracked 
|  57|0x0000000707200000, 0x0000000707400000, 0x0000000707400000|100%| O|  |TAMS 0x0000000707200000| PB 0x0000000707200000| Untracked 
|  58|0x0000000707400000, 0x0000000707600000, 0x0000000707600000|100%| O|  |TAMS 0x0000000707400000| PB 0x0000000707400000| Untracked 
|  59|0x0000000707600000, 0x0000000707800000, 0x0000000707800000|100%| O|  |TAMS 0x0000000707600000| PB 0x0000000707600000| Untracked 
|  60|0x0000000707800000, 0x0000000707a00000, 0x0000000707a00000|100%| O|  |TAMS 0x0000000707800000| PB 0x0000000707800000| Untracked 
|  61|0x0000000707a00000, 0x0000000707c00000, 0x0000000707c00000|100%| O|  |TAMS 0x0000000707a00000| PB 0x0000000707a00000| Untracked 
|  62|0x0000000707c00000, 0x0000000707e00000, 0x0000000707e00000|100%| O|  |TAMS 0x0000000707c00000| PB 0x0000000707c00000| Untracked 
|  63|0x0000000707e00000, 0x0000000708000000, 0x0000000708000000|100%| O|  |TAMS 0x0000000707e00000| PB 0x0000000707e00000| Untracked 
|  64|0x0000000708000000, 0x0000000708200000, 0x0000000708200000|100%| O|  |TAMS 0x0000000708000000| PB 0x0000000708000000| Untracked 
|  65|0x0000000708200000, 0x0000000708400000, 0x0000000708400000|100%| O|Cm|TAMS 0x0000000708200000| PB 0x0000000708200000| Complete 
|  66|0x0000000708400000, 0x0000000708600000, 0x0000000708600000|100%| O|  |TAMS 0x0000000708400000| PB 0x0000000708400000| Untracked 
|  67|0x0000000708600000, 0x0000000708800000, 0x0000000708800000|100%| O|  |TAMS 0x0000000708600000| PB 0x0000000708600000| Untracked 
|  68|0x0000000708800000, 0x0000000708a00000, 0x0000000708a00000|100%| O|  |TAMS 0x0000000708800000| PB 0x0000000708800000| Untracked 
|  69|0x0000000708a00000, 0x0000000708c00000, 0x0000000708c00000|100%| O|  |TAMS 0x0000000708a00000| PB 0x0000000708a00000| Untracked 
|  70|0x0000000708c00000, 0x0000000708e00000, 0x0000000708e00000|100%| O|  |TAMS 0x0000000708c00000| PB 0x0000000708c00000| Untracked 
|  71|0x0000000708e00000, 0x0000000709000000, 0x0000000709000000|100%| O|  |TAMS 0x0000000708e00000| PB 0x0000000708e00000| Untracked 
|  72|0x0000000709000000, 0x0000000709200000, 0x0000000709200000|100%| O|  |TAMS 0x0000000709000000| PB 0x0000000709000000| Untracked 
|  73|0x0000000709200000, 0x0000000709400000, 0x0000000709400000|100%| O|  |TAMS 0x0000000709200000| PB 0x0000000709200000| Untracked 
|  74|0x0000000709400000, 0x0000000709600000, 0x0000000709600000|100%| O|Cm|TAMS 0x0000000709400000| PB 0x0000000709400000| Complete 
|  75|0x0000000709600000, 0x0000000709800000, 0x0000000709800000|100%| O|  |TAMS 0x0000000709600000| PB 0x0000000709600000| Untracked 
|  76|0x0000000709800000, 0x0000000709a00000, 0x0000000709a00000|100%| O|  |TAMS 0x0000000709800000| PB 0x0000000709800000| Untracked 
|  77|0x0000000709a00000, 0x0000000709c00000, 0x0000000709c00000|100%| O|Cm|TAMS 0x0000000709a00000| PB 0x0000000709a00000| Complete 
|  78|0x0000000709c00000, 0x0000000709e00000, 0x0000000709e00000|100%| O|  |TAMS 0x0000000709c00000| PB 0x0000000709c00000| Untracked 
|  79|0x0000000709e00000, 0x000000070a000000, 0x000000070a000000|100%| O|  |TAMS 0x0000000709e00000| PB 0x0000000709e00000| Untracked 
|  80|0x000000070a000000, 0x000000070a200000, 0x000000070a200000|100%| O|  |TAMS 0x000000070a000000| PB 0x000000070a000000| Untracked 
|  81|0x000000070a200000, 0x000000070a400000, 0x000000070a400000|100%| O|  |TAMS 0x000000070a200000| PB 0x000000070a200000| Untracked 
|  82|0x000000070a400000, 0x000000070a600000, 0x000000070a600000|100%| O|  |TAMS 0x000000070a400000| PB 0x000000070a400000| Untracked 
|  83|0x000000070a600000, 0x000000070a800000, 0x000000070a800000|100%| O|  |TAMS 0x000000070a600000| PB 0x000000070a600000| Untracked 
|  84|0x000000070a800000, 0x000000070aa00000, 0x000000070aa00000|100%| O|  |TAMS 0x000000070a800000| PB 0x000000070a800000| Untracked 
|  85|0x000000070aa00000, 0x000000070ac00000, 0x000000070ac00000|100%| O|  |TAMS 0x000000070aa00000| PB 0x000000070aa00000| Untracked 
|  86|0x000000070ac00000, 0x000000070ae00000, 0x000000070ae00000|100%| O|Cm|TAMS 0x000000070ac00000| PB 0x000000070ac00000| Complete 
|  87|0x000000070ae00000, 0x000000070b000000, 0x000000070b000000|100%| O|Cm|TAMS 0x000000070ae00000| PB 0x000000070ae00000| Complete 
|  88|0x000000070b000000, 0x000000070b000000, 0x000000070b200000|  0%| F|  |TAMS 0x000000070b000000| PB 0x000000070b000000| Untracked 
|  89|0x000000070b200000, 0x000000070b400000, 0x000000070b400000|100%| O|  |TAMS 0x000000070b200000| PB 0x000000070b200000| Untracked 
|  90|0x000000070b400000, 0x000000070b600000, 0x000000070b600000|100%| O|  |TAMS 0x000000070b400000| PB 0x000000070b400000| Untracked 
|  91|0x000000070b600000, 0x000000070b800000, 0x000000070b800000|100%| O|  |TAMS 0x000000070b600000| PB 0x000000070b600000| Untracked 
|  92|0x000000070b800000, 0x000000070ba00000, 0x000000070ba00000|100%| O|  |TAMS 0x000000070b800000| PB 0x000000070b800000| Untracked 
|  93|0x000000070ba00000, 0x000000070bc00000, 0x000000070bc00000|100%| O|Cm|TAMS 0x000000070ba00000| PB 0x000000070ba00000| Complete 
|  94|0x000000070bc00000, 0x000000070be00000, 0x000000070be00000|100%| O|Cm|TAMS 0x000000070bc00000| PB 0x000000070bc00000| Complete 
|  95|0x000000070be00000, 0x000000070c000000, 0x000000070c000000|100%| O|Cm|TAMS 0x000000070be00000| PB 0x000000070be00000| Complete 
|  96|0x000000070c000000, 0x000000070c200000, 0x000000070c200000|100%| O|Cm|TAMS 0x000000070c000000| PB 0x000000070c000000| Complete 
|  97|0x000000070c200000, 0x000000070c400000, 0x000000070c400000|100%| O|Cm|TAMS 0x000000070c200000| PB 0x000000070c200000| Complete 
|  98|0x000000070c400000, 0x000000070c600000, 0x000000070c600000|100%| O|Cm|TAMS 0x000000070c400000| PB 0x000000070c400000| Complete 
|  99|0x000000070c600000, 0x000000070c800000, 0x000000070c800000|100%| O|Cm|TAMS 0x000000070c600000| PB 0x000000070c600000| Complete 
| 100|0x000000070c800000, 0x000000070ca00000, 0x000000070ca00000|100%| O|Cm|TAMS 0x000000070c800000| PB 0x000000070c800000| Complete 
| 101|0x000000070ca00000, 0x000000070cc00000, 0x000000070cc00000|100%| O|Cm|TAMS 0x000000070ca00000| PB 0x000000070ca00000| Complete 
| 102|0x000000070cc00000, 0x000000070ce00000, 0x000000070ce00000|100%| O|Cm|TAMS 0x000000070cc00000| PB 0x000000070cc00000| Complete 
| 103|0x000000070ce00000, 0x000000070d000000, 0x000000070d000000|100%| O|Cm|TAMS 0x000000070ce00000| PB 0x000000070ce00000| Complete 
| 104|0x000000070d000000, 0x000000070d200000, 0x000000070d200000|100%| O|Cm|TAMS 0x000000070d000000| PB 0x000000070d000000| Complete 
| 105|0x000000070d200000, 0x000000070d400000, 0x000000070d400000|100%| O|Cm|TAMS 0x000000070d200000| PB 0x000000070d200000| Complete 
| 106|0x000000070d400000, 0x000000070d600000, 0x000000070d600000|100%| O|  |TAMS 0x000000070d400000| PB 0x000000070d400000| Untracked 
| 107|0x000000070d600000, 0x000000070d800000, 0x000000070d800000|100%| O|Cm|TAMS 0x000000070d600000| PB 0x000000070d600000| Complete 
| 108|0x000000070d800000, 0x000000070da00000, 0x000000070da00000|100%| O|  |TAMS 0x000000070d800000| PB 0x000000070d800000| Untracked 
| 109|0x000000070da00000, 0x000000070dc00000, 0x000000070dc00000|100%| O|  |TAMS 0x000000070da00000| PB 0x000000070da00000| Untracked 
| 110|0x000000070dc00000, 0x000000070de00000, 0x000000070de00000|100%| O|Cm|TAMS 0x000000070dc00000| PB 0x000000070dc00000| Complete 
| 111|0x000000070de00000, 0x000000070e000000, 0x000000070e000000|100%| O|  |TAMS 0x000000070de00000| PB 0x000000070de00000| Untracked 
| 112|0x000000070e000000, 0x000000070e200000, 0x000000070e200000|100%| O|Cm|TAMS 0x000000070e000000| PB 0x000000070e000000| Complete 
| 113|0x000000070e200000, 0x000000070e400000, 0x000000070e400000|100%| O|Cm|TAMS 0x000000070e200000| PB 0x000000070e200000| Complete 
| 114|0x000000070e400000, 0x000000070e600000, 0x000000070e600000|100%| O|Cm|TAMS 0x000000070e400000| PB 0x000000070e400000| Complete 
| 115|0x000000070e600000, 0x000000070e800000, 0x000000070e800000|100%| O|Cm|TAMS 0x000000070e600000| PB 0x000000070e600000| Complete 
| 116|0x000000070e800000, 0x000000070ea00000, 0x000000070ea00000|100%| O|  |TAMS 0x000000070e800000| PB 0x000000070e800000| Untracked 
| 117|0x000000070ea00000, 0x000000070ec00000, 0x000000070ec00000|100%| O|Cm|TAMS 0x000000070ea00000| PB 0x000000070ea00000| Complete 
| 118|0x000000070ec00000, 0x000000070ee00000, 0x000000070ee00000|100%| O|  |TAMS 0x000000070ec00000| PB 0x000000070ec00000| Untracked 
| 119|0x000000070ee00000, 0x000000070f000000, 0x000000070f000000|100%| O|  |TAMS 0x000000070ee00000| PB 0x000000070ee00000| Untracked 
| 120|0x000000070f000000, 0x000000070f200000, 0x000000070f200000|100%| O|  |TAMS 0x000000070f000000| PB 0x000000070f000000| Untracked 
| 121|0x000000070f200000, 0x000000070f400000, 0x000000070f400000|100%| O|  |TAMS 0x000000070f200000| PB 0x000000070f200000| Untracked 
| 122|0x000000070f400000, 0x000000070f600000, 0x000000070f600000|100%| O|  |TAMS 0x000000070f400000| PB 0x000000070f400000| Untracked 
| 123|0x000000070f600000, 0x000000070f800000, 0x000000070f800000|100%| O|Cm|TAMS 0x000000070f600000| PB 0x000000070f600000| Complete 
| 124|0x000000070f800000, 0x000000070fa00000, 0x000000070fa00000|100%| O|Cm|TAMS 0x000000070f800000| PB 0x000000070f800000| Complete 
| 125|0x000000070fa00000, 0x000000070fa00000, 0x000000070fc00000|  0%| F|  |TAMS 0x000000070fa00000| PB 0x000000070fa00000| Untracked 
| 126|0x000000070fc00000, 0x000000070fc00000, 0x000000070fe00000|  0%| F|  |TAMS 0x000000070fc00000| PB 0x000000070fc00000| Untracked 
| 127|0x000000070fe00000, 0x000000070ffe30d8, 0x0000000710000000| 94%| O|  |TAMS 0x000000070fe00000| PB 0x000000070fe00000| Untracked 
| 128|0x0000000710000000, 0x0000000710200000, 0x0000000710200000|100%| O|  |TAMS 0x0000000710000000| PB 0x0000000710000000| Untracked 
| 129|0x0000000710200000, 0x0000000710400000, 0x0000000710400000|100%| O|  |TAMS 0x0000000710200000| PB 0x0000000710200000| Untracked 
| 130|0x0000000710400000, 0x0000000710600000, 0x0000000710600000|100%| O|  |TAMS 0x0000000710400000| PB 0x0000000710400000| Untracked 
| 131|0x0000000710600000, 0x0000000710800000, 0x0000000710800000|100%| O|  |TAMS 0x0000000710600000| PB 0x0000000710600000| Untracked 
| 132|0x0000000710800000, 0x0000000710a00000, 0x0000000710a00000|100%| O|  |TAMS 0x0000000710800000| PB 0x0000000710800000| Untracked 
| 133|0x0000000710a00000, 0x0000000710c00000, 0x0000000710c00000|100%| O|Cm|TAMS 0x0000000710a00000| PB 0x0000000710a00000| Complete 
| 134|0x0000000710c00000, 0x0000000710e00000, 0x0000000710e00000|100%| O|  |TAMS 0x0000000710c00000| PB 0x0000000710c00000| Untracked 
| 135|0x0000000710e00000, 0x0000000711000000, 0x0000000711000000|100%| O|Cm|TAMS 0x0000000710e00000| PB 0x0000000710e00000| Complete 
| 136|0x0000000711000000, 0x0000000711200000, 0x0000000711200000|100%| O|Cm|TAMS 0x0000000711000000| PB 0x0000000711000000| Complete 
| 137|0x0000000711200000, 0x0000000711400000, 0x0000000711400000|100%| O|  |TAMS 0x0000000711200000| PB 0x0000000711200000| Untracked 
| 138|0x0000000711400000, 0x0000000711400000, 0x0000000711600000|  0%| F|  |TAMS 0x0000000711400000| PB 0x0000000711400000| Untracked 
| 139|0x0000000711600000, 0x0000000711800000, 0x0000000711800000|100%| O|  |TAMS 0x0000000711600000| PB 0x0000000711600000| Untracked 
| 140|0x0000000711800000, 0x0000000711800000, 0x0000000711a00000|  0%| F|  |TAMS 0x0000000711800000| PB 0x0000000711800000| Untracked 
| 141|0x0000000711a00000, 0x0000000711c00000, 0x0000000711c00000|100%| O|Cm|TAMS 0x0000000711a00000| PB 0x0000000711a00000| Complete 
| 142|0x0000000711c00000, 0x0000000711e00000, 0x0000000711e00000|100%| O|  |TAMS 0x0000000711c00000| PB 0x0000000711c00000| Untracked 
| 143|0x0000000711e00000, 0x0000000712000000, 0x0000000712000000|100%| O|  |TAMS 0x0000000711e00000| PB 0x0000000711e00000| Untracked 
| 144|0x0000000712000000, 0x0000000712200000, 0x0000000712200000|100%| O|  |TAMS 0x0000000712000000| PB 0x0000000712000000| Untracked 
| 145|0x0000000712200000, 0x0000000712400000, 0x0000000712400000|100%|HS|  |TAMS 0x0000000712200000| PB 0x0000000712200000| Complete 
| 146|0x0000000712400000, 0x0000000712600000, 0x0000000712600000|100%|HS|  |TAMS 0x0000000712400000| PB 0x0000000712400000| Complete 
| 147|0x0000000712600000, 0x0000000712800000, 0x0000000712800000|100%|HS|  |TAMS 0x0000000712600000| PB 0x0000000712600000| Complete 
| 148|0x0000000712800000, 0x0000000712a00000, 0x0000000712a00000|100%|HS|  |TAMS 0x0000000712800000| PB 0x0000000712800000| Complete 
| 149|0x0000000712a00000, 0x0000000712c00000, 0x0000000712c00000|100%| O|  |TAMS 0x0000000712a00000| PB 0x0000000712a00000| Untracked 
| 150|0x0000000712c00000, 0x0000000712c00000, 0x0000000712e00000|  0%| F|  |TAMS 0x0000000712c00000| PB 0x0000000712c00000| Untracked 
| 151|0x0000000712e00000, 0x0000000713000000, 0x0000000713000000|100%| O|Cm|TAMS 0x0000000712e00000| PB 0x0000000712e00000| Complete 
| 152|0x0000000713000000, 0x0000000713200000, 0x0000000713200000|100%| O|Cm|TAMS 0x0000000713000000| PB 0x0000000713000000| Complete 
| 153|0x0000000713200000, 0x0000000713400000, 0x0000000713400000|100%|HS|  |TAMS 0x0000000713200000| PB 0x0000000713200000| Complete 
| 154|0x0000000713400000, 0x0000000713600000, 0x0000000713600000|100%|HS|  |TAMS 0x0000000713400000| PB 0x0000000713400000| Complete 
| 155|0x0000000713600000, 0x0000000713800000, 0x0000000713800000|100%| O|  |TAMS 0x0000000713600000| PB 0x0000000713600000| Untracked 
| 156|0x0000000713800000, 0x0000000713a00000, 0x0000000713a00000|100%| O|  |TAMS 0x0000000713800000| PB 0x0000000713800000| Untracked 
| 157|0x0000000713a00000, 0x0000000713c00000, 0x0000000713c00000|100%| O|  |TAMS 0x0000000713a00000| PB 0x0000000713a00000| Untracked 
| 158|0x0000000713c00000, 0x0000000713e00000, 0x0000000713e00000|100%| O|  |TAMS 0x0000000713c00000| PB 0x0000000713c00000| Untracked 
| 159|0x0000000713e00000, 0x0000000714000000, 0x0000000714000000|100%| O|  |TAMS 0x0000000713e00000| PB 0x0000000713e00000| Untracked 
| 160|0x0000000714000000, 0x0000000714200000, 0x0000000714200000|100%| O|Cm|TAMS 0x0000000714000000| PB 0x0000000714000000| Complete 
| 161|0x0000000714200000, 0x0000000714200000, 0x0000000714400000|  0%| F|  |TAMS 0x0000000714200000| PB 0x0000000714200000| Untracked 
| 162|0x0000000714400000, 0x0000000714400000, 0x0000000714600000|  0%| F|  |TAMS 0x0000000714400000| PB 0x0000000714400000| Untracked 
| 163|0x0000000714600000, 0x0000000714600000, 0x0000000714800000|  0%| F|  |TAMS 0x0000000714600000| PB 0x0000000714600000| Untracked 
| 164|0x0000000714800000, 0x0000000714800000, 0x0000000714a00000|  0%| F|  |TAMS 0x0000000714800000| PB 0x0000000714800000| Untracked 
| 165|0x0000000714a00000, 0x0000000714a00000, 0x0000000714c00000|  0%| F|  |TAMS 0x0000000714a00000| PB 0x0000000714a00000| Untracked 
| 166|0x0000000714c00000, 0x0000000714c00000, 0x0000000714e00000|  0%| F|  |TAMS 0x0000000714c00000| PB 0x0000000714c00000| Untracked 
| 167|0x0000000714e00000, 0x0000000714e00000, 0x0000000715000000|  0%| F|  |TAMS 0x0000000714e00000| PB 0x0000000714e00000| Untracked 
| 168|0x0000000715000000, 0x0000000715000000, 0x0000000715200000|  0%| F|  |TAMS 0x0000000715000000| PB 0x0000000715000000| Untracked 
| 169|0x0000000715200000, 0x0000000715200000, 0x0000000715400000|  0%| F|  |TAMS 0x0000000715200000| PB 0x0000000715200000| Untracked 
| 170|0x0000000715400000, 0x0000000715400000, 0x0000000715600000|  0%| F|  |TAMS 0x0000000715400000| PB 0x0000000715400000| Untracked 
| 171|0x0000000715600000, 0x0000000715600000, 0x0000000715800000|  0%| F|  |TAMS 0x0000000715600000| PB 0x0000000715600000| Untracked 
| 172|0x0000000715800000, 0x0000000715800000, 0x0000000715a00000|  0%| F|  |TAMS 0x0000000715800000| PB 0x0000000715800000| Untracked 
| 173|0x0000000715a00000, 0x0000000715a00000, 0x0000000715c00000|  0%| F|  |TAMS 0x0000000715a00000| PB 0x0000000715a00000| Untracked 
| 174|0x0000000715c00000, 0x0000000715c00000, 0x0000000715e00000|  0%| F|  |TAMS 0x0000000715c00000| PB 0x0000000715c00000| Untracked 
| 175|0x0000000715e00000, 0x0000000715e00000, 0x0000000716000000|  0%| F|  |TAMS 0x0000000715e00000| PB 0x0000000715e00000| Untracked 
| 176|0x0000000716000000, 0x0000000716000000, 0x0000000716200000|  0%| F|  |TAMS 0x0000000716000000| PB 0x0000000716000000| Untracked 
| 177|0x0000000716200000, 0x0000000716200000, 0x0000000716400000|  0%| F|  |TAMS 0x0000000716200000| PB 0x0000000716200000| Untracked 
| 178|0x0000000716400000, 0x0000000716400000, 0x0000000716600000|  0%| F|  |TAMS 0x0000000716400000| PB 0x0000000716400000| Untracked 
| 179|0x0000000716600000, 0x0000000716600000, 0x0000000716800000|  0%| F|  |TAMS 0x0000000716600000| PB 0x0000000716600000| Untracked 
| 180|0x0000000716800000, 0x0000000716800000, 0x0000000716a00000|  0%| F|  |TAMS 0x0000000716800000| PB 0x0000000716800000| Untracked 
| 181|0x0000000716a00000, 0x0000000716a00000, 0x0000000716c00000|  0%| F|  |TAMS 0x0000000716a00000| PB 0x0000000716a00000| Untracked 
| 182|0x0000000716c00000, 0x0000000716c00000, 0x0000000716e00000|  0%| F|  |TAMS 0x0000000716c00000| PB 0x0000000716c00000| Untracked 
| 183|0x0000000716e00000, 0x0000000716e00000, 0x0000000717000000|  0%| F|  |TAMS 0x0000000716e00000| PB 0x0000000716e00000| Untracked 
| 184|0x0000000717000000, 0x0000000717000000, 0x0000000717200000|  0%| F|  |TAMS 0x0000000717000000| PB 0x0000000717000000| Untracked 
| 185|0x0000000717200000, 0x0000000717200000, 0x0000000717400000|  0%| F|  |TAMS 0x0000000717200000| PB 0x0000000717200000| Untracked 
| 186|0x0000000717400000, 0x0000000717400000, 0x0000000717600000|  0%| F|  |TAMS 0x0000000717400000| PB 0x0000000717400000| Untracked 
| 187|0x0000000717600000, 0x0000000717600000, 0x0000000717800000|  0%| F|  |TAMS 0x0000000717600000| PB 0x0000000717600000| Untracked 
| 188|0x0000000717800000, 0x0000000717800000, 0x0000000717a00000|  0%| F|  |TAMS 0x0000000717800000| PB 0x0000000717800000| Untracked 
| 189|0x0000000717a00000, 0x0000000717a00000, 0x0000000717c00000|  0%| F|  |TAMS 0x0000000717a00000| PB 0x0000000717a00000| Untracked 
| 190|0x0000000717c00000, 0x0000000717c00000, 0x0000000717e00000|  0%| F|  |TAMS 0x0000000717c00000| PB 0x0000000717c00000| Untracked 
| 191|0x0000000717e00000, 0x0000000717e00000, 0x0000000718000000|  0%| F|  |TAMS 0x0000000717e00000| PB 0x0000000717e00000| Untracked 
| 192|0x0000000718000000, 0x0000000718000000, 0x0000000718200000|  0%| F|  |TAMS 0x0000000718000000| PB 0x0000000718000000| Untracked 
| 193|0x0000000718200000, 0x0000000718200000, 0x0000000718400000|  0%| F|  |TAMS 0x0000000718200000| PB 0x0000000718200000| Untracked 
| 194|0x0000000718400000, 0x0000000718400000, 0x0000000718600000|  0%| F|  |TAMS 0x0000000718400000| PB 0x0000000718400000| Untracked 
| 195|0x0000000718600000, 0x0000000718600000, 0x0000000718800000|  0%| F|  |TAMS 0x0000000718600000| PB 0x0000000718600000| Untracked 
| 196|0x0000000718800000, 0x0000000718800000, 0x0000000718a00000|  0%| F|  |TAMS 0x0000000718800000| PB 0x0000000718800000| Untracked 
| 197|0x0000000718a00000, 0x0000000718a00000, 0x0000000718c00000|  0%| F|  |TAMS 0x0000000718a00000| PB 0x0000000718a00000| Untracked 
| 198|0x0000000718c00000, 0x0000000718c00000, 0x0000000718e00000|  0%| F|  |TAMS 0x0000000718c00000| PB 0x0000000718c00000| Untracked 
| 199|0x0000000718e00000, 0x0000000718e00000, 0x0000000719000000|  0%| F|  |TAMS 0x0000000718e00000| PB 0x0000000718e00000| Untracked 
| 200|0x0000000719000000, 0x0000000719000000, 0x0000000719200000|  0%| F|  |TAMS 0x0000000719000000| PB 0x0000000719000000| Untracked 
| 201|0x0000000719200000, 0x0000000719200000, 0x0000000719400000|  0%| F|  |TAMS 0x0000000719200000| PB 0x0000000719200000| Untracked 
| 202|0x0000000719400000, 0x0000000719400000, 0x0000000719600000|  0%| F|  |TAMS 0x0000000719400000| PB 0x0000000719400000| Untracked 
| 203|0x0000000719600000, 0x0000000719600000, 0x0000000719800000|  0%| F|  |TAMS 0x0000000719600000| PB 0x0000000719600000| Untracked 
| 204|0x0000000719800000, 0x0000000719800000, 0x0000000719a00000|  0%| F|  |TAMS 0x0000000719800000| PB 0x0000000719800000| Untracked 
| 205|0x0000000719a00000, 0x0000000719a00000, 0x0000000719c00000|  0%| F|  |TAMS 0x0000000719a00000| PB 0x0000000719a00000| Untracked 
| 206|0x0000000719c00000, 0x0000000719c00000, 0x0000000719e00000|  0%| F|  |TAMS 0x0000000719c00000| PB 0x0000000719c00000| Untracked 
| 207|0x0000000719e00000, 0x0000000719e00000, 0x000000071a000000|  0%| F|  |TAMS 0x0000000719e00000| PB 0x0000000719e00000| Untracked 
| 208|0x000000071a000000, 0x000000071a000000, 0x000000071a200000|  0%| F|  |TAMS 0x000000071a000000| PB 0x000000071a000000| Untracked 
| 209|0x000000071a200000, 0x000000071a200000, 0x000000071a400000|  0%| F|  |TAMS 0x000000071a200000| PB 0x000000071a200000| Untracked 
| 210|0x000000071a400000, 0x000000071a400000, 0x000000071a600000|  0%| F|  |TAMS 0x000000071a400000| PB 0x000000071a400000| Untracked 
| 211|0x000000071a600000, 0x000000071a600000, 0x000000071a800000|  0%| F|  |TAMS 0x000000071a600000| PB 0x000000071a600000| Untracked 
| 212|0x000000071a800000, 0x000000071a800000, 0x000000071aa00000|  0%| F|  |TAMS 0x000000071a800000| PB 0x000000071a800000| Untracked 
| 213|0x000000071aa00000, 0x000000071aa00000, 0x000000071ac00000|  0%| F|  |TAMS 0x000000071aa00000| PB 0x000000071aa00000| Untracked 
| 214|0x000000071ac00000, 0x000000071ac00000, 0x000000071ae00000|  0%| F|  |TAMS 0x000000071ac00000| PB 0x000000071ac00000| Untracked 
| 215|0x000000071ae00000, 0x000000071ae00000, 0x000000071b000000|  0%| F|  |TAMS 0x000000071ae00000| PB 0x000000071ae00000| Untracked 
| 216|0x000000071b000000, 0x000000071b000000, 0x000000071b200000|  0%| F|  |TAMS 0x000000071b000000| PB 0x000000071b000000| Untracked 
| 217|0x000000071b200000, 0x000000071b200000, 0x000000071b400000|  0%| F|  |TAMS 0x000000071b200000| PB 0x000000071b200000| Untracked 
| 218|0x000000071b400000, 0x000000071b400000, 0x000000071b600000|  0%| F|  |TAMS 0x000000071b400000| PB 0x000000071b400000| Untracked 
| 219|0x000000071b600000, 0x000000071b600000, 0x000000071b800000|  0%| F|  |TAMS 0x000000071b600000| PB 0x000000071b600000| Untracked 
| 220|0x000000071b800000, 0x000000071b800000, 0x000000071ba00000|  0%| F|  |TAMS 0x000000071b800000| PB 0x000000071b800000| Untracked 
| 221|0x000000071ba00000, 0x000000071ba00000, 0x000000071bc00000|  0%| F|  |TAMS 0x000000071ba00000| PB 0x000000071ba00000| Untracked 
| 222|0x000000071bc00000, 0x000000071bc00000, 0x000000071be00000|  0%| F|  |TAMS 0x000000071bc00000| PB 0x000000071bc00000| Untracked 
| 223|0x000000071be00000, 0x000000071be00000, 0x000000071c000000|  0%| F|  |TAMS 0x000000071be00000| PB 0x000000071be00000| Untracked 
| 224|0x000000071c000000, 0x000000071c000000, 0x000000071c200000|  0%| F|  |TAMS 0x000000071c000000| PB 0x000000071c000000| Untracked 
| 225|0x000000071c200000, 0x000000071c200000, 0x000000071c400000|  0%| F|  |TAMS 0x000000071c200000| PB 0x000000071c200000| Untracked 
| 226|0x000000071c400000, 0x000000071c400000, 0x000000071c600000|  0%| F|  |TAMS 0x000000071c400000| PB 0x000000071c400000| Untracked 
| 227|0x000000071c600000, 0x000000071c600000, 0x000000071c800000|  0%| F|  |TAMS 0x000000071c600000| PB 0x000000071c600000| Untracked 
| 228|0x000000071c800000, 0x000000071c800000, 0x000000071ca00000|  0%| F|  |TAMS 0x000000071c800000| PB 0x000000071c800000| Untracked 
| 229|0x000000071ca00000, 0x000000071ca00000, 0x000000071cc00000|  0%| F|  |TAMS 0x000000071ca00000| PB 0x000000071ca00000| Untracked 
| 230|0x000000071cc00000, 0x000000071cc00000, 0x000000071ce00000|  0%| F|  |TAMS 0x000000071cc00000| PB 0x000000071cc00000| Untracked 
| 231|0x000000071ce00000, 0x000000071ce00000, 0x000000071d000000|  0%| F|  |TAMS 0x000000071ce00000| PB 0x000000071ce00000| Untracked 
| 232|0x000000071d000000, 0x000000071d000000, 0x000000071d200000|  0%| F|  |TAMS 0x000000071d000000| PB 0x000000071d000000| Untracked 
| 233|0x000000071d200000, 0x000000071d200000, 0x000000071d400000|  0%| F|  |TAMS 0x000000071d200000| PB 0x000000071d200000| Untracked 
| 234|0x000000071d400000, 0x000000071d400000, 0x000000071d600000|  0%| F|  |TAMS 0x000000071d400000| PB 0x000000071d400000| Untracked 
| 235|0x000000071d600000, 0x000000071d600000, 0x000000071d800000|  0%| F|  |TAMS 0x000000071d600000| PB 0x000000071d600000| Untracked 
| 236|0x000000071d800000, 0x000000071d800000, 0x000000071da00000|  0%| F|  |TAMS 0x000000071d800000| PB 0x000000071d800000| Untracked 
| 237|0x000000071da00000, 0x000000071da00000, 0x000000071dc00000|  0%| F|  |TAMS 0x000000071da00000| PB 0x000000071da00000| Untracked 
| 238|0x000000071dc00000, 0x000000071dc00000, 0x000000071de00000|  0%| F|  |TAMS 0x000000071dc00000| PB 0x000000071dc00000| Untracked 
| 239|0x000000071de00000, 0x000000071de00000, 0x000000071e000000|  0%| F|  |TAMS 0x000000071de00000| PB 0x000000071de00000| Untracked 
| 240|0x000000071e000000, 0x000000071e000000, 0x000000071e200000|  0%| F|  |TAMS 0x000000071e000000| PB 0x000000071e000000| Untracked 
| 241|0x000000071e200000, 0x000000071e200000, 0x000000071e400000|  0%| F|  |TAMS 0x000000071e200000| PB 0x000000071e200000| Untracked 
| 242|0x000000071e400000, 0x000000071e400000, 0x000000071e600000|  0%| F|  |TAMS 0x000000071e400000| PB 0x000000071e400000| Untracked 
| 243|0x000000071e600000, 0x000000071e600000, 0x000000071e800000|  0%| F|  |TAMS 0x000000071e600000| PB 0x000000071e600000| Untracked 
| 244|0x000000071e800000, 0x000000071e800000, 0x000000071ea00000|  0%| F|  |TAMS 0x000000071e800000| PB 0x000000071e800000| Untracked 
| 245|0x000000071ea00000, 0x000000071ea00000, 0x000000071ec00000|  0%| F|  |TAMS 0x000000071ea00000| PB 0x000000071ea00000| Untracked 
| 246|0x000000071ec00000, 0x000000071ec00000, 0x000000071ee00000|  0%| F|  |TAMS 0x000000071ec00000| PB 0x000000071ec00000| Untracked 
| 247|0x000000071ee00000, 0x000000071ee00000, 0x000000071f000000|  0%| F|  |TAMS 0x000000071ee00000| PB 0x000000071ee00000| Untracked 
| 248|0x000000071f000000, 0x000000071f000000, 0x000000071f200000|  0%| F|  |TAMS 0x000000071f000000| PB 0x000000071f000000| Untracked 
| 249|0x000000071f200000, 0x000000071f200000, 0x000000071f400000|  0%| F|  |TAMS 0x000000071f200000| PB 0x000000071f200000| Untracked 
| 250|0x000000071f400000, 0x000000071f400000, 0x000000071f600000|  0%| F|  |TAMS 0x000000071f400000| PB 0x000000071f400000| Untracked 
| 251|0x000000071f600000, 0x000000071f600000, 0x000000071f800000|  0%| F|  |TAMS 0x000000071f600000| PB 0x000000071f600000| Untracked 
| 252|0x000000071f800000, 0x000000071f800000, 0x000000071fa00000|  0%| F|  |TAMS 0x000000071f800000| PB 0x000000071f800000| Untracked 
| 253|0x000000071fa00000, 0x000000071fa00000, 0x000000071fc00000|  0%| F|  |TAMS 0x000000071fa00000| PB 0x000000071fa00000| Untracked 
| 254|0x000000071fc00000, 0x000000071fc00000, 0x000000071fe00000|  0%| F|  |TAMS 0x000000071fc00000| PB 0x000000071fc00000| Untracked 
| 255|0x000000071fe00000, 0x000000071fe00000, 0x0000000720000000|  0%| F|  |TAMS 0x000000071fe00000| PB 0x000000071fe00000| Untracked 
| 256|0x0000000720000000, 0x0000000720000000, 0x0000000720200000|  0%| F|  |TAMS 0x0000000720000000| PB 0x0000000720000000| Untracked 
| 257|0x0000000720200000, 0x0000000720200000, 0x0000000720400000|  0%| F|  |TAMS 0x0000000720200000| PB 0x0000000720200000| Untracked 
| 258|0x0000000720400000, 0x0000000720400000, 0x0000000720600000|  0%| F|  |TAMS 0x0000000720400000| PB 0x0000000720400000| Untracked 
| 259|0x0000000720600000, 0x0000000720600000, 0x0000000720800000|  0%| F|  |TAMS 0x0000000720600000| PB 0x0000000720600000| Untracked 
| 260|0x0000000720800000, 0x0000000720800000, 0x0000000720a00000|  0%| F|  |TAMS 0x0000000720800000| PB 0x0000000720800000| Untracked 
| 261|0x0000000720a00000, 0x0000000720a00000, 0x0000000720c00000|  0%| F|  |TAMS 0x0000000720a00000| PB 0x0000000720a00000| Untracked 
| 262|0x0000000720c00000, 0x0000000720c00000, 0x0000000720e00000|  0%| F|  |TAMS 0x0000000720c00000| PB 0x0000000720c00000| Untracked 
| 263|0x0000000720e00000, 0x0000000720e00000, 0x0000000721000000|  0%| F|  |TAMS 0x0000000720e00000| PB 0x0000000720e00000| Untracked 
| 264|0x0000000721000000, 0x0000000721000000, 0x0000000721200000|  0%| F|  |TAMS 0x0000000721000000| PB 0x0000000721000000| Untracked 
| 265|0x0000000721200000, 0x0000000721200000, 0x0000000721400000|  0%| F|  |TAMS 0x0000000721200000| PB 0x0000000721200000| Untracked 
| 266|0x0000000721400000, 0x0000000721400000, 0x0000000721600000|  0%| F|  |TAMS 0x0000000721400000| PB 0x0000000721400000| Untracked 
| 267|0x0000000721600000, 0x0000000721600000, 0x0000000721800000|  0%| F|  |TAMS 0x0000000721600000| PB 0x0000000721600000| Untracked 
| 268|0x0000000721800000, 0x0000000721800000, 0x0000000721a00000|  0%| F|  |TAMS 0x0000000721800000| PB 0x0000000721800000| Untracked 
| 269|0x0000000721a00000, 0x0000000721a00000, 0x0000000721c00000|  0%| F|  |TAMS 0x0000000721a00000| PB 0x0000000721a00000| Untracked 
| 270|0x0000000721c00000, 0x0000000721c00000, 0x0000000721e00000|  0%| F|  |TAMS 0x0000000721c00000| PB 0x0000000721c00000| Untracked 
| 271|0x0000000721e00000, 0x0000000721e00000, 0x0000000722000000|  0%| F|  |TAMS 0x0000000721e00000| PB 0x0000000721e00000| Untracked 
| 272|0x0000000722000000, 0x0000000722000000, 0x0000000722200000|  0%| F|  |TAMS 0x0000000722000000| PB 0x0000000722000000| Untracked 
| 273|0x0000000722200000, 0x0000000722200000, 0x0000000722400000|  0%| F|  |TAMS 0x0000000722200000| PB 0x0000000722200000| Untracked 
| 274|0x0000000722400000, 0x0000000722400000, 0x0000000722600000|  0%| F|  |TAMS 0x0000000722400000| PB 0x0000000722400000| Untracked 
| 275|0x0000000722600000, 0x0000000722600000, 0x0000000722800000|  0%| F|  |TAMS 0x0000000722600000| PB 0x0000000722600000| Untracked 
| 276|0x0000000722800000, 0x0000000722800000, 0x0000000722a00000|  0%| F|  |TAMS 0x0000000722800000| PB 0x0000000722800000| Untracked 
| 277|0x0000000722a00000, 0x0000000722a00000, 0x0000000722c00000|  0%| F|  |TAMS 0x0000000722a00000| PB 0x0000000722a00000| Untracked 
| 278|0x0000000722c00000, 0x0000000722c00000, 0x0000000722e00000|  0%| F|  |TAMS 0x0000000722c00000| PB 0x0000000722c00000| Untracked 
| 279|0x0000000722e00000, 0x0000000722e00000, 0x0000000723000000|  0%| F|  |TAMS 0x0000000722e00000| PB 0x0000000722e00000| Untracked 
| 280|0x0000000723000000, 0x0000000723000000, 0x0000000723200000|  0%| F|  |TAMS 0x0000000723000000| PB 0x0000000723000000| Untracked 
| 281|0x0000000723200000, 0x0000000723200000, 0x0000000723400000|  0%| F|  |TAMS 0x0000000723200000| PB 0x0000000723200000| Untracked 
| 282|0x0000000723400000, 0x0000000723400000, 0x0000000723600000|  0%| F|  |TAMS 0x0000000723400000| PB 0x0000000723400000| Untracked 
| 283|0x0000000723600000, 0x0000000723600000, 0x0000000723800000|  0%| F|  |TAMS 0x0000000723600000| PB 0x0000000723600000| Untracked 
| 284|0x0000000723800000, 0x0000000723800000, 0x0000000723a00000|  0%| F|  |TAMS 0x0000000723800000| PB 0x0000000723800000| Untracked 
| 285|0x0000000723a00000, 0x0000000723a00000, 0x0000000723c00000|  0%| F|  |TAMS 0x0000000723a00000| PB 0x0000000723a00000| Untracked 
| 286|0x0000000723c00000, 0x0000000723c00000, 0x0000000723e00000|  0%| F|  |TAMS 0x0000000723c00000| PB 0x0000000723c00000| Untracked 
| 287|0x0000000723e00000, 0x0000000723e00000, 0x0000000724000000|  0%| F|  |TAMS 0x0000000723e00000| PB 0x0000000723e00000| Untracked 
| 288|0x0000000724000000, 0x0000000724000000, 0x0000000724200000|  0%| F|  |TAMS 0x0000000724000000| PB 0x0000000724000000| Untracked 
| 289|0x0000000724200000, 0x0000000724200000, 0x0000000724400000|  0%| F|  |TAMS 0x0000000724200000| PB 0x0000000724200000| Untracked 
| 290|0x0000000724400000, 0x0000000724400000, 0x0000000724600000|  0%| F|  |TAMS 0x0000000724400000| PB 0x0000000724400000| Untracked 
| 291|0x0000000724600000, 0x0000000724600000, 0x0000000724800000|  0%| F|  |TAMS 0x0000000724600000| PB 0x0000000724600000| Untracked 
| 292|0x0000000724800000, 0x0000000724800000, 0x0000000724a00000|  0%| F|  |TAMS 0x0000000724800000| PB 0x0000000724800000| Untracked 
| 293|0x0000000724a00000, 0x0000000724a00000, 0x0000000724c00000|  0%| F|  |TAMS 0x0000000724a00000| PB 0x0000000724a00000| Untracked 
| 294|0x0000000724c00000, 0x0000000724c00000, 0x0000000724e00000|  0%| F|  |TAMS 0x0000000724c00000| PB 0x0000000724c00000| Untracked 
| 295|0x0000000724e00000, 0x0000000724e00000, 0x0000000725000000|  0%| F|  |TAMS 0x0000000724e00000| PB 0x0000000724e00000| Untracked 
| 296|0x0000000725000000, 0x0000000725000000, 0x0000000725200000|  0%| F|  |TAMS 0x0000000725000000| PB 0x0000000725000000| Untracked 
| 297|0x0000000725200000, 0x0000000725200000, 0x0000000725400000|  0%| F|  |TAMS 0x0000000725200000| PB 0x0000000725200000| Untracked 
| 298|0x0000000725400000, 0x0000000725400000, 0x0000000725600000|  0%| F|  |TAMS 0x0000000725400000| PB 0x0000000725400000| Untracked 
| 299|0x0000000725600000, 0x0000000725600000, 0x0000000725800000|  0%| F|  |TAMS 0x0000000725600000| PB 0x0000000725600000| Untracked 
| 300|0x0000000725800000, 0x0000000725800000, 0x0000000725a00000|  0%| F|  |TAMS 0x0000000725800000| PB 0x0000000725800000| Untracked 
| 301|0x0000000725a00000, 0x0000000725a00000, 0x0000000725c00000|  0%| F|  |TAMS 0x0000000725a00000| PB 0x0000000725a00000| Untracked 
| 302|0x0000000725c00000, 0x0000000725c00000, 0x0000000725e00000|  0%| F|  |TAMS 0x0000000725c00000| PB 0x0000000725c00000| Untracked 
| 303|0x0000000725e00000, 0x0000000725e00000, 0x0000000726000000|  0%| F|  |TAMS 0x0000000725e00000| PB 0x0000000725e00000| Untracked 
| 304|0x0000000726000000, 0x0000000726000000, 0x0000000726200000|  0%| F|  |TAMS 0x0000000726000000| PB 0x0000000726000000| Untracked 
| 305|0x0000000726200000, 0x0000000726200000, 0x0000000726400000|  0%| F|  |TAMS 0x0000000726200000| PB 0x0000000726200000| Untracked 
| 306|0x0000000726400000, 0x0000000726400000, 0x0000000726600000|  0%| F|  |TAMS 0x0000000726400000| PB 0x0000000726400000| Untracked 
| 307|0x0000000726600000, 0x0000000726600000, 0x0000000726800000|  0%| F|  |TAMS 0x0000000726600000| PB 0x0000000726600000| Untracked 
| 308|0x0000000726800000, 0x0000000726800000, 0x0000000726a00000|  0%| F|  |TAMS 0x0000000726800000| PB 0x0000000726800000| Untracked 
| 309|0x0000000726a00000, 0x0000000726a00000, 0x0000000726c00000|  0%| F|  |TAMS 0x0000000726a00000| PB 0x0000000726a00000| Untracked 
| 310|0x0000000726c00000, 0x0000000726c00000, 0x0000000726e00000|  0%| F|  |TAMS 0x0000000726c00000| PB 0x0000000726c00000| Untracked 
| 311|0x0000000726e00000, 0x0000000726e00000, 0x0000000727000000|  0%| F|  |TAMS 0x0000000726e00000| PB 0x0000000726e00000| Untracked 
| 312|0x0000000727000000, 0x0000000727000000, 0x0000000727200000|  0%| F|  |TAMS 0x0000000727000000| PB 0x0000000727000000| Untracked 
| 313|0x0000000727200000, 0x0000000727200000, 0x0000000727400000|  0%| F|  |TAMS 0x0000000727200000| PB 0x0000000727200000| Untracked 
| 314|0x0000000727400000, 0x0000000727400000, 0x0000000727600000|  0%| F|  |TAMS 0x0000000727400000| PB 0x0000000727400000| Untracked 
| 315|0x0000000727600000, 0x0000000727600000, 0x0000000727800000|  0%| F|  |TAMS 0x0000000727600000| PB 0x0000000727600000| Untracked 
| 316|0x0000000727800000, 0x0000000727800000, 0x0000000727a00000|  0%| F|  |TAMS 0x0000000727800000| PB 0x0000000727800000| Untracked 
| 317|0x0000000727a00000, 0x0000000727a00000, 0x0000000727c00000|  0%| F|  |TAMS 0x0000000727a00000| PB 0x0000000727a00000| Untracked 
| 318|0x0000000727c00000, 0x0000000727c00000, 0x0000000727e00000|  0%| F|  |TAMS 0x0000000727c00000| PB 0x0000000727c00000| Untracked 
| 319|0x0000000727e00000, 0x0000000727e00000, 0x0000000728000000|  0%| F|  |TAMS 0x0000000727e00000| PB 0x0000000727e00000| Untracked 
| 320|0x0000000728000000, 0x0000000728000000, 0x0000000728200000|  0%| F|  |TAMS 0x0000000728000000| PB 0x0000000728000000| Untracked 
| 321|0x0000000728200000, 0x0000000728200000, 0x0000000728400000|  0%| F|  |TAMS 0x0000000728200000| PB 0x0000000728200000| Untracked 
| 322|0x0000000728400000, 0x0000000728400000, 0x0000000728600000|  0%| F|  |TAMS 0x0000000728400000| PB 0x0000000728400000| Untracked 
| 323|0x0000000728600000, 0x0000000728600000, 0x0000000728800000|  0%| F|  |TAMS 0x0000000728600000| PB 0x0000000728600000| Untracked 
| 324|0x0000000728800000, 0x0000000728800000, 0x0000000728a00000|  0%| F|  |TAMS 0x0000000728800000| PB 0x0000000728800000| Untracked 
| 325|0x0000000728a00000, 0x0000000728a00000, 0x0000000728c00000|  0%| F|  |TAMS 0x0000000728a00000| PB 0x0000000728a00000| Untracked 
| 326|0x0000000728c00000, 0x0000000728c00000, 0x0000000728e00000|  0%| F|  |TAMS 0x0000000728c00000| PB 0x0000000728c00000| Untracked 
| 327|0x0000000728e00000, 0x0000000728e00000, 0x0000000729000000|  0%| F|  |TAMS 0x0000000728e00000| PB 0x0000000728e00000| Untracked 
| 328|0x0000000729000000, 0x00000007291ee470, 0x0000000729200000| 96%| S|CS|TAMS 0x0000000729000000| PB 0x0000000729000000| Complete 
| 329|0x0000000729200000, 0x0000000729200000, 0x0000000729400000|  0%| F|  |TAMS 0x0000000729200000| PB 0x0000000729200000| Untracked 
| 330|0x0000000729400000, 0x0000000729400000, 0x0000000729600000|  0%| F|  |TAMS 0x0000000729400000| PB 0x0000000729400000| Untracked 
| 331|0x0000000729600000, 0x0000000729600000, 0x0000000729800000|  0%| F|  |TAMS 0x0000000729600000| PB 0x0000000729600000| Untracked 
| 332|0x0000000729800000, 0x0000000729800000, 0x0000000729a00000|  0%| F|  |TAMS 0x0000000729800000| PB 0x0000000729800000| Untracked 
|2023|0x00000007fce00000, 0x00000007fce00000, 0x00000007fd000000|  0%| F|  |TAMS 0x00000007fce00000| PB 0x00000007fce00000| Untracked 
|2024|0x00000007fd000000, 0x00000007fd000000, 0x00000007fd200000|  0%| F|  |TAMS 0x00000007fd000000| PB 0x00000007fd000000| Untracked 
|2025|0x00000007fd200000, 0x00000007fd200000, 0x00000007fd400000|  0%| F|  |TAMS 0x00000007fd200000| PB 0x00000007fd200000| Untracked 
|2026|0x00000007fd400000, 0x00000007fd600000, 0x00000007fd600000|100%| O|  |TAMS 0x00000007fd400000| PB 0x00000007fd400000| Untracked 
|2027|0x00000007fd600000, 0x00000007fd800000, 0x00000007fd800000|100%| O|  |TAMS 0x00000007fd600000| PB 0x00000007fd600000| Untracked 
|2028|0x00000007fd800000, 0x00000007fd800000, 0x00000007fda00000|  0%| F|  |TAMS 0x00000007fd800000| PB 0x00000007fd800000| Untracked 
|2029|0x00000007fda00000, 0x00000007fda00000, 0x00000007fdc00000|  0%| F|  |TAMS 0x00000007fda00000| PB 0x00000007fda00000| Untracked 
|2030|0x00000007fdc00000, 0x00000007fdc00000, 0x00000007fde00000|  0%| F|  |TAMS 0x00000007fdc00000| PB 0x00000007fdc00000| Untracked 
|2031|0x00000007fde00000, 0x00000007fde00000, 0x00000007fe000000|  0%| F|  |TAMS 0x00000007fde00000| PB 0x00000007fde00000| Untracked 
|2032|0x00000007fe000000, 0x00000007fe000000, 0x00000007fe200000|  0%| F|  |TAMS 0x00000007fe000000| PB 0x00000007fe000000| Untracked 
|2033|0x00000007fe200000, 0x00000007fe200000, 0x00000007fe400000|  0%| F|  |TAMS 0x00000007fe200000| PB 0x00000007fe200000| Untracked 
|2034|0x00000007fe400000, 0x00000007fe400000, 0x00000007fe600000|  0%| F|  |TAMS 0x00000007fe400000| PB 0x00000007fe400000| Untracked 
|2035|0x00000007fe600000, 0x00000007fe800000, 0x00000007fe800000|100%| O|  |TAMS 0x00000007fe600000| PB 0x00000007fe600000| Untracked 
|2036|0x00000007fe800000, 0x00000007fea00000, 0x00000007fea00000|100%| O|Cm|TAMS 0x00000007fe800000| PB 0x00000007fe800000| Complete 
|2037|0x00000007fea00000, 0x00000007fec00000, 0x00000007fec00000|100%| O|  |TAMS 0x00000007fea00000| PB 0x00000007fea00000| Untracked 
|2038|0x00000007fec00000, 0x00000007fee00000, 0x00000007fee00000|100%| O|  |TAMS 0x00000007fec00000| PB 0x00000007fec00000| Untracked 
|2039|0x00000007fee00000, 0x00000007ff000000, 0x00000007ff000000|100%| O|Cm|TAMS 0x00000007fee00000| PB 0x00000007fee00000| Complete 
|2040|0x00000007ff000000, 0x00000007ff000000, 0x00000007ff200000|  0%| F|  |TAMS 0x00000007ff000000| PB 0x00000007ff000000| Untracked 
|2041|0x00000007ff200000, 0x00000007ff200000, 0x00000007ff400000|  0%| F|  |TAMS 0x00000007ff200000| PB 0x00000007ff200000| Untracked 
|2042|0x00000007ff400000, 0x00000007ff400000, 0x00000007ff600000|  0%| F|  |TAMS 0x00000007ff400000| PB 0x00000007ff400000| Untracked 
|2043|0x00000007ff600000, 0x00000007ff600000, 0x00000007ff800000|  0%| F|  |TAMS 0x00000007ff600000| PB 0x00000007ff600000| Untracked 
|2044|0x00000007ff800000, 0x00000007ffa00000, 0x00000007ffa00000|100%| O|  |TAMS 0x00000007ff800000| PB 0x00000007ff800000| Untracked 
|2045|0x00000007ffa00000, 0x00000007ffc00000, 0x00000007ffc00000|100%| O|  |TAMS 0x00000007ffa00000| PB 0x00000007ffa00000| Untracked 
|2046|0x00000007ffc00000, 0x00000007ffe00000, 0x00000007ffe00000|100%| O|  |TAMS 0x00000007ffc00000| PB 0x00000007ffc00000| Untracked 
|2047|0x00000007ffe00000, 0x0000000800000000, 0x0000000800000000|100%| O|  |TAMS 0x00000007ffe00000| PB 0x00000007ffe00000| Untracked 

Card table byte_map: [0x000001d5762a0000,0x000001d576aa0000] _byte_map_base: 0x000001d572aa0000

Marking Bits: (CMBitMap*) 0x000001d5639aaec0
 Bits: [0x000001d576aa0000, 0x000001d57aaa0000)

Polling page: 0x000001d561950000

Metaspace:

Usage:
  Non-class:    130.27 MB used.
      Class:     19.86 MB used.
       Both:    150.13 MB used.

Virtual space:
  Non-class space:      192.00 MB reserved,     131.56 MB ( 69%) committed,  3 nodes.
      Class space:        1.00 GB reserved,      21.19 MB (  2%) committed,  1 nodes.
             Both:        1.19 GB reserved,     152.75 MB ( 13%) committed. 

Chunk freelists:
   Non-Class:  11.98 MB
       Class:  10.84 MB
        Both:  22.83 MB

MaxMetaspaceSize: unlimited
CompressedClassSpaceSize: 1.00 GB
Initial GC threshold: 21.00 MB
Current GC threshold: 254.31 MB
CDS: off
 - commit_granule_bytes: 65536.
 - commit_granule_words: 8192.
 - virtual_space_node_default_size: 8388608.
 - enlarge_chunks_in_place: 1.
 - use_allocation_guard: 0.


Internal statistics:

num_allocs_failed_limit: 14.
num_arena_births: 5032.
num_arena_deaths: 4.
num_vsnodes_births: 4.
num_vsnodes_deaths: 0.
num_space_committed: 2443.
num_space_uncommitted: 0.
num_chunks_returned_to_freelist: 19.
num_chunks_taken_from_freelist: 11844.
num_chunk_merges: 14.
num_chunk_splits: 7685.
num_chunks_enlarged: 4805.
num_inconsistent_stats: 0.

CodeHeap 'non-profiled nmethods': size=120000Kb used=18688Kb max_used=19532Kb free=101311Kb
 bounds [0x000001d56e570000, 0x000001d56f890000, 0x000001d575aa0000]
CodeHeap 'profiled nmethods': size=120000Kb used=46520Kb max_used=48719Kb free=73479Kb
 bounds [0x000001d566aa0000, 0x000001d569a40000, 0x000001d56dfd0000]
CodeHeap 'non-nmethods': size=5760Kb used=3022Kb max_used=3162Kb free=2737Kb
 bounds [0x000001d56dfd0000, 0x000001d56e300000, 0x000001d56e570000]
 total_blobs=24217 nmethods=23122 adapters=998
 compilation: enabled
              stopped_count=0, restarted_count=0
 full_count=0

Compilation events (20 events):
Event: 664.221 Thread 0x000001d57d134630 nmethod 27390 0x000001d567b53d90 code [0x000001d567b53f20, 0x000001d567b54028]
Event: 664.228 Thread 0x000001d57d134630 27392       2       com.android.tools.r8.internal.RU::a (53 bytes)
Event: 664.228 Thread 0x000001d57d134630 nmethod 27392 0x000001d56786c090 code [0x000001d56786c280, 0x000001d56786c670]
Event: 664.236 Thread 0x000001d57d134630 27393       2       com.android.tools.r8.internal.M7::a (200 bytes)
Event: 664.238 Thread 0x000001d57d134630 nmethod 27393 0x000001d568437e90 code [0x000001d568438160, 0x000001d568438a00]
Event: 664.243 Thread 0x000001d57d134630 27394       3       com.android.tools.r8.internal.kp::a (16 bytes)
Event: 664.243 Thread 0x000001d57d134630 nmethod 27394 0x000001d567fe0990 code [0x000001d567fe0b60, 0x000001d567fe0f08]
Event: 664.247 Thread 0x000001d57f6fa080 nmethod 27374 0x000001d56e815190 code [0x000001d56e8154e0, 0x000001d56e817000]
Event: 664.248 Thread 0x000001d57f6fa080 27395       4       com.android.tools.r8.internal.BH::putAll (107 bytes)
Event: 664.250 Thread 0x000001d57d134630 27396 %     3       com.android.tools.r8.internal.WR::b @ 33 (112 bytes)
Event: 664.251 Thread 0x000001d57d134630 nmethod 27396% 0x000001d5673f1190 code [0x000001d5673f14a0, 0x000001d5673f2a28]
Event: 664.257 Thread 0x000001d57d134630 27397       3       com.android.tools.build.apkzlib.zip.StoredEntry::readLocalHeader (423 bytes)
Event: 664.260 Thread 0x000001d57d134630 nmethod 27397 0x000001d5681af190 code [0x000001d5681af6c0, 0x000001d5681b2198]
Event: 664.262 Thread 0x000001d57d134630 27398       2       com.android.builder.merge.DelegateIncrementalFileMergerInput::getName (10 bytes)
Event: 664.263 Thread 0x000001d57d134630 nmethod 27398 0x000001d5684d2090 code [0x000001d5684d2240, 0x000001d5684d2378]
Event: 664.269 Thread 0x000001d57d134630 27399       2       com.android.tools.r8.internal.W::a (38 bytes)
Event: 664.269 Thread 0x000001d57d134630 nmethod 27399 0x000001d566deb510 code [0x000001d566deb700, 0x000001d566deb9b8]
Event: 664.273 Thread 0x000001d57d134630 27400       2       com.android.tools.r8.internal.E00::u0 (2 bytes)
Event: 664.273 Thread 0x000001d57d134630 nmethod 27400 0x000001d56802c790 code [0x000001d56802c920, 0x000001d56802ca28]
Event: 664.274 Thread 0x000001d57d134630 27401       2       com.android.tools.r8.internal.vx::a (652 bytes)

GC Heap History (20 events):
Event: 57.485 GC heap after
{Heap after GC invocations=58 (full 0):
 garbage-first heap   total 733184K, used 329728K [0x0000000700000000, 0x0000000800000000)
  region size 2048K, 13 young (26624K), 13 survivors (26624K)
 Metaspace       used 132869K, committed 135296K, reserved 1179648K
  class space    used 18200K, committed 19392K, reserved 1048576K
}
Event: 60.081 GC heap before
{Heap before GC invocations=58 (full 0):
 garbage-first heap   total 733184K, used 534528K [0x0000000700000000, 0x0000000800000000)
  region size 2048K, 112 young (229376K), 13 survivors (26624K)
 Metaspace       used 136565K, committed 138944K, reserved 1179648K
  class space    used 18477K, committed 19648K, reserved 1048576K
}
Event: 60.162 GC heap after
{Heap after GC invocations=59 (full 0):
 garbage-first heap   total 733184K, used 342016K [0x0000000700000000, 0x0000000800000000)
  region size 2048K, 5 young (10240K), 5 survivors (10240K)
 Metaspace       used 136565K, committed 138944K, reserved 1179648K
  class space    used 18477K, committed 19648K, reserved 1048576K
}
Event: 63.176 GC heap before
{Heap before GC invocations=59 (full 0):
 garbage-first heap   total 733184K, used 583680K [0x0000000700000000, 0x0000000800000000)
  region size 2048K, 118 young (241664K), 5 survivors (10240K)
 Metaspace       used 140962K, committed 143424K, reserved 1179648K
  class space    used 19015K, committed 20288K, reserved 1048576K
}
Event: 63.234 GC heap after
{Heap after GC invocations=60 (full 0):
 garbage-first heap   total 733184K, used 368576K [0x0000000700000000, 0x0000000800000000)
  region size 2048K, 12 young (24576K), 12 survivors (24576K)
 Metaspace       used 140962K, committed 143424K, reserved 1179648K
  class space    used 19015K, committed 20288K, reserved 1048576K
}
Event: 63.463 GC heap before
{Heap before GC invocations=60 (full 0):
 garbage-first heap   total 733184K, used 382912K [0x0000000700000000, 0x0000000800000000)
  region size 2048K, 21 young (43008K), 12 survivors (24576K)
 Metaspace       used 141029K, committed 143552K, reserved 1179648K
  class space    used 19023K, committed 20288K, reserved 1048576K
}
Event: 63.507 GC heap after
{Heap after GC invocations=61 (full 0):
 garbage-first heap   total 733184K, used 375082K [0x0000000700000000, 0x0000000800000000)
  region size 2048K, 12 young (24576K), 12 survivors (24576K)
 Metaspace       used 141029K, committed 143552K, reserved 1179648K
  class space    used 19023K, committed 20288K, reserved 1048576K
}
Event: 66.149 GC heap before
{Heap before GC invocations=62 (full 0):
 garbage-first heap   total 733184K, used 581930K [0x0000000700000000, 0x0000000800000000)
  region size 2048K, 103 young (210944K), 12 survivors (24576K)
 Metaspace       used 141612K, committed 144128K, reserved 1179648K
  class space    used 19102K, committed 20352K, reserved 1048576K
}
Event: 66.177 GC heap after
{Heap after GC invocations=63 (full 0):
 garbage-first heap   total 733184K, used 392069K [0x0000000700000000, 0x0000000800000000)
  region size 2048K, 6 young (12288K), 6 survivors (12288K)
 Metaspace       used 141612K, committed 144128K, reserved 1179648K
  class space    used 19102K, committed 20352K, reserved 1048576K
}
Event: 378.000 GC heap before
{Heap before GC invocations=63 (full 0):
 garbage-first heap   total 733184K, used 588677K [0x0000000700000000, 0x0000000800000000)
  region size 2048K, 102 young (208896K), 6 survivors (12288K)
 Metaspace       used 143976K, committed 146496K, reserved 1179648K
  class space    used 19358K, committed 20608K, reserved 1048576K
}
Event: 378.554 GC heap after
{Heap after GC invocations=64 (full 0):
 garbage-first heap   total 733184K, used 355010K [0x0000000700000000, 0x0000000800000000)
  region size 2048K, 6 young (12288K), 6 survivors (12288K)
 Metaspace       used 143976K, committed 146496K, reserved 1179648K
  class space    used 19358K, committed 20608K, reserved 1048576K
}
Event: 615.440 GC heap before
{Heap before GC invocations=64 (full 0):
 garbage-first heap   total 733184K, used 590530K [0x0000000700000000, 0x0000000800000000)
  region size 2048K, 122 young (249856K), 6 survivors (12288K)
 Metaspace       used 144706K, committed 147264K, reserved 1179648K
  class space    used 19371K, committed 20672K, reserved 1048576K
}
Event: 615.524 GC heap after
{Heap after GC invocations=65 (full 0):
 garbage-first heap   total 733184K, used 362562K [0x0000000700000000, 0x0000000800000000)
  region size 2048K, 10 young (20480K), 10 survivors (20480K)
 Metaspace       used 144706K, committed 147264K, reserved 1179648K
  class space    used 19371K, committed 20672K, reserved 1048576K
}
Event: 657.502 GC heap before
{Heap before GC invocations=65 (full 0):
 garbage-first heap   total 733184K, used 620610K [0x0000000700000000, 0x0000000800000000)
  region size 2048K, 137 young (280576K), 10 survivors (20480K)
 Metaspace       used 152749K, committed 155328K, reserved 1245184K
  class space    used 20302K, committed 21632K, reserved 1048576K
}
Event: 657.677 GC heap after
{Heap after GC invocations=66 (full 0):
 garbage-first heap   total 733184K, used 384423K [0x0000000700000000, 0x0000000800000000)
  region size 2048K, 18 young (36864K), 18 survivors (36864K)
 Metaspace       used 152749K, committed 155328K, reserved 1245184K
  class space    used 20302K, committed 21632K, reserved 1048576K
}
Event: 662.599 GC heap before
{Heap before GC invocations=67 (full 0):
 garbage-first heap   total 733184K, used 472487K [0x0000000700000000, 0x0000000800000000)
  region size 2048K, 77 young (157696K), 18 survivors (36864K)
 Metaspace       used 153655K, committed 156352K, reserved 1245184K
  class space    used 20333K, committed 21696K, reserved 1048576K
}
Event: 662.892 GC heap after
{Heap after GC invocations=68 (full 0):
 garbage-first heap   total 733184K, used 363008K [0x0000000700000000, 0x0000000800000000)
  region size 2048K, 6 young (12288K), 6 survivors (12288K)
 Metaspace       used 153655K, committed 156352K, reserved 1245184K
  class space    used 20333K, committed 21696K, reserved 1048576K
}
Event: 663.935 GC heap before
{Heap before GC invocations=68 (full 0):
 garbage-first heap   total 733184K, used 385536K [0x0000000700000000, 0x0000000800000000)
  region size 2048K, 17 young (34816K), 6 survivors (12288K)
 Metaspace       used 153672K, committed 156352K, reserved 1245184K
  class space    used 20333K, committed 21696K, reserved 1048576K
}
Event: 663.967 GC heap after
{Heap after GC invocations=69 (full 0):
 garbage-first heap   total 733184K, used 351953K [0x0000000700000000, 0x0000000800000000)
  region size 2048K, 2 young (4096K), 2 survivors (4096K)
 Metaspace       used 153672K, committed 156352K, reserved 1245184K
  class space    used 20333K, committed 21696K, reserved 1048576K
}
Event: 664.279 GC heap before
{Heap before GC invocations=69 (full 0):
 garbage-first heap   total 733184K, used 382673K [0x0000000700000000, 0x0000000800000000)
  region size 2048K, 17 young (34816K), 2 survivors (4096K)
 Metaspace       used 153736K, committed 156416K, reserved 1245184K
  class space    used 20339K, committed 21696K, reserved 1048576K
}

Dll operation events (3 events):
Event: 0.019 Loaded shared library D:\SEMESTER 7\SMDD\Android_Studio\jbr\bin\java.dll
Event: 0.029 Loaded shared library D:\SEMESTER 7\SMDD\Android_Studio\jbr\bin\zip.dll
Event: 1.511 Loaded shared library D:\SEMESTER 7\SMDD\Android_Studio\jbr\bin\verify.dll

Deoptimization events (20 events):
Event: 664.015 Thread 0x000001d50e2d3b30 DEOPT PACKING pc=0x000001d56ecfea78 sp=0x000000a183afc290
Event: 664.015 Thread 0x000001d50e2d3b30 DEOPT UNPACKING pc=0x000001d56e0246a2 sp=0x000000a183afc210 mode 2
Event: 664.081 Thread 0x000001d50e2d3b30 DEOPT PACKING pc=0x000001d569750316 sp=0x000000a183afc750
Event: 664.081 Thread 0x000001d50e2d3b30 DEOPT UNPACKING pc=0x000001d56e024e42 sp=0x000000a183afbf68 mode 0
Event: 664.255 Thread 0x000001d50e2d7cd0 Uncommon trap: trap_request=0xffffff45 fr.pc=0x000001d56f6e8f90 relative=0x0000000000003430
Event: 664.255 Thread 0x000001d50e2d7cd0 Uncommon trap: reason=unstable_if action=reinterpret pc=0x000001d56f6e8f90 method=com.android.tools.build.apkzlib.zip.CentralDirectory.readEntry(Ljava/nio/ByteBuffer;Lcom/android/tools/build/apkzlib/bytestorage/ByteStorage;)V @ 133 c2
Event: 664.256 Thread 0x000001d50e2d7cd0 DEOPT PACKING pc=0x000001d56f6e8f90 sp=0x000000a1830fdfb0
Event: 664.256 Thread 0x000001d50e2d7cd0 DEOPT UNPACKING pc=0x000001d56e0246a2 sp=0x000000a1830fdee8 mode 2
Event: 664.259 Thread 0x000001d50e2d7cd0 Uncommon trap: trap_request=0xffffff45 fr.pc=0x000001d56f71a23c relative=0x000000000000313c
Event: 664.259 Thread 0x000001d50e2d7cd0 Uncommon trap: reason=unstable_if action=reinterpret pc=0x000001d56f71a23c method=java.util.TreeMap.remove(Ljava/lang/Object;)Ljava/lang/Object; @ 7 c2
Event: 664.259 Thread 0x000001d50e2d7cd0 DEOPT PACKING pc=0x000001d56f71a23c sp=0x000000a1830fe130
Event: 664.259 Thread 0x000001d50e2d7cd0 DEOPT UNPACKING pc=0x000001d56e0246a2 sp=0x000000a1830fdf60 mode 2
Event: 664.259 Thread 0x000001d50e2d7cd0 Uncommon trap: trap_request=0xffffff45 fr.pc=0x000001d56f6c5794 relative=0x0000000000000534
Event: 664.259 Thread 0x000001d50e2d7cd0 Uncommon trap: reason=unstable_if action=reinterpret pc=0x000001d56f6c5794 method=java.util.TreeMap.remove(Ljava/lang/Object;)Ljava/lang/Object; @ 7 c2
Event: 664.259 Thread 0x000001d50e2d7cd0 DEOPT PACKING pc=0x000001d56f6c5794 sp=0x000000a1830fdfb0
Event: 664.259 Thread 0x000001d50e2d7cd0 DEOPT UNPACKING pc=0x000001d56e0246a2 sp=0x000000a1830fdf50 mode 2
Event: 664.259 Thread 0x000001d50e2d7cd0 Uncommon trap: trap_request=0xffffffde fr.pc=0x000001d56f2f0b40 relative=0x0000000000000300
Event: 664.259 Thread 0x000001d50e2d7cd0 Uncommon trap: reason=class_check action=maybe_recompile pc=0x000001d56f2f0b40 method=java.util.ArrayList.equals(Ljava/lang/Object;)Z @ 8 c2
Event: 664.259 Thread 0x000001d50e2d7cd0 DEOPT PACKING pc=0x000001d56f2f0b40 sp=0x000000a1830fe4c0
Event: 664.259 Thread 0x000001d50e2d7cd0 DEOPT UNPACKING pc=0x000001d56e0246a2 sp=0x000000a1830fe470 mode 2

Classes loaded (20 events):
Event: 653.574 Loading class java/util/zip/ZipOutputStream
Event: 653.586 Loading class java/util/zip/ZipOutputStream done
Event: 654.016 Loading class sun/nio/cs/US_ASCII$Decoder
Event: 654.017 Loading class sun/nio/cs/US_ASCII$Decoder done
Event: 654.269 Loading class java/util/concurrent/RejectedExecutionException
Event: 654.270 Loading class java/util/concurrent/RejectedExecutionException done
Event: 656.094 Loading class java/util/IdentityHashMap$EntrySpliterator
Event: 656.095 Loading class java/util/IdentityHashMap$IdentityHashMapSpliterator
Event: 656.095 Loading class java/util/IdentityHashMap$IdentityHashMapSpliterator done
Event: 656.095 Loading class java/util/IdentityHashMap$EntrySpliterator done
Event: 656.394 Loading class java/util/SortedSet$1
Event: 656.395 Loading class java/util/SortedSet$1 done
Event: 659.680 Loading class java/util/zip/ZipOutputStream$XEntry
Event: 659.680 Loading class java/util/zip/ZipOutputStream$XEntry done
Event: 659.698 Loading class java/util/Vector$Itr
Event: 659.699 Loading class java/util/Vector$Itr done
Event: 664.261 Loading class java/util/stream/ReferencePipeline$15
Event: 664.262 Loading class java/util/stream/ReferencePipeline$15 done
Event: 664.262 Loading class java/util/stream/ReferencePipeline$15$1
Event: 664.262 Loading class java/util/stream/ReferencePipeline$15$1 done

Classes unloaded (2 events):
Event: 53.465 Thread 0x000001d57cf63000 Unloading class 0x00000008011e8400 'java/lang/invoke/LambdaForm$DMH+0x00000008011e8400'
Event: 661.185 Thread 0x000001d57cf63000 Unloading class 0x0000000801350400 'java/lang/invoke/LambdaForm$DMH+0x0000000801350400'

Classes redefined (0 events):
No events

Internal exceptions (20 events):
Event: 651.922 Thread 0x000001d505862ad0 Exception <a 'sun/nio/fs/WindowsException'{0x0000000726ed19a0}> (0x0000000726ed19a0) 
thrown [s\src\hotspot\share\prims\jni.cpp, line 535]
Event: 653.184 Thread 0x000001d505862ad0 Exception <a 'java/lang/NoSuchMethodError'{0x00000007252730a0}: static Lcom/android/build/gradle/internal/tasks/MergeJavaResWorkAction$SourcedInput;.<clinit>()V> (0x00000007252730a0) 
thrown [s\src\hotspot\share\prims\jni.cpp, line 1139]
Event: 653.630 Thread 0x000001d50585dc10 Exception <a 'sun/nio/fs/WindowsException'{0x000000072453bea8}> (0x000000072453bea8) 
thrown [s\src\hotspot\share\prims\jni.cpp, line 535]
Event: 653.962 Thread 0x000001d50585dc10 Exception <a 'java/lang/NoSuchMethodError'{0x00000007241d1420}: static Lcom/android/build/gradle/internal/tasks/DexArchiveBuilderTaskDelegate$ClasspathServiceKey;.<clinit>()V> (0x00000007241d1420) 
thrown [s\src\hotspot\share\prims\jni.cpp, line 1139]
Event: 654.502 Thread 0x000001d50e2d8360 Exception <a 'java/lang/NoSuchMethodError'{0x00000007228e3e78}: 'void java.lang.invoke.DirectMethodHandle$Holder.invokeStatic(java.lang.Object, java.lang.Object, java.lang.Object, int, java.lang.Object, java.lang.Object, java.lang.Object, java.lang.Object)'> (0x00000007228e3e78) 
thrown [s\src\hotspot\share\interpreter\linkResolver.cpp, line 784]
Event: 654.504 Thread 0x000001d50e2d3b30 Exception <a 'java/lang/NoSuchMethodError'{0x0000000722baad28}: 'void java.lang.invoke.DirectMethodHandle$Holder.invokeStatic(java.lang.Object, java.lang.Object, java.lang.Object, int, java.lang.Object, java.lang.Object, java.lang.Object, java.lang.Object)'> (0x0000000722baad28) 
thrown [s\src\hotspot\share\interpreter\linkResolver.cpp, line 784]
Event: 655.047 Thread 0x000001d50e2d41c0 Exception <a 'java/lang/NoSuchMethodError'{0x0000000720dd1110}: 'java.lang.Object java.lang.invoke.DirectMethodHandle$Holder.invokeStatic(java.lang.Object, int, java.lang.Object, java.lang.Object)'> (0x0000000720dd1110) 
thrown [s\src\hotspot\share\interpreter\linkResolver.cpp, line 784]
Event: 655.143 Thread 0x000001d50e2d41c0 Exception <a 'java/lang/NoSuchMethodError'{0x0000000720bd9a78}: 'java.lang.Object java.lang.invoke.DirectMethodHandle$Holder.invokeStatic(java.lang.Object, java.lang.Object, int, java.lang.Object, java.lang.Object)'> (0x0000000720bd9a78) 
thrown [s\src\hotspot\share\interpreter\linkResolver.cpp, line 784]
Event: 656.007 Thread 0x000001d50e2d3b30 Exception <a 'java/lang/NoSuchMethodError'{0x000000071e7b8168}: 'void java.lang.invoke.DirectMethodHandle$Holder.invokeSpecial(java.lang.Object, java.lang.Object, int, java.lang.Object)'> (0x000000071e7b8168) 
thrown [s\src\hotspot\share\interpreter\linkResolver.cpp, line 784]
Event: 656.007 Thread 0x000001d50e2d8360 Exception <a 'java/lang/NoSuchMethodError'{0x000000071e903920}: 'void java.lang.invoke.DirectMethodHandle$Holder.invokeSpecial(java.lang.Object, java.lang.Object, int, java.lang.Object)'> (0x000000071e903920) 
thrown [s\src\hotspot\share\interpreter\linkResolver.cpp, line 784]
Event: 656.289 Thread 0x000001d50e2d41c0 Exception <a 'java/lang/NoSuchMethodError'{0x000000071dc76a18}: 'int java.lang.invoke.DirectMethodHandle$Holder.invokeSpecial(java.lang.Object, java.lang.Object, java.lang.Object, int, java.lang.Object)'> (0x000000071dc76a18) 
thrown [s\src\hotspot\share\interpreter\linkResolver.cpp, line 784]
Event: 656.289 Thread 0x000001d50e2d3b30 Exception <a 'java/lang/NoSuchMethodError'{0x000000071dc99588}: 'int java.lang.invoke.DirectMethodHandle$Holder.invokeSpecial(java.lang.Object, java.lang.Object, java.lang.Object, int, java.lang.Object)'> (0x000000071dc99588) 
thrown [s\src\hotspot\share\interpreter\linkResolver.cpp, line 784]
Event: 656.306 Thread 0x000001d50e2d8360 Exception <a 'java/lang/NoSuchMethodError'{0x000000071dc45da0}: 'int java.lang.invoke.DirectMethodHandle$Holder.invokeSpecial(java.lang.Object, java.lang.Object, java.lang.Object, int, java.lang.Object)'> (0x000000071dc45da0) 
thrown [s\src\hotspot\share\interpreter\linkResolver.cpp, line 784]
Event: 656.378 Thread 0x000001d50e2d3b30 Exception <a 'java/lang/NoSuchMethodError'{0x000000071dab5a80}: 'void java.lang.invoke.DirectMethodHandle$Holder.invokeVirtual(java.lang.Object, java.lang.Object, int)'> (0x000000071dab5a80) 
thrown [s\src\hotspot\share\interpreter\linkResolver.cpp, line 784]
Event: 656.674 Thread 0x000001d50e2d3b30 Exception <a 'java/lang/NoSuchMethodError'{0x000000071ce70520}: 'int java.lang.invoke.DirectMethodHandle$Holder.invokeInterface(java.lang.Object, java.lang.Object, int)'> (0x000000071ce70520) 
thrown [s\src\hotspot\share\interpreter\linkResolver.cpp, line 784]
Event: 656.723 Thread 0x000001d50e2d3b30 Exception <a 'java/lang/NoSuchMethodError'{0x000000071ccec618}: 'void java.lang.invoke.DirectMethodHandle$Holder.invokeStatic(java.lang.Object, int)'> (0x000000071ccec618) 
thrown [s\src\hotspot\share\interpreter\linkResolver.cpp, line 784]
Event: 656.983 Thread 0x000001d50e2d8360 Exception <a 'java/lang/NoSuchMethodError'{0x000000071c0200b0}: 'java.lang.Object java.lang.invoke.DirectMethodHandle$Holder.invokeInterface(java.lang.Object, java.lang.Object, int)'> (0x000000071c0200b0) 
thrown [s\src\hotspot\share\interpreter\linkResolver.cpp, line 784]
Event: 657.054 Thread 0x000001d50e2d3b30 Exception <a 'java/lang/NoSuchMethodError'{0x000000071be5b280}: 'long java.lang.invoke.DirectMethodHandle$Holder.invokeStatic(java.lang.Object, java.lang.Object)'> (0x000000071be5b280) 
thrown [s\src\hotspot\share\interpreter\linkResolver.cpp, line 784]
Event: 659.159 Thread 0x000001d50e2d41c0 Implicit null exception at 0x000001d56ed6d5e0 to 0x000001d56ed6df92
Event: 664.259 Thread 0x000001d50e2d7cd0 Implicit null exception at 0x000001d56f71756b to 0x000001d56f71a228

ZGC Phase Switch (0 events):
No events

VM Operations (20 events):
Event: 659.388 Executing VM operation: ICBufferFull done
Event: 659.812 Executing VM operation: ICBufferFull
Event: 659.816 Executing VM operation: ICBufferFull done
Event: 660.817 Executing VM operation: Cleanup
Event: 660.817 Executing VM operation: Cleanup done
Event: 661.022 Executing VM operation: G1TryInitiateConcMark (CodeCache GC Threshold)
Event: 661.029 Executing VM operation: G1TryInitiateConcMark (CodeCache GC Threshold) done
Event: 661.177 Executing VM operation: G1PauseRemark
Event: 661.557 Executing VM operation: G1PauseRemark done
Event: 661.890 Executing VM operation: HandshakeAllThreads (HandshakeForDeflation)
Event: 661.927 Executing VM operation: HandshakeAllThreads (HandshakeForDeflation) done
Event: 661.927 Executing VM operation: RendezvousGCThreads
Event: 661.928 Executing VM operation: RendezvousGCThreads done
Event: 662.406 Executing VM operation: G1PauseCleanup
Event: 662.414 Executing VM operation: G1PauseCleanup done
Event: 662.596 Executing VM operation: G1CollectForAllocation (G1 Evacuation Pause)
Event: 662.892 Executing VM operation: G1CollectForAllocation (G1 Evacuation Pause) done
Event: 663.935 Executing VM operation: G1CollectForAllocation (G1 Evacuation Pause)
Event: 663.967 Executing VM operation: G1CollectForAllocation (G1 Evacuation Pause) done
Event: 664.276 Executing VM operation: G1CollectForAllocation (G1 Evacuation Pause)

Memory protections (0 events):
No events

Nmethod flushes (20 events):
Event: 661.553 Thread 0x000001d57cf63000 flushing  nmethod 0x000001d5686ebd90
Event: 661.553 Thread 0x000001d57cf63000 flushing osr nmethod 0x000001d5686f2910
Event: 661.553 Thread 0x000001d57cf63000 flushing  nmethod 0x000001d5686f3d90
Event: 661.553 Thread 0x000001d57cf63000 flushing  nmethod 0x000001d5686f5090
Event: 661.553 Thread 0x000001d57cf63000 flushing  nmethod 0x000001d5686f5990
Event: 661.553 Thread 0x000001d57cf63000 flushing  nmethod 0x000001d5686f5e10
Event: 661.553 Thread 0x000001d57cf63000 flushing  nmethod 0x000001d568782710
Event: 661.553 Thread 0x000001d57cf63000 flushing  nmethod 0x000001d568782c90
Event: 661.553 Thread 0x000001d57cf63000 flushing  nmethod 0x000001d568783c90
Event: 661.553 Thread 0x000001d57cf63000 flushing  nmethod 0x000001d5687f6e10
Event: 661.553 Thread 0x000001d57cf63000 flushing  nmethod 0x000001d568819210
Event: 661.553 Thread 0x000001d57cf63000 flushing  nmethod 0x000001d568819710
Event: 661.553 Thread 0x000001d57cf63000 flushing  nmethod 0x000001d56881d310
Event: 661.553 Thread 0x000001d57cf63000 flushing  nmethod 0x000001d56881dd90
Event: 661.553 Thread 0x000001d57cf63000 flushing  nmethod 0x000001d56881ec90
Event: 661.553 Thread 0x000001d57cf63000 flushing  nmethod 0x000001d56881f410
Event: 661.553 Thread 0x000001d57cf63000 flushing  nmethod 0x000001d56881f910
Event: 661.553 Thread 0x000001d57cf63000 flushing  nmethod 0x000001d56882e710
Event: 661.553 Thread 0x000001d57cf63000 flushing  nmethod 0x000001d568830490
Event: 661.553 Thread 0x000001d57cf63000 flushing osr nmethod 0x000001d568847b90

Events (20 events):
Event: 616.875 Thread 0x000001d505862ad0 Thread added: 0x000001d50e2d7cd0
Event: 617.038 Thread 0x000001d505862440 Thread added: 0x000001d50e2d4ee0
Event: 617.039 Thread 0x000001d505862440 Thread added: 0x000001d50e2d6290
Event: 617.040 Thread 0x000001d505862440 Thread added: 0x000001d50e2d1a60
Event: 617.246 Thread 0x000001d50e2d7cd0 Thread added: 0x000001d50e2d20f0
Event: 617.269 Thread 0x000001d507dd9910 Thread exited: 0x000001d507dd9910
Event: 617.289 Thread 0x000001d50ff12510 Thread added: 0x000001d50e2d2780
Event: 652.068 Thread 0x000001d505862ad0 Thread added: 0x000001d50e2d2e10
Event: 652.068 Thread 0x000001d505862ad0 Thread added: 0x000001d50e2d4850
Event: 652.069 Thread 0x000001d505862ad0 Thread added: 0x000001d50e2d6fb0
Event: 653.190 Thread 0x000001d505862ad0 Thread added: 0x000001d50e2d8360
Event: 653.300 Thread 0x000001d57d134630 Thread added: 0x000001d57f6f8c10
Event: 653.970 Thread 0x000001d50585dc10 Thread added: 0x000001d50e2d3b30
Event: 653.975 Thread 0x000001d50585dc10 Thread added: 0x000001d50e2d41c0
Event: 653.998 Thread 0x000001d50585dc10 Thread added: 0x000001d5046547e0
Event: 658.215 Thread 0x000001d50e2d20f0 Thread exited: 0x000001d50e2d20f0
Event: 658.821 Thread 0x000001d57f6f8c10 Thread exited: 0x000001d57f6f8c10
Event: 659.199 Thread 0x000001d57d134630 Thread added: 0x000001d57f6fa080
Event: 661.674 Thread 0x000001d50ff13f50 Thread exited: 0x000001d50ff13f50
Event: 661.919 Thread 0x000001d50e2d41c0 Thread exited: 0x000001d50e2d41c0


Dynamic libraries:
0x00007ff6e9050000 - 0x00007ff6e905a000 	D:\SEMESTER 7\SMDD\Android_Studio\jbr\bin\java.exe
0x00007ffe8be10000 - 0x00007ffe8c008000 	C:\Windows\SYSTEM32\ntdll.dll
0x00007ffe89ff0000 - 0x00007ffe8a0b2000 	C:\Windows\System32\KERNEL32.DLL
0x00007ffe89870000 - 0x00007ffe89b66000 	C:\Windows\System32\KERNELBASE.dll
0x00007ffe89540000 - 0x00007ffe89640000 	C:\Windows\System32\ucrtbase.dll
0x00007ffe81260000 - 0x00007ffe8127b000 	D:\SEMESTER 7\SMDD\Android_Studio\jbr\bin\VCRUNTIME140.dll
0x00007ffe7f7a0000 - 0x00007ffe7f7b8000 	D:\SEMESTER 7\SMDD\Android_Studio\jbr\bin\jli.dll
0x00007ffe8b380000 - 0x00007ffe8b521000 	C:\Windows\System32\USER32.dll
0x00007ffe89c20000 - 0x00007ffe89c42000 	C:\Windows\System32\win32u.dll
0x00007ffe73330000 - 0x00007ffe735cb000 	C:\Windows\WinSxS\amd64_microsoft.windows.common-controls_6595b64144ccf1df_6.0.19041.6456_none_60b8a6cb71f64256\COMCTL32.dll
0x00007ffe8af70000 - 0x00007ffe8af9b000 	C:\Windows\System32\GDI32.dll
0x00007ffe89e30000 - 0x00007ffe89ece000 	C:\Windows\System32\msvcrt.dll
0x00007ffe89c50000 - 0x00007ffe89d69000 	C:\Windows\System32\gdi32full.dll
0x00007ffe894a0000 - 0x00007ffe8953d000 	C:\Windows\System32\msvcp_win.dll
0x00007ffe8a2d0000 - 0x00007ffe8a2ff000 	C:\Windows\System32\IMM32.DLL
0x00007ffe80cb0000 - 0x00007ffe80cbc000 	D:\SEMESTER 7\SMDD\Android_Studio\jbr\bin\vcruntime140_1.dll
0x00007ffe5cd60000 - 0x00007ffe5cded000 	D:\SEMESTER 7\SMDD\Android_Studio\jbr\bin\msvcp140.dll
0x00007ffe3f9f0000 - 0x00007ffe4067b000 	D:\SEMESTER 7\SMDD\Android_Studio\jbr\bin\server\jvm.dll
0x00007ffe8bd00000 - 0x00007ffe8bdb1000 	C:\Windows\System32\ADVAPI32.dll
0x00007ffe89f50000 - 0x00007ffe89fef000 	C:\Windows\System32\sechost.dll
0x00007ffe8a300000 - 0x00007ffe8a420000 	C:\Windows\System32\RPCRT4.dll
0x00007ffe89e00000 - 0x00007ffe89e27000 	C:\Windows\System32\bcrypt.dll
0x00007ffe8ad40000 - 0x00007ffe8adab000 	C:\Windows\System32\WS2_32.dll
0x00007ffe89300000 - 0x00007ffe8934b000 	C:\Windows\SYSTEM32\POWRPROF.dll
0x00007ffe735e0000 - 0x00007ffe73607000 	C:\Windows\SYSTEM32\WINMM.dll
0x00007ffe7b180000 - 0x00007ffe7b18a000 	C:\Windows\SYSTEM32\VERSION.dll
0x00007ffe892e0000 - 0x00007ffe892f2000 	C:\Windows\SYSTEM32\UMPDC.dll
0x00007ffe87c70000 - 0x00007ffe87c82000 	C:\Windows\SYSTEM32\kernel.appcore.dll
0x00007ffe80ca0000 - 0x00007ffe80caa000 	D:\SEMESTER 7\SMDD\Android_Studio\jbr\bin\jimage.dll
0x00007ffe83170000 - 0x00007ffe83371000 	C:\Windows\SYSTEM32\DBGHELP.DLL
0x00007ffe6d9e0000 - 0x00007ffe6da14000 	C:\Windows\SYSTEM32\dbgcore.DLL
0x00007ffe89d70000 - 0x00007ffe89df2000 	C:\Windows\System32\bcryptPrimitives.dll
0x00007ffe81950000 - 0x00007ffe8195e000 	D:\SEMESTER 7\SMDD\Android_Studio\jbr\bin\instrument.dll
0x00007ffe80c80000 - 0x00007ffe80ca0000 	D:\SEMESTER 7\SMDD\Android_Studio\jbr\bin\java.dll
0x00007ffe806e0000 - 0x00007ffe806f8000 	D:\SEMESTER 7\SMDD\Android_Studio\jbr\bin\zip.dll
0x00007ffe8a420000 - 0x00007ffe8ab90000 	C:\Windows\System32\SHELL32.dll
0x00007ffe86f20000 - 0x00007ffe876c5000 	C:\Windows\SYSTEM32\windows.storage.dll
0x00007ffe8b9a0000 - 0x00007ffe8bcf4000 	C:\Windows\System32\combase.dll
0x00007ffe88d10000 - 0x00007ffe88d3b000 	C:\Windows\SYSTEM32\Wldp.dll
0x00007ffe8a0c0000 - 0x00007ffe8a18d000 	C:\Windows\System32\OLEAUT32.dll
0x00007ffe8adb0000 - 0x00007ffe8ae5d000 	C:\Windows\System32\SHCORE.dll
0x00007ffe8b200000 - 0x00007ffe8b25b000 	C:\Windows\System32\shlwapi.dll
0x00007ffe893d0000 - 0x00007ffe893f4000 	C:\Windows\SYSTEM32\profapi.dll
0x00007ffe81930000 - 0x00007ffe81940000 	D:\SEMESTER 7\SMDD\Android_Studio\jbr\bin\net.dll
0x00007ffe7bb40000 - 0x00007ffe7bc4a000 	C:\Windows\SYSTEM32\WINHTTP.dll
0x00007ffe88af0000 - 0x00007ffe88b5a000 	C:\Windows\system32\mswsock.dll
0x00007ffe80ce0000 - 0x00007ffe80cf6000 	D:\SEMESTER 7\SMDD\Android_Studio\jbr\bin\nio.dll
0x00007ffe803a0000 - 0x00007ffe803b0000 	D:\SEMESTER 7\SMDD\Android_Studio\jbr\bin\verify.dll
0x00007ffe7f710000 - 0x00007ffe7f737000 	D:\Gradle\native\1def1411415f61bf3af743bc5b6707747c0891f09f0c88961ee8f79bc544acac\windows-amd64\native-platform.dll
0x00007ffe7ede0000 - 0x00007ffe7ee58000 	D:\Gradle\native\0.2.7\x86_64-windows-gnu\gradle-fileevents.dll
0x00007ffe80cc0000 - 0x00007ffe80cc9000 	D:\SEMESTER 7\SMDD\Android_Studio\jbr\bin\management.dll
0x00007ffe80c70000 - 0x00007ffe80c7b000 	D:\SEMESTER 7\SMDD\Android_Studio\jbr\bin\management_ext.dll
0x00007ffe8bdc0000 - 0x00007ffe8bdc8000 	C:\Windows\System32\PSAPI.DLL
0x00007ffe887f0000 - 0x00007ffe8882b000 	C:\Windows\SYSTEM32\IPHLPAPI.DLL
0x00007ffe8b1d0000 - 0x00007ffe8b1d8000 	C:\Windows\System32\NSI.dll
0x00007ffe80cd0000 - 0x00007ffe80cd9000 	D:\SEMESTER 7\SMDD\Android_Studio\jbr\bin\extnet.dll
0x00007ffe88d50000 - 0x00007ffe88d68000 	C:\Windows\SYSTEM32\CRYPTSP.dll
0x00007ffe88430000 - 0x00007ffe88468000 	C:\Windows\system32\rsaenh.dll
0x00007ffe89350000 - 0x00007ffe8937e000 	C:\Windows\SYSTEM32\USERENV.dll
0x00007ffe88c80000 - 0x00007ffe88c8c000 	C:\Windows\SYSTEM32\CRYPTBASE.dll
0x00007ffe807b0000 - 0x00007ffe807b7000 	C:\Windows\system32\wshunix.dll
0x00007ffdf6cd0000 - 0x00007ffdf6ce7000 	C:\Windows\system32\napinsp.dll
0x00007ffdf6cb0000 - 0x00007ffdf6ccb000 	C:\Windows\system32\pnrpnsp.dll
0x00007ffe66400000 - 0x00007ffe6641d000 	C:\Windows\system32\wshbth.dll
0x00007ffe80590000 - 0x00007ffe805ad000 	C:\Windows\system32\NLAapi.dll
0x00007ffe88830000 - 0x00007ffe888fa000 	C:\Windows\SYSTEM32\DNSAPI.dll
0x00007ffdf6cf0000 - 0x00007ffdf6d02000 	C:\Windows\System32\winrnr.dll
0x000000005b970000 - 0x000000005b996000 	C:\Program Files\Bonjour\mdnsNSP.dll
0x00007ffe76ce0000 - 0x00007ffe76cea000 	C:\Windows\System32\rasadhlp.dll
0x00007ffe76ef0000 - 0x00007ffe76f70000 	C:\Windows\System32\fwpuclnt.dll
0x00007ffe6e2d0000 - 0x00007ffe6e2d7000 	D:\SEMESTER 7\SMDD\Android_Studio\jbr\bin\rmi.dll

dbghelp: loaded successfully - version: 4.0.5 - missing functions: none
symbol engine: initialized successfully - sym options: 0x614 - pdb path: .;D:\SEMESTER 7\SMDD\Android_Studio\jbr\bin;C:\Windows\SYSTEM32;C:\Windows\WinSxS\amd64_microsoft.windows.common-controls_6595b64144ccf1df_6.0.19041.6456_none_60b8a6cb71f64256;D:\SEMESTER 7\SMDD\Android_Studio\jbr\bin\server;D:\Gradle\native\1def1411415f61bf3af743bc5b6707747c0891f09f0c88961ee8f79bc544acac\windows-amd64;D:\Gradle\native\0.2.7\x86_64-windows-gnu;C:\Program Files\Bonjour

VM Arguments:
jvm_args: --add-opens=java.base/java.lang=ALL-UNNAMED --add-opens=java.base/java.lang.invoke=ALL-UNNAMED --add-opens=java.base/java.util=ALL-UNNAMED --add-opens=java.prefs/java.util.prefs=ALL-UNNAMED --add-exports=jdk.compiler/com.sun.tools.javac.api=ALL-UNNAMED --add-exports=jdk.compiler/com.sun.tools.javac.util=ALL-UNNAMED --add-opens=java.base/java.util=ALL-UNNAMED --add-opens=java.prefs/java.util.prefs=ALL-UNNAMED --add-opens=java.base/java.nio.charset=ALL-UNNAMED --add-opens=java.base/java.net=ALL-UNNAMED --add-opens=java.base/java.util.concurrent.atomic=ALL-UNNAMED --add-opens=java.xml/javax.xml.namespace=ALL-UNNAMED -Xmx4096m -Dfile.encoding=UTF-8 -Duser.country=US -Duser.language=en -Duser.variant -javaagent:D:\Gradle\wrapper\dists\gradle-8.13-bin\5xuhj0ry160q40clulazy9h7d\gradle-8.13\lib\agents\gradle-instrumentation-agent-8.13.jar 
java_command: org.gradle.launcher.daemon.bootstrap.GradleDaemon 8.13
java_class_path (initial): D:\Gradle\wrapper\dists\gradle-8.13-bin\5xuhj0ry160q40clulazy9h7d\gradle-8.13\lib\gradle-daemon-main-8.13.jar
Launcher Type: SUN_STANDARD

[Global flags]
     intx CICompilerCount                          = 3                                         {product} {ergonomic}
     uint ConcGCThreads                            = 1                                         {product} {ergonomic}
     uint G1ConcRefinementThreads                  = 4                                         {product} {ergonomic}
   size_t G1HeapRegionSize                         = 2097152                                   {product} {ergonomic}
    uintx GCDrainStackTargetSize                   = 64                                        {product} {ergonomic}
   size_t InitialHeapSize                          = 134217728                                 {product} {ergonomic}
   size_t MarkStackSize                            = 4194304                                   {product} {ergonomic}
   size_t MaxHeapSize                              = 4294967296                                {product} {command line}
   size_t MaxNewSize                               = 2575302656                                {product} {ergonomic}
   size_t MinHeapDeltaBytes                        = 2097152                                   {product} {ergonomic}
   size_t MinHeapSize                              = 8388608                                   {product} {ergonomic}
    uintx NonNMethodCodeHeapSize                   = 5832780                                {pd product} {ergonomic}
    uintx NonProfiledCodeHeapSize                  = 122912730                              {pd product} {ergonomic}
    uintx ProfiledCodeHeapSize                     = 122912730                              {pd product} {ergonomic}
    uintx ReservedCodeCacheSize                    = 251658240                              {pd product} {ergonomic}
     bool SegmentedCodeCache                       = true                                      {product} {ergonomic}
   size_t SoftMaxHeapSize                          = 4294967296                             {manageable} {ergonomic}
     bool UseCompressedOops                        = true                           {product lp64_product} {ergonomic}
     bool UseG1GC                                  = true                                      {product} {ergonomic}
     bool UseLargePagesIndividualAllocation        = false                                  {pd product} {ergonomic}

Logging:
Log output configuration:
 #0: stdout all=warning uptime,level,tags foldmultilines=false
 #1: stderr all=off uptime,level,tags foldmultilines=false

Environment Variables:
PATH=D:\Python\Scripts\;D:\Python\;"D:\opencv\build\x64\vc16\bin;C:\Program Files (x86)\Common Files\Oracle\Java\javapath";C:\Windows\system32;C:\Windows;C:\Windows\System32\Wbem;C:\Windows\System32\WindowsPowerShell\v1.0\;C:\Windows\System32\OpenSSH\;C:\Program Files (x86)\Microsoft SQL Server\160\Tools\Binn\;C:\Program Files\Microsoft SQL Server\160\Tools\Binn\;C:\Program Files\Microsoft SQL Server\Client SDK\ODBC\170\Tools\Binn\;C:\Program Files\Microsoft SQL Server\160\DTS\Binn\;C:\Program Files\Microsoft SQL Server\150\Tools\Binn\;D:\SEMESTER 6\GC\bin\;D:\Node js\;D:\SEMESTER 6\PDC\w_opencl_runtime_p_2025.1.0.972\bin;D:\SEMESTER 6\AI\Project code\OpenJDK21U-jdk_x64_windows_hotspot_21.0.7_6\jdk-21.0.7+6\bin;D:\Cursor\cursor\resources\app\bin;D:\SEMESTER 5\SDA\SDA FINAL PROJECT\Gitbash\Git\cmd;D:\Docker\resources\bin;C:\Users\HP\AppData\Local\Programs\Python\Python310\Scripts\;C:\Users\HP\AppData\Local\Programs\Python\Python310\;C:\Users\HP\AppData\Local\Microsoft\WindowsApps;D:\Microsoft VS Code\bin;C:\Users\HP\AppData\Roaming\npm;D:\Cursor\cursor\resources\app\bin;D:\Windsurf\bin
USERNAME=HP
OS=Windows_NT
PROCESSOR_IDENTIFIER=Intel64 Family 6 Model 78 Stepping 3, GenuineIntel
TMP=C:\Users\HP\AppData\Local\Temp
TEMP=C:\Users\HP\AppData\Local\Temp




Periodic native trim disabled

JNI global refs:
JNI global refs: 30, weak refs: 12

JNI global refs memory usage: 835, weak refs: 833

Process memory usage:
Resident Set Size: 742484K (8% of 8266340K total physical memory with 410748K free physical memory)

OOME stack traces (most recent first):
Classloader memory used:
Loader org.gradle.internal.classloader.VisitableURLClassLoader$InstrumentingVisitableURLClassLoader: 55144K
Loader org.gradle.internal.classloader.VisitableURLClassLoader                         : 48549K
Loader bootstrap                                                                       : 31820K
Loader org.gradle.initialization.MixInLegacyTypesClassLoader                           : 13499K
Loader java.net.URLClassLoader                                                         : 2828K
Loader jdk.internal.reflect.DelegatingClassLoader                                      : 817K
Loader jdk.internal.loader.ClassLoaders$PlatformClassLoader                            : 505K
Loader jdk.internal.loader.ClassLoaders$AppClassLoader                                 : 235K
Loader org.gradle.internal.classloader.VisitableURLClassLoader                         : 172K
Loader org.gradle.groovy.scripts.internal.DefaultScriptCompilationHandler$ScriptClassLoader: 133K
Loader org.codehaus.groovy.runtime.callsite.CallSiteClassLoader                        : 27376B
Loader sun.reflect.misc.MethodUtil                                                     : 2952B

Classes loaded by more than one classloader:
Class Program                                                                         : loaded 5 times (x 68B)
Class Build_gradle                                                                    : loaded 3 times (x 126B)
Class Build_gradle$1                                                                  : loaded 3 times (x 70B)
Class com.google.common.base.Equivalence$Identity                                     : loaded 2 times (x 78B)
Class com.google.common.collect.RegularImmutableMap$KeySet                            : loaded 2 times (x 148B)
Class org.gradle.internal.classloader.FilteringClassLoader                            : loaded 2 times (x 101B)
Class kotlin.io.FilesKt__FileTreeWalkKt                                               : loaded 2 times (x 67B)
Class kotlin.sequences.FilteringSequence$iterator$1                                   : loaded 2 times (x 75B)
Class kotlin.sequences.SequencesKt__SequenceBuilderKt                                 : loaded 2 times (x 67B)
Class kotlin.collections.CollectionsKt__ReversedViewsKt                               : loaded 2 times (x 67B)
Class com.google.common.cache.LocalCache$ValueIterator                                : loaded 2 times (x 82B)
Class [Lcom.google.common.collect.MapMakerInternalMap$Segment;                        : loaded 2 times (x 65B)
Class [Lcom.google.common.base.AbstractIterator$State;                                : loaded 2 times (x 65B)
Class com.google.common.base.CharMatcher$IsEither                                     : loaded 2 times (x 107B)
Class org.gradle.internal.classloader.ClassLoaderHierarchy                            : loaded 2 times (x 66B)
Class [Lcom.google.common.cache.RemovalCause;                                         : loaded 2 times (x 65B)
Class com.google.common.collect.ImmutableEnumSet                                      : loaded 2 times (x 142B)
Class com.google.common.util.concurrent.ExecutionError                                : loaded 2 times (x 78B)
Class com.google.common.collect.ImmutableList$1                                       : loaded 2 times (x 93B)
Class org.gradle.api.internal.classpath.ManifestUtil                                  : loaded 2 times (x 67B)
Class com.google.common.io.ByteArrayDataOutput                                        : loaded 2 times (x 66B)
Class com.google.common.collect.RegularImmutableMap                                   : loaded 2 times (x 117B)
Class com.google.common.collect.ImmutableMap$MapViewOfValuesAsSingletonSets           : loaded 2 times (x 122B)
Class com.google.common.reflect.TypeCapture                                           : loaded 2 times (x 67B)
Class com.google.common.cache.LocalCache$Values                                       : loaded 2 times (x 114B)
Class [Lorg.objectweb.asm.Symbol;                                                     : loaded 2 times (x 65B)
Class org.objectweb.asm.ClassVisitor                                                  : loaded 2 times (x 84B)
Class com.google.common.collect.UnmodifiableListIterator                              : loaded 2 times (x 91B)
Class org.jetbrains.kotlin.name.FqNameUnsafe$1                                        : loaded 2 times (x 70B)
Class com.google.common.collect.MapMakerInternalMap$StrongKeyDummyValueEntry$LinkedStrongKeyDummyValueEntry: loaded 2 times (x 78B)
Class com.google.common.collect.MapMakerInternalMap$Strength                          : loaded 2 times (x 76B)
Class com.google.common.base.Platform$JdkPatternCompiler                              : loaded 2 times (x 71B)
Class org.objectweb.asm.MethodTooLargeException                                       : loaded 2 times (x 79B)
Class [Lcom.google.common.cache.CacheBuilder$OneWeigher;                              : loaded 2 times (x 65B)
Class com.google.common.base.Suppliers                                                : loaded 2 times (x 67B)
Class org.gradle.internal.classloader.DefaultClassLoaderFactory                       : loaded 2 times (x 78B)
Class kotlin.sequences.SequencesKt___SequencesKt                                      : loaded 2 times (x 67B)
Class kotlin.collections.AbstractList$Companion                                       : loaded 2 times (x 67B)
Class com.google.common.io.ByteSource$ConcatenatedByteSource                          : loaded 2 times (x 81B)
Class [Lcom.google.common.collect.AbstractIterator$State;                             : loaded 2 times (x 65B)
Class com.google.common.base.CharMatcher$None                                         : loaded 2 times (x 108B)
Class org.gradle.internal.classloader.ClassLoaderVisitor                              : loaded 2 times (x 72B)
Class [Lcom.google.common.collect.ImmutableMapEntry;                                  : loaded 2 times (x 65B)
Class org.gradle.api.internal.classpath.EffectiveClassPath                            : loaded 2 times (x 86B)
Class kotlin.text.StringsKt__AppendableKt                                             : loaded 2 times (x 67B)
Class com.google.common.collect.ImmutableRangeSet                                     : loaded 2 times (x 111B)
Class com.google.common.collect.ListMultimap                                          : loaded 2 times (x 66B)
Class com.google.common.collect.ImmutableEnumMap                                      : loaded 2 times (x 122B)
Class com.google.common.collect.ImmutableSet$SerializedForm                           : loaded 2 times (x 69B)
Class com.google.common.collect.Iterators$EmptyModifiableIterator                     : loaded 2 times (x 82B)
Class com.google.common.base.Splitter                                                 : loaded 2 times (x 68B)
Class com.google.common.collect.Sets$1                                                : loaded 2 times (x 135B)
Class org.objectweb.asm.AnnotationVisitor                                             : loaded 2 times (x 74B)
Class ijKotlinCoroutineJvmDebugInit1_buww37xxpwyrlogzp1suct069$_run_closure1          : loaded 2 times (x 135B)
Class org.gradle.api.internal.DefaultClassPathProvider                                : loaded 2 times (x 72B)
Class kotlin.sequences.Sequence                                                       : loaded 2 times (x 66B)
Class kotlin.text.StringsKt__StringNumberConversionsJVMKt                             : loaded 2 times (x 67B)
Class com.google.common.collect.Maps$ViewCachingAbstractMap                           : loaded 2 times (x 121B)
Class com.google.common.collect.MapMakerInternalMap$Strength$1                        : loaded 2 times (x 76B)
Class com.google.common.collect.Sets$2                                                : loaded 2 times (x 135B)
Class [Lorg.gradle.api.internal.ClassPathProvider;                                    : loaded 2 times (x 65B)
Class org.gradle.api.internal.ClassPathProvider                                       : loaded 2 times (x 66B)
Class com.google.common.reflect.Types$ClassOwnership$1                                : loaded 2 times (x 76B)
Class com.google.common.collect.MapMakerInternalMap$Strength$2                        : loaded 2 times (x 76B)
Class com.google.common.base.AbstractIterator$State                                   : loaded 2 times (x 75B)
Class [Lorg.objectweb.asm.AnnotationVisitor;                                          : loaded 2 times (x 65B)
Class com.google.common.collect.Sets$3                                                : loaded 2 times (x 135B)
Class com.google.common.util.concurrent.AbstractFuture$SafeAtomicHelper               : loaded 2 times (x 75B)
Class com.google.common.cache.LocalCache$LocalLoadingCache                            : loaded 2 times (x 130B)
Class org.gradle.internal.service.UnknownServiceException                             : loaded 2 times (x 79B)
Class com.google.common.io.ByteArrayDataInput                                         : loaded 2 times (x 66B)
Class com.google.common.reflect.Types$ClassOwnership$2                                : loaded 2 times (x 76B)
Class com.google.common.reflect.TypeResolver                                          : loaded 2 times (x 68B)
Class com.google.common.collect.MapMakerInternalMap$StrongValueEntry                  : loaded 2 times (x 66B)
Class com.google.common.collect.Sets$4                                                : loaded 2 times (x 135B)
Class org.objectweb.asm.ModuleVisitor                                                 : loaded 2 times (x 77B)
Class com.google.common.cache.LocalCache$Strength$1                                   : loaded 2 times (x 77B)
Class com.google.common.reflect.Types$ClassOwnership$3                                : loaded 2 times (x 67B)
Class com.google.common.util.concurrent.SettableFuture                                : loaded 2 times (x 110B)
Class com.google.common.cache.LocalCache$Strength$2                                   : loaded 2 times (x 77B)
Class kotlin.collections.ArraysKt___ArraysJvmKt                                       : loaded 2 times (x 67B)
Class kotlin.collections.CollectionsKt__CollectionsKt                                 : loaded 2 times (x 67B)
Class kotlin.text.StringsKt__RegexExtensionsJVMKt                                     : loaded 2 times (x 67B)
Class com.google.common.io.ByteStreams                                                : loaded 2 times (x 67B)
Class com.google.common.collect.Interners$InternerImpl                                : loaded 2 times (x 71B)
Class com.google.common.base.Splitter$1                                               : loaded 2 times (x 73B)
Class com.google.common.collect.Interner                                              : loaded 2 times (x 66B)
Class com.google.common.cache.LocalCache$Strength$3                                   : loaded 2 times (x 77B)
Class com.google.common.collect.MapDifference                                         : loaded 2 times (x 66B)
Class kotlin._Assertions                                                              : loaded 2 times (x 67B)
Class com.google.common.reflect.Invokable                                             : loaded 2 times (x 99B)
Class com.google.common.collect.MapMaker$Dummy                                        : loaded 2 times (x 75B)
Class org.objectweb.asm.FieldWriter                                                   : loaded 2 times (x 74B)
Class com.google.common.cache.CacheBuilder$NullListener                               : loaded 2 times (x 78B)
Class org.gradle.internal.classpath.TransformedClassPath                              : loaded 2 times (x 92B)
Class org.gradle.internal.classloader.InstrumentingClassLoader                        : loaded 2 times (x 66B)
Class kotlin.enums.EnumEntriesList                                                    : loaded 2 times (x 219B)
Class com.google.common.reflect.Types$ParameterizedTypeImpl                           : loaded 2 times (x 77B)
Class com.google.common.collect.ImmutableRangeSet$AsSet                               : loaded 2 times (x 296B)
Class com.google.common.cache.CacheLoader$FunctionToCacheLoader                       : loaded 2 times (x 71B)
Class com.google.common.collect.Iterators$ArrayItr                                    : loaded 2 times (x 93B)
Class com.google.common.collect.ImmutableCollection$Builder                           : loaded 2 times (x 72B)
Class kotlin.comparisons.ComparisonsKt___ComparisonsJvmKt                             : loaded 2 times (x 67B)
Class kotlin.collections.CollectionsKt__IteratorsJVMKt                                : loaded 2 times (x 67B)
Class com.google.common.reflect.TypeResolver$TypeVariableKey                          : loaded 2 times (x 68B)
Class com.google.common.base.Joiner                                                   : loaded 2 times (x 75B)
Class com.google.common.base.MoreObjects                                              : loaded 2 times (x 67B)
Class org.jetbrains.kotlin.build.report.metrics.GradleBuildTime                       : loaded 2 times (x 82B)
Class com.google.common.collect.Platform                                              : loaded 2 times (x 67B)
Class [Lorg.objectweb.asm.Type;                                                       : loaded 2 times (x 65B)
Class com.google.common.collect.UnmodifiableIterator                                  : loaded 2 times (x 76B)
Class org.gradle.internal.service.ServiceLocator                                      : loaded 2 times (x 66B)
Class kotlin.Pair                                                                     : loaded 2 times (x 68B)
Class [Lkotlin.Function;                                                              : loaded 2 times (x 65B)
Class com.google.common.base.Ascii                                                    : loaded 2 times (x 67B)
Class com.google.common.collect.SingletonImmutableBiMap                               : loaded 2 times (x 139B)
Class com.google.common.cache.LocalCache$1                                            : loaded 2 times (x 85B)
Class com.google.common.collect.AbstractMapEntry                                      : loaded 2 times (x 77B)
Class kotlin.io.CloseableKt                                                           : loaded 2 times (x 67B)
Class kotlin.collections.CollectionsKt__MutableCollectionsKt                          : loaded 2 times (x 67B)
Class com.google.common.io.ByteSource$ByteArrayByteSource                             : loaded 2 times (x 81B)
Class com.google.common.reflect.TypeToken$SimpleTypeToken                             : loaded 2 times (x 69B)
Class com.google.common.collect.MapMakerInternalMap$AbstractStrongKeyEntry            : loaded 2 times (x 76B)
Class com.google.common.collect.Sets$ImprovedAbstractSet                              : loaded 2 times (x 131B)
Class com.google.common.collect.ImmutableList$Builder                                 : loaded 2 times (x 73B)
Class com.google.common.collect.AbstractMultimap                                      : loaded 2 times (x 119B)
Class com.google.common.cache.LocalCache$2                                            : loaded 2 times (x 138B)
Class kotlin.io.TerminateException                                                    : loaded 2 times (x 78B)
Class kotlin.io.FilesKt__FilePathComponentsKt                                         : loaded 2 times (x 67B)
Class com.google.common.collect.ImmutableRangeSet$1                                   : loaded 2 times (x 206B)
Class com.google.common.util.concurrent.AbstractFuture$UnsafeAtomicHelper$1           : loaded 2 times (x 72B)
Class com.google.common.collect.RegularImmutableAsList                                : loaded 2 times (x 213B)
Class com.google.common.base.Optional                                                 : loaded 2 times (x 76B)
Class com.google.common.collect.Range                                                 : loaded 2 times (x 83B)
Class com.google.common.util.concurrent.AbstractFuture$Trusted                        : loaded 2 times (x 66B)
Class com.google.common.collect.Iterators                                             : loaded 2 times (x 67B)
Class [Lorg.jetbrains.kotlin.build.report.metrics.BuildTime;                          : loaded 2 times (x 65B)
Class com.google.common.collect.Lists$StringAsImmutableList                           : loaded 2 times (x 203B)
Class com.google.common.util.concurrent.UncheckedExecutionException                   : loaded 2 times (x 78B)
Class org.gradle.kotlin.dsl.VersionCatalogAccessorsKt                                 : loaded 2 times (x 67B)
Class ijKotlinCoroutineJvmDebugInit1_buww37xxpwyrlogzp1suct069$_run_closure1$_closure2: loaded 2 times (x 135B)
Class org.gradle.internal.InternalTransformer                                         : loaded 2 times (x 66B)
Class kotlin.collections.EmptyList                                                    : loaded 2 times (x 170B)
Class kotlin.collections.MapsKt__MapsJVMKt                                            : loaded 2 times (x 67B)
Class com.google.common.collect.AbstractMapBasedMultimap$KeySet$1                     : loaded 2 times (x 78B)
Class org.objectweb.asm.ClassWriter                                                   : loaded 2 times (x 102B)
Class com.google.common.cache.CacheLoader$UnsupportedLoadingOperationException        : loaded 2 times (x 78B)
Class com.google.common.base.CharMatcher$And                                          : loaded 2 times (x 108B)
Class org.gradle.internal.classloader.ClasspathUtil$1                                 : loaded 2 times (x 72B)
Class com.google.common.base.Objects                                                  : loaded 2 times (x 67B)
Class com.google.common.collect.FluentIterable$1                                      : loaded 2 times (x 77B)
Class org.objectweb.asm.FieldVisitor                                                  : loaded 2 times (x 73B)
Class com.google.common.collect.IndexedImmutableSet                                   : loaded 2 times (x 148B)
Class com.google.common.collect.ImmutableMap$1                                        : loaded 2 times (x 77B)
Class com.google.common.collect.BiMap                                                 : loaded 2 times (x 66B)
Class org.gradle.api.internal.classpath.DefaultModuleRegistry$DefaultModule           : loaded 2 times (x 82B)
Class com.google.common.base.PairwiseEquivalence                                      : loaded 2 times (x 79B)
Class com.google.common.reflect.Reflection                                            : loaded 2 times (x 67B)
Class com.google.common.base.Absent                                                   : loaded 2 times (x 76B)
Class com.google.common.collect.FluentIterable$2                                      : loaded 2 times (x 77B)
Class com.google.common.primitives.Ints                                               : loaded 2 times (x 67B)
Class com.google.common.collect.AbstractIterator                                      : loaded 2 times (x 78B)
Class kotlin.collections.ArraysKt__ArraysKt                                           : loaded 2 times (x 67B)
Class com.google.common.collect.FluentIterable$3                                      : loaded 2 times (x 77B)
Class com.google.common.collect.ObjectArrays                                          : loaded 2 times (x 67B)
Class com.google.common.collect.Multiset                                              : loaded 2 times (x 66B)
Class com.google.common.collect.ArrayListMultimapGwtSerializationDependencies         : loaded 2 times (x 168B)
Class com.google.common.collect.AbstractIndexedListIterator                           : loaded 2 times (x 92B)
Class com.google.common.math.MathPreconditions                                        : loaded 2 times (x 67B)
Class kotlin.collections.SetsKt__SetsJVMKt                                            : loaded 2 times (x 67B)
Class kotlin.Function                                                                 : loaded 2 times (x 66B)
Class com.google.common.collect.ImmutableMapEntrySet                                  : loaded 2 times (x 148B)
Class org.gradle.api.internal.classpath.Module                                        : loaded 2 times (x 66B)
Class kotlin.io.FileAlreadyExistsException                                            : loaded 2 times (x 78B)
Class com.google.common.cache.Weigher                                                 : loaded 2 times (x 66B)
Class org.gradle.api.internal.classpath.UnknownModuleException                        : loaded 2 times (x 78B)
Class com.google.common.base.Stopwatch                                                : loaded 2 times (x 68B)
Class com.google.common.cache.LocalCache$Strength                                     : loaded 2 times (x 77B)
Class com.google.common.cache.Cache                                                   : loaded 2 times (x 66B)
Class org.jetbrains.kotlin.build.report.metrics.BuildMetricsReporter                  : loaded 2 times (x 66B)
Class com.google.common.base.NullnessCasts                                            : loaded 2 times (x 67B)
Class com.google.common.util.concurrent.AbstractFuture$Cancellation                   : loaded 2 times (x 68B)
Class com.google.common.collect.ImmutableMap$Builder                                  : loaded 2 times (x 78B)
Class kotlin.io.ByteStreamsKt                                                         : loaded 2 times (x 67B)
Class com.google.common.base.Present                                                  : loaded 2 times (x 77B)
Class com.google.common.cache.RemovalListener                                         : loaded 2 times (x 66B)
Class org.gradle.api.internal.DefaultClassPathRegistry                                : loaded 2 times (x 72B)
Class com.google.common.reflect.Invokable$ConstructorInvokable                        : loaded 2 times (x 103B)
Class com.google.common.primitives.IntsMethodsForWeb                                  : loaded 2 times (x 67B)
Class com.google.common.collect.Multimap                                              : loaded 2 times (x 66B)
Class org.gradle.api.internal.ClassPathRegistry                                       : loaded 2 times (x 66B)
Class org.gradle.internal.classpath.DefaultClassPath$ImmutableUniqueList              : loaded 2 times (x 195B)
Class kotlin.text.StringsKt__StringsJVMKt                                             : loaded 2 times (x 67B)
Class com.google.common.reflect.TypeToken                                             : loaded 2 times (x 69B)
Class com.google.common.collect.NullnessCasts                                         : loaded 2 times (x 67B)
Class com.google.common.base.ExtraObjectsMethodsForWeb                                : loaded 2 times (x 67B)
Class com.google.common.collect.MapMakerInternalMap$Segment                           : loaded 2 times (x 138B)
Class kotlin.collections.SetsKt                                                       : loaded 2 times (x 67B)
Class kotlin.text.StringsKt__IndentKt                                                 : loaded 2 times (x 67B)
Class kotlin.text.StringsKt__StringsKt                                                : loaded 2 times (x 67B)
Class com.google.common.cache.RemovalCause                                            : loaded 2 times (x 76B)
Class com.google.common.cache.CacheBuilder                                            : loaded 2 times (x 68B)
Class com.google.common.collect.SingletonImmutableList                                : loaded 2 times (x 203B)
Class Settings_gradle$1                                                               : loaded 2 times (x 70B)
Class org.gradle.internal.classpath.ClassPath                                         : loaded 2 times (x 66B)
Class org.gradle.api.UncheckedIOException                                             : loaded 2 times (x 78B)
Class kotlin.sequences.SequencesKt__SequencesKt$asSequence$$inlined$Sequence$1        : loaded 2 times (x 71B)
Class [Lcom.google.common.reflect.Types$JavaVersion;                                  : loaded 2 times (x 65B)
Class com.google.common.collect.Interners$InternerBuilder                             : loaded 2 times (x 72B)
Class com.google.common.base.JdkPattern                                               : loaded 2 times (x 71B)
Class com.google.common.collect.ImmutableList$ReverseImmutableList                    : loaded 2 times (x 205B)
Class kotlin.collections.MapsKt__MapsKt                                               : loaded 2 times (x 67B)
Class org.objectweb.asm.SymbolTable$Entry                                             : loaded 2 times (x 70B)
Class com.google.common.util.concurrent.AbstractFuture$AtomicHelper                   : loaded 2 times (x 74B)
Class org.objectweb.asm.Edge                                                          : loaded 2 times (x 68B)
Class com.google.common.base.Suppliers$SupplierOfInstance                             : loaded 2 times (x 75B)
Class com.google.common.collect.Iterators$1                                           : loaded 2 times (x 77B)
Class ijJvmDebugger1_cczc8vxz7m3kxxnoaqupzk0hw$_run_closure1$_closure2                : loaded 2 times (x 136B)
Class kotlin.UninitializedPropertyAccessException                                     : loaded 2 times (x 78B)
Class com.google.common.reflect.TypeToken$1                                           : loaded 2 times (x 106B)
Class com.google.common.cache.LocalCache$ComputingValueReference                      : loaded 2 times (x 92B)
Class com.google.common.collect.SingletonImmutableSet                                 : loaded 2 times (x 142B)
Class com.google.common.collect.ImmutableMap$IteratorBasedImmutableMap                : loaded 2 times (x 122B)
Class com.google.common.reflect.TypeToken$2                                           : loaded 2 times (x 106B)
Class com.google.common.cache.LocalCache$Segment                                      : loaded 2 times (x 150B)
Class com.google.common.collect.SortedIterable                                        : loaded 2 times (x 66B)
Class com.google.common.collect.AbstractListMultimap                                  : loaded 2 times (x 168B)
Class [Lorg.objectweb.asm.SymbolTable$Entry;                                          : loaded 2 times (x 65B)
Class com.google.common.cache.CacheLoader                                             : loaded 2 times (x 70B)
Class com.google.common.collect.Iterators$4                                           : loaded 2 times (x 78B)
Class com.google.common.collect.ImmutableBiMap                                        : loaded 2 times (x 139B)
Class org.gradle.internal.installation.GradleInstallation$1                           : loaded 2 times (x 71B)
Class org.gradle.api.internal.classpath.ModuleRegistry                                : loaded 2 times (x 66B)
Class com.google.common.base.Splitter$SplittingIterator                               : loaded 2 times (x 80B)
Class com.google.common.util.concurrent.internal.InternalFutureFailureAccess          : loaded 2 times (x 68B)
Class com.google.common.collect.Iterators$5                                           : loaded 2 times (x 78B)
Class com.google.common.collect.ImmutableSet$JdkBackedSetBuilderImpl                  : loaded 2 times (x 72B)
Class org.jetbrains.kotlin.name.FqNameUnsafe                                          : loaded 2 times (x 68B)
Class com.google.common.util.concurrent.AbstractFuture$UnsafeAtomicHelper             : loaded 2 times (x 74B)
Class com.google.common.cache.LocalCache$LocalManualCache$1                           : loaded 2 times (x 71B)
Class com.google.common.base.CharMatcher$ForPredicate                                 : loaded 2 times (x 108B)
Class kotlin.io.FilesKt__UtilsKt                                                      : loaded 2 times (x 67B)
Class kotlin.collections.CollectionsKt__CollectionsJVMKt                              : loaded 2 times (x 67B)
Class com.google.common.base.CharMatcher$AnyOf                                        : loaded 2 times (x 108B)
Class com.google.common.collect.ImmutableCollection                                   : loaded 2 times (x 121B)
Class org.gradle.api.internal.classpath.DefaultModuleRegistry                         : loaded 2 times (x 82B)
Class kotlin.sequences.SequencesKt                                                    : loaded 2 times (x 67B)
Class kotlin.collections.CollectionsKt__IteratorsKt                                   : loaded 2 times (x 67B)
Class org.jetbrains.kotlin.build.report.metrics.GradleBuildTime$Companion             : loaded 2 times (x 67B)
Class com.google.common.collect.Lists                                                 : loaded 2 times (x 67B)
Class com.google.common.util.concurrent.ListenableFuture                              : loaded 2 times (x 66B)
Class com.google.common.cache.ReferenceEntry                                          : loaded 2 times (x 66B)
Class com.google.common.base.Converter                                                : loaded 2 times (x 86B)
Class com.google.common.collect.ImmutableSet$CachingAsList                            : loaded 2 times (x 144B)
Class kotlin.text.StringsKt                                                           : loaded 2 times (x 67B)
Class com.google.common.collect.AbstractMapBasedMultimap                              : loaded 2 times (x 135B)
Class com.google.common.util.concurrent.AbstractFuture                                : loaded 2 times (x 102B)
Class com.google.common.base.FunctionalEquivalence                                    : loaded 2 times (x 79B)
Class com.google.common.collect.Iterators$9                                           : loaded 2 times (x 77B)
Class com.google.common.collect.ImmutableAsList                                       : loaded 2 times (x 205B)
Class kotlin.LazyKt__LazyJVMKt                                                        : loaded 2 times (x 67B)
Class com.google.common.reflect.TypeResolver$TypeTable                                : loaded 2 times (x 69B)
Class org.objectweb.asm.RecordComponentVisitor                                        : loaded 2 times (x 73B)
Class com.google.common.cache.CacheLoader$SupplierToCacheLoader                       : loaded 2 times (x 71B)
Class kotlin.io.FilesKt__FileReadWriteKt                                              : loaded 2 times (x 67B)
Class kotlin.text.StringsKt__StringNumberConversionsKt                                : loaded 2 times (x 67B)
Class com.google.common.reflect.TypeResolver$TypeTable$1                              : loaded 2 times (x 69B)
Class com.google.common.collect.Maps$EntryTransformer                                 : loaded 2 times (x 66B)
Class org.gradle.internal.service.ServiceLookupException                              : loaded 2 times (x 78B)
Class com.google.common.collect.ImmutableSortedSet                                    : loaded 2 times (x 296B)
Class [Lcom.google.common.cache.LocalCache$EntryFactory;                              : loaded 2 times (x 65B)
Class org.gradle.internal.classloader.ClassLoaderFactory                              : loaded 2 times (x 66B)
Class com.google.common.collect.ImmutableMap$SerializedForm                           : loaded 2 times (x 69B)
Class com.google.common.base.CommonPattern                                            : loaded 2 times (x 70B)
Class com.google.common.cache.LocalCache$LocalManualCache                             : loaded 2 times (x 95B)
Class com.google.common.base.CharMatcher$IsNot                                        : loaded 2 times (x 107B)
Class org.gradle.internal.service.CachingServiceLocator                               : loaded 2 times (x 78B)
Class com.google.common.collect.AbstractMapBasedMultimap$KeySet                       : loaded 2 times (x 133B)
Class com.google.common.collect.RegularImmutableSortedSet                             : loaded 2 times (x 296B)
Class com.google.common.math.IntMath                                                  : loaded 2 times (x 67B)
Class org.jetbrains.kotlin.build.report.metrics.BuildTime                             : loaded 2 times (x 66B)
Class com.google.common.reflect.Types$TypeVariableInvocationHandler                   : loaded 2 times (x 71B)
Class com.google.common.collect.MapMakerInternalMap$InternalEntry                     : loaded 2 times (x 66B)
Class com.google.common.collect.ImmutableMapEntry                                     : loaded 2 times (x 81B)
Class org.jetbrains.kotlin.name.FqName                                                : loaded 2 times (x 68B)
Class kotlin.enums.EnumEntries                                                        : loaded 2 times (x 66B)
Class org.jetbrains.kotlin.build.report.metrics.DoNothingBuildMetricsReporter         : loaded 2 times (x 82B)
Class com.google.common.base.Equivalence                                              : loaded 2 times (x 78B)
Class com.google.common.base.Function                                                 : loaded 2 times (x 66B)
Class com.google.common.collect.ImmutableMapEntry$NonTerminalImmutableMapEntry        : loaded 2 times (x 81B)
Class org.jetbrains.kotlin.name.ClassId$Companion                                     : loaded 2 times (x 67B)
Class com.google.common.collect.IndexedImmutableSet$1                                 : loaded 2 times (x 209B)
Class com.google.common.cache.CacheBuilder$OneWeigher                                 : loaded 2 times (x 78B)
Class com.google.common.collect.RegularImmutableList                                  : loaded 2 times (x 209B)
Class com.google.common.reflect.Types$ClassOwnership$1LocalClass                      : loaded 2 times (x 67B)
Class org.gradle.internal.classloader.ClasspathUtil                                   : loaded 2 times (x 67B)
Class kotlin.io.FileSystemException                                                   : loaded 2 times (x 78B)
Class com.google.common.base.Charsets                                                 : loaded 2 times (x 67B)
Class com.google.common.util.concurrent.Uninterruptibles                              : loaded 2 times (x 67B)
Class kotlin.jvm.internal.DefaultConstructorMarker                                    : loaded 2 times (x 67B)
Class com.google.common.io.CharSource                                                 : loaded 2 times (x 81B)
Class com.google.common.collect.Maps                                                  : loaded 2 times (x 67B)
Class org.gradle.api.specs.Spec                                                       : loaded 2 times (x 66B)
Class org.jetbrains.kotlin.name.Name                                                  : loaded 2 times (x 71B)
Class com.google.common.reflect.Types$JavaVersion                                     : loaded 2 times (x 79B)
Class com.google.common.collect.MapMaker                                              : loaded 2 times (x 68B)
Class [Lcom.google.common.collect.ImmutableEntry;                                     : loaded 2 times (x 65B)
Class com.google.common.cache.LocalCache$LoadingValueReference                        : loaded 2 times (x 92B)
Class ijKotlinCoroutineJvmDebugInit1_buww37xxpwyrlogzp1suct069                        : loaded 2 times (x 175B)
Class ijJvmDebugger1_cczc8vxz7m3kxxnoaqupzk0hw                                        : loaded 2 times (x 175B)
Class kotlin.SynchronizedLazyImpl                                                     : loaded 2 times (x 72B)
Class kotlin.text.StringsKt__RegexExtensionsKt                                        : loaded 2 times (x 67B)
Class org.jetbrains.kotlin.name.ClassId                                               : loaded 2 times (x 68B)
Class com.google.common.reflect.Invokable$MethodInvokable                             : loaded 2 times (x 103B)
Class com.google.common.collect.MapMakerInternalMap$StrongKeyDummyValueEntry          : loaded 2 times (x 78B)
Class com.google.common.base.Platform                                                 : loaded 2 times (x 67B)
Class kotlin.sequences.SequencesKt__SequencesJVMKt                                    : loaded 2 times (x 67B)
Class kotlin.collections.AbstractList                                                 : loaded 2 times (x 193B)
Class kotlin.collections.AbstractCollection                                           : loaded 2 times (x 113B)
Class [Lorg.objectweb.asm.AnnotationWriter;                                           : loaded 2 times (x 65B)
Class com.google.common.collect.Maps$8                                                : loaded 2 times (x 78B)
Class kotlin.LazyKt__LazyKt                                                           : loaded 2 times (x 67B)
Class kotlin.text.StringsKt__StringBuilderJVMKt                                       : loaded 2 times (x 67B)
Class [Lcom.google.common.collect.Iterators$EmptyModifiableIterator;                  : loaded 2 times (x 65B)
Class com.google.common.collect.ImmutableRangeSet$Builder                             : loaded 2 times (x 73B)
Class com.google.common.collect.Sets$SetView                                          : loaded 2 times (x 134B)
Class com.google.common.cache.LocalCache$StrongValueReference                         : loaded 2 times (x 86B)
Class com.google.common.util.concurrent.AbstractFuture$SynchronizedHelper             : loaded 2 times (x 74B)
Class kotlin.UNINITIALIZED_VALUE                                                      : loaded 2 times (x 67B)
Class org.objectweb.asm.Type                                                          : loaded 2 times (x 68B)
Class org.gradle.internal.classloader.VisitableURLClassLoader$InstrumentingVisitableURLClassLoader: loaded 2 times (x 119B)
Class kotlin.comparisons.ComparisonsKt__ComparisonsKt                                 : loaded 2 times (x 67B)
Class kotlin.ranges.RangesKt__RangesKt                                                : loaded 2 times (x 67B)
Class kotlin.collections.SetsKt___SetsKt                                              : loaded 2 times (x 67B)
Class kotlin.sequences.SequencesKt__SequencesKt                                       : loaded 2 times (x 67B)
Class com.google.common.collect.MapMakerInternalMap$StrongKeyDummyValueEntry$Helper   : loaded 2 times (x 75B)
Class org.objectweb.asm.ByteVector                                                    : loaded 2 times (x 75B)
Class [Lcom.google.common.cache.CacheBuilder$NullListener;                            : loaded 2 times (x 65B)
Class com.google.common.math.IntMath$1                                                : loaded 2 times (x 67B)
Class org.gradle.internal.classloader.VisitableURLClassLoader$Spec                    : loaded 2 times (x 70B)
Class org.gradle.internal.classpath.DefaultClassPath                                  : loaded 2 times (x 86B)
Class kotlin.comparisons.ComparisonsKt                                                : loaded 2 times (x 67B)
Class kotlin.comparisons.ComparisonsKt___ComparisonsKt                                : loaded 2 times (x 67B)
Class kotlin.sequences.FilteringSequence                                              : loaded 2 times (x 71B)
Class [Lorg.jetbrains.kotlin.build.report.metrics.GradleBuildTime;                    : loaded 2 times (x 65B)
Class com.google.common.reflect.Types$ClassOwnership                                  : loaded 2 times (x 76B)
Class com.google.common.base.AbstractIterator                                         : loaded 2 times (x 76B)
Class org.objectweb.asm.Symbol                                                        : loaded 2 times (x 69B)
Class com.google.common.io.Closer                                                     : loaded 2 times (x 74B)
Class com.google.common.base.CharMatcher$Ascii                                        : loaded 2 times (x 108B)
Class com.google.common.base.CharMatcher$BitSetMatcher                                : loaded 2 times (x 108B)
Class com.google.common.collect.RegularImmutableMap$Values                            : loaded 2 times (x 203B)
Class com.google.common.collect.ImmutableSet                                          : loaded 2 times (x 141B)
Class org.gradle.internal.classloader.ClassLoaderSpec                                 : loaded 2 times (x 67B)
Class kotlin.collections.CollectionsKt___CollectionsJvmKt                             : loaded 2 times (x 67B)
Class com.google.common.io.ByteSource$EmptyByteSource                                 : loaded 2 times (x 81B)
Class org.objectweb.asm.AnnotationWriter                                              : loaded 2 times (x 75B)
Class com.google.common.cache.CacheStats                                              : loaded 2 times (x 67B)
Class kotlin.TuplesKt                                                                 : loaded 2 times (x 67B)
Class kotlin.Unit                                                                     : loaded 2 times (x 67B)
Class kotlin.sequences.SequencesKt___SequencesJvmKt                                   : loaded 2 times (x 67B)
Class com.google.common.collect.Interners                                             : loaded 2 times (x 67B)
Class com.google.common.io.Closer$Suppressor                                          : loaded 2 times (x 66B)
Class org.objectweb.asm.RecordComponentWriter                                         : loaded 2 times (x 74B)
Class com.google.common.util.concurrent.AbstractFuture$Listener                       : loaded 2 times (x 68B)
Class com.google.common.base.CharMatcher$Or                                           : loaded 2 times (x 108B)
Class Settings_gradle$1$1                                                             : loaded 2 times (x 70B)
Class kotlin.ranges.RangesKt                                                          : loaded 2 times (x 67B)
Class org.objectweb.asm.Attribute                                                     : loaded 2 times (x 73B)
Class com.google.common.base.Supplier                                                 : loaded 2 times (x 66B)
Class org.gradle.internal.classloader.VisitableURLClassLoader                         : loaded 2 times (x 113B)
Class kotlin.collections.ArraysUtilJVM                                                : loaded 2 times (x 67B)
Class kotlin.jvm.functions.Function0                                                  : loaded 2 times (x 66B)
Class com.google.common.collect.ImmutableList$SerializedForm                          : loaded 2 times (x 69B)
Class com.google.common.util.concurrent.AbstractFuture$Waiter                         : loaded 2 times (x 68B)
Class Settings_gradle                                                                 : loaded 2 times (x 124B)
Class org.gradle.internal.Cast                                                        : loaded 2 times (x 67B)
Class org.gradle.api.Action                                                           : loaded 2 times (x 66B)
Class kotlin.jvm.functions.Function1                                                  : loaded 2 times (x 66B)
Class com.google.common.collect.MapMakerInternalMap                                   : loaded 2 times (x 157B)
Class com.google.common.base.Strings                                                  : loaded 2 times (x 67B)
Class com.google.common.collect.Sets                                                  : loaded 2 times (x 67B)
Class org.objectweb.asm.Handler                                                       : loaded 2 times (x 68B)
Class com.google.common.base.Ticker                                                   : loaded 2 times (x 68B)
Class com.google.common.base.CharMatcher$FastMatcher                                  : loaded 2 times (x 107B)
Class kotlin.jvm.functions.Function2                                                  : loaded 2 times (x 66B)
Class com.google.common.cache.RemovalCause$1                                          : loaded 2 times (x 76B)
Class [Lcom.google.common.cache.LocalCache$Segment;                                   : loaded 2 times (x 65B)
Class [Lcom.google.common.cache.LocalCache$Strength;                                  : loaded 2 times (x 65B)
Class com.google.common.cache.CacheBuilder$1                                          : loaded 2 times (x 81B)
Class com.google.common.base.Predicate                                                : loaded 2 times (x 66B)
Class com.google.common.collect.ImmutableMap                                          : loaded 2 times (x 116B)
Class org.gradle.internal.classpath.DefaultClassPath$ImmutableUniqueList$Builder      : loaded 2 times (x 71B)
Class kotlin.jvm.functions.Function3                                                  : loaded 2 times (x 66B)
Class kotlin.collections.MapsKt___MapsJvmKt                                           : loaded 2 times (x 67B)
Class com.google.common.cache.RemovalCause$2                                          : loaded 2 times (x 76B)
Class com.google.common.collect.MapMakerInternalMap$WeakValueReference                : loaded 2 times (x 66B)
Class com.google.common.collect.AbstractRangeSet                                      : loaded 2 times (x 110B)
Class com.google.common.cache.LocalCache                                              : loaded 2 times (x 183B)
Class com.google.common.cache.CacheBuilder$2                                          : loaded 2 times (x 75B)
Class com.google.common.base.CharMatcher$NegatedFastMatcher                           : loaded 2 times (x 109B)
Class kotlin.collections.CollectionsKt___CollectionsKt                                : loaded 2 times (x 67B)
Class com.google.common.cache.RemovalCause$3                                          : loaded 2 times (x 76B)
Class com.google.common.collect.ArrayListMultimap                                     : loaded 2 times (x 168B)
Class com.google.common.cache.CacheBuilder$3                                          : loaded 2 times (x 68B)
Class [Lcom.google.common.collect.AbstractMapEntry;                                   : loaded 2 times (x 65B)
Class com.google.common.collect.ImmutableEntry                                        : loaded 2 times (x 78B)
Class org.gradle.api.GradleException                                                  : loaded 2 times (x 78B)
Class kotlin.text.StringsKt___StringsJvmKt                                            : loaded 2 times (x 67B)
Class com.google.common.base.Suppliers$MemoizingSupplier                              : loaded 2 times (x 75B)
Class com.google.common.cache.RemovalCause$4                                          : loaded 2 times (x 76B)
Class com.google.common.collect.CollectPreconditions                                  : loaded 2 times (x 67B)
Class kotlin.collections.MapsKt___MapsKt                                              : loaded 2 times (x 67B)
Class kotlin.io.FilesKt                                                               : loaded 2 times (x 67B)
Class kotlin.collections.ArraysKt___ArraysKt                                          : loaded 2 times (x 67B)
Class com.google.common.cache.RemovalCause$5                                          : loaded 2 times (x 76B)
Class [Lcom.google.common.collect.MapMakerInternalMap$Strength;                       : loaded 2 times (x 65B)
Class com.google.common.collect.SortedMapDifference                                   : loaded 2 times (x 66B)
Class ijJvmDebugger1_cczc8vxz7m3kxxnoaqupzk0hw$_run_closure1                          : loaded 2 times (x 135B)
Class kotlin.collections.MapsKt__MapWithDefaultKt                                     : loaded 2 times (x 67B)
Class com.google.common.cache.LocalCache$HashIterator                                 : loaded 2 times (x 82B)
Class com.google.common.collect.MapMakerInternalMap$StrongKeyDummyValueSegment        : loaded 2 times (x 138B)
Class com.google.common.collect.Iterables$4                                           : loaded 2 times (x 77B)
Class com.google.common.cache.LocalCache$EntryFactory                                 : loaded 2 times (x 79B)
Class kotlin.collections.CollectionsKt__MutableCollectionsJVMKt                       : loaded 2 times (x 67B)
Class kotlin.enums.EnumEntriesKt                                                      : loaded 2 times (x 67B)
Class kotlin.text.StringsKt___StringsKt                                               : loaded 2 times (x 67B)
Class com.google.common.reflect.Types$NativeTypeVariableEquals                        : loaded 2 times (x 67B)
Class com.google.common.reflect.TypeParameter                                         : loaded 2 times (x 68B)
Class [Lcom.google.common.collect.MapMaker$Dummy;                                     : loaded 2 times (x 65B)
Class com.google.common.base.CharMatcher$Whitespace                                   : loaded 2 times (x 108B)
Class com.google.common.base.Splitter$1$1                                             : loaded 2 times (x 82B)
Class com.google.common.cache.LocalCache$AbstractReferenceEntry                       : loaded 2 times (x 103B)
Class org.gradle.internal.IoActions                                                   : loaded 2 times (x 67B)
Class com.google.common.collect.ImmutableMapKeySet                                    : loaded 2 times (x 148B)
Class com.google.common.collect.ImmutableRangeSet$ComplementRanges                    : loaded 2 times (x 203B)
Class org.objectweb.asm.SymbolTable                                                   : loaded 2 times (x 68B)
Class com.google.common.cache.CacheLoader$InvalidCacheLoadException                   : loaded 2 times (x 78B)
Class com.google.common.collect.ImmutableSet$RegularSetBuilderImpl                    : loaded 2 times (x 73B)
Class org.gradle.internal.classloader.SystemClassLoaderSpec                           : loaded 2 times (x 67B)
Class kotlin.jvm.internal.Intrinsics                                                  : loaded 2 times (x 67B)
Class com.google.common.collect.FluentIterable                                        : loaded 2 times (x 77B)
Class com.google.common.cache.LocalCache$StrongEntry                                  : loaded 2 times (x 104B)
Class com.google.common.util.concurrent.AbstractFuture$TrustedFuture                  : loaded 2 times (x 110B)
Class com.google.common.cache.LoadingCache                                            : loaded 2 times (x 66B)
Class kotlin.collections.MapsKt                                                       : loaded 2 times (x 67B)
Class kotlin.collections.CollectionsKt__IterablesKt                                   : loaded 2 times (x 67B)
Class com.google.common.io.ByteStreams$LimitedInputStream                             : loaded 2 times (x 88B)
Class com.google.common.base.Suppliers$NonSerializableMemoizingSupplier               : loaded 2 times (x 75B)
Class org.objectweb.asm.MethodWriter                                                  : loaded 2 times (x 102B)
Class [Lcom.google.common.cache.Weigher;                                              : loaded 2 times (x 65B)
Class com.google.common.collect.RegularImmutableMap$BucketOverflowException           : loaded 2 times (x 78B)
Class kotlin.KotlinNullPointerException                                               : loaded 2 times (x 79B)
Class kotlin.ranges.RangesKt___RangesKt                                               : loaded 2 times (x 67B)
Class com.google.common.reflect.Types$JavaVersion$1                                   : loaded 2 times (x 79B)
Class com.google.common.collect.AbstractIterator$State                                : loaded 2 times (x 75B)
Class com.google.common.collect.RegularImmutableBiMap                                 : loaded 2 times (x 145B)
Class com.google.common.cache.LocalCache$ValueReference                               : loaded 2 times (x 66B)
Class com.google.common.base.CharMatcher$Is                                           : loaded 2 times (x 107B)
Class com.google.common.base.CharMatcher$Negated                                      : loaded 2 times (x 109B)
Class kotlin.collections.ArraysKt                                                     : loaded 2 times (x 67B)
Class com.google.common.hash.PrimitiveSink                                            : loaded 2 times (x 66B)
Class com.google.common.reflect.Types$JavaVersion$2                                   : loaded 2 times (x 79B)
Class com.google.common.reflect.Types                                                 : loaded 2 times (x 67B)
Class com.google.common.base.PatternCompiler                                          : loaded 2 times (x 66B)
Class com.google.common.util.concurrent.AbstractFuture$Failure                        : loaded 2 times (x 68B)
Class com.google.common.base.Equivalence$Equals                                       : loaded 2 times (x 78B)
Class com.google.common.collect.Hashing                                               : loaded 2 times (x 67B)
Class com.google.common.base.Preconditions                                            : loaded 2 times (x 67B)
Class kotlin.collections.SetsKt__SetsKt                                               : loaded 2 times (x 67B)
Class kotlin.LazyKt                                                                   : loaded 2 times (x 67B)
Class com.google.common.reflect.Types$JavaVersion$3                                   : loaded 2 times (x 79B)
Class com.google.common.base.Joiner$1                                                 : loaded 2 times (x 76B)
Class org.objectweb.asm.Label                                                         : loaded 2 times (x 69B)
Class org.objectweb.asm.CurrentFrame                                                  : loaded 2 times (x 69B)
Class org.objectweb.asm.ClassTooLargeException                                        : loaded 2 times (x 79B)
Class com.google.common.base.CharMatcher                                              : loaded 2 times (x 107B)
Class com.google.common.collect.PeekingIterator                                       : loaded 2 times (x 66B)
Class kotlin.collections.ArraysKt__ArraysJVMKt                                        : loaded 2 times (x 67B)
Class com.google.common.io.ByteSource$AsCharSource                                    : loaded 2 times (x 82B)
Class com.google.common.collect.Maps$IteratorBasedAbstractMap                         : loaded 2 times (x 121B)
Class com.google.common.reflect.Types$JavaVersion$4                                   : loaded 2 times (x 79B)
Class com.google.common.collect.Table                                                 : loaded 2 times (x 66B)
Class com.google.common.collect.MapMakerInternalMap$InternalEntryHelper               : loaded 2 times (x 66B)
Class com.google.common.collect.RangeGwtSerializationDependencies                     : loaded 2 times (x 67B)
Class com.google.common.base.Joiner$2                                                 : loaded 2 times (x 75B)
Class org.objectweb.asm.Frame                                                         : loaded 2 times (x 69B)
Class org.objectweb.asm.MethodVisitor                                                 : loaded 2 times (x 101B)
Class com.google.common.cache.LocalCache$EntryFactory$1                               : loaded 2 times (x 79B)
Class [Lcom.google.common.cache.RemovalListener;                                      : loaded 2 times (x 65B)
Class com.google.common.base.CharMatcher$1                                            : loaded 2 times (x 109B)
Class com.google.common.base.CharMatcher$NamedFastMatcher                             : loaded 2 times (x 108B)
Class kotlin.text.StringsKt__StringBuilderKt                                          : loaded 2 times (x 67B)
Class com.google.common.reflect.Types$JavaVersion$5                                   : loaded 2 times (x 67B)
Class [Lcom.google.common.reflect.Types$ClassOwnership;                               : loaded 2 times (x 65B)
Class com.google.common.collect.RangeSet                                              : loaded 2 times (x 66B)
Class com.google.common.cache.LocalCache$EntryFactory$2                               : loaded 2 times (x 79B)
Class org.gradle.api.internal.classpath.GlobalCacheRootsProvider                      : loaded 2 times (x 66B)
Class kotlin.Lazy                                                                     : loaded 2 times (x 66B)
Class kotlin.NoWhenBranchMatchedException                                             : loaded 2 times (x 78B)
Class com.google.common.collect.CollectCollectors                                     : loaded 2 times (x 67B)
Class org.objectweb.asm.ModuleWriter                                                  : loaded 2 times (x 78B)
Class com.google.common.cache.LocalCache$EntryFactory$3                               : loaded 2 times (x 79B)
Class com.google.common.base.Ticker$1                                                 : loaded 2 times (x 68B)
Class com.google.common.collect.Maps$BiMapConverter                                   : loaded 2 times (x 86B)
Class com.google.common.collect.ImmutableMapEntrySet$RegularEntrySet                  : loaded 2 times (x 148B)
Class [Lkotlin.jvm.functions.Function1;                                               : loaded 2 times (x 65B)
Class com.google.common.cache.LocalCache$EntryFactory$4                               : loaded 2 times (x 79B)
Class com.google.common.base.CharMatcher$InRange                                      : loaded 2 times (x 107B)
Class com.google.common.collect.ImmutableSet$Builder                                  : loaded 2 times (x 81B)
Class kotlin.sequences.ConstrainedOnceSequence                                        : loaded 2 times (x 71B)
Class com.google.common.io.ByteStreams$1                                              : loaded 2 times (x 81B)
Class com.google.common.cache.LocalCache$EntryFactory$5                               : loaded 2 times (x 79B)
Class kotlin.jvm.internal.markers.KMappedMarker                                       : loaded 2 times (x 66B)
Class kotlin.NotImplementedError                                                      : loaded 2 times (x 78B)
Class com.google.common.cache.LocalCache$EntryFactory$6                               : loaded 2 times (x 79B)
Class org.gradle.internal.installation.CurrentGradleInstallationLocator               : loaded 2 times (x 67B)
Class com.google.common.io.ByteSource$SlicedByteSource                                : loaded 2 times (x 81B)
Class com.google.common.collect.Maps$KeySet                                           : loaded 2 times (x 133B)
Class com.google.common.cache.LocalCache$EntryFactory$7                               : loaded 2 times (x 79B)
Class com.google.common.collect.ImmutableSet$EmptySetBuilderImpl                      : loaded 2 times (x 72B)
Class com.google.common.collect.ImmutableList                                         : loaded 2 times (x 202B)
Class org.gradle.internal.service.DefaultServiceLocator                               : loaded 2 times (x 79B)
Class com.google.common.cache.LocalCache$SoftValueReference                           : loaded 2 times (x 93B)
Class com.google.common.cache.LocalCache$EntryFactory$8                               : loaded 2 times (x 79B)
Class com.google.common.collect.ImmutableSet$SetBuilderImpl                           : loaded 2 times (x 72B)
Class org.gradle.internal.installation.CurrentGradleInstallation                      : loaded 2 times (x 69B)
Class com.google.common.cache.CacheLoader$1                                           : loaded 2 times (x 71B)
Class com.google.common.collect.ForwardingObject                                      : loaded 2 times (x 68B)
Class com.google.common.collect.ImmutableList$SubList                                 : loaded 2 times (x 205B)
Class org.gradle.util.internal.GUtil                                                  : loaded 2 times (x 67B)
Class kotlin.io.NoSuchFileException                                                   : loaded 2 times (x 78B)
Class kotlin.collections.CollectionsKt                                                : loaded 2 times (x 67B)
Class com.google.common.io.ByteSource                                                 : loaded 2 times (x 80B)
Class com.google.common.util.concurrent.AbstractFuture$SetFuture                      : loaded 2 times (x 71B)
Class com.google.common.cache.AbstractCache$StatsCounter                              : loaded 2 times (x 66B)
Class com.google.common.reflect.Types$TypeVariableImpl                                : loaded 2 times (x 68B)
Class com.google.common.collect.MapMakerInternalMap$1                                 : loaded 2 times (x 79B)
Class com.google.common.collect.Iterators$MergingIterator                             : loaded 2 times (x 77B)
Class com.google.common.collect.RegularImmutableSet                                   : loaded 2 times (x 145B)
Class org.gradle.internal.installation.GradleInstallation                             : loaded 2 times (x 71B)
Class kotlin.collections.CollectionsKt__IteratorsJVMKt$iterator$1                     : loaded 2 times (x 75B)
Class com.google.common.base.Splitter$Strategy                                        : loaded 2 times (x 66B)
Class com.google.common.collect.Iterables                                             : loaded 2 times (x 67B)

---------------  S Y S T E M  ---------------

OS:
 Windows 10 , 64 bit Build 19041 (10.0.19041.5915)
OS uptime: 0 days 4:54 hours
Hyper-V role detected

CPU: total 4 (initial active 4) (2 cores per cpu, 2 threads per core) family 6 model 78 stepping 3 microcode 0xea, cx8, cmov, fxsr, ht, mmx, 3dnowpref, sse, sse2, sse3, ssse3, sse4.1, sse4.2, popcnt, lzcnt, tsc, tscinvbit, avx, avx2, aes, erms, clmul, bmi1, bmi2, rtm, adx, fma, vzeroupper, clflush, clflushopt, hv, rdtscp, f16c
Processor Information for the first 4 processors :
  Max Mhz: 2496, Current Mhz: 2396, Mhz Limit: 2396

Memory: 4k page, system-wide physical 8072M (394M free)
TotalPageFile size 12168M (AvailPageFile size 320M)
current process WorkingSet (physical memory assigned to process): 725M, peak: 1014M
current process commit charge ("private bytes"): 1171M, peak: 1998M

vm_info: OpenJDK 64-Bit Server VM (21.0.6+-13391695-b895.109) for windows-amd64 JRE (21.0.6+-13391695-b895.109), built on 2025-04-22T21:19:17Z by "builder" with MS VC++ 16.10 / 16.11 (VS2019)

END.
