#
# There is insufficient memory for the Java Runtime Environment to continue.
# Native memory allocation (mmap) failed to map 1325400064 bytes. Error detail: G1 virtual space
# Possible reasons:
#   The system is out of physical RAM or swap space
#   This process is running with CompressedOops enabled, and the Java Heap may be blocking the growth of the native heap
# Possible solutions:
#   Reduce memory load on the system
#   Increase physical memory or swap space
#   Check if swap backing store is full
#   Decrease Java heap size (-Xmx/-Xms)
#   Decrease number of Java threads
#   Decrease Java thread stack sizes (-Xss)
#   Set larger code cache with -XX:ReservedCodeCacheSize=
#   JVM is running with Zero Based Compressed Oops mode in which the Java heap is
#     placed in the first 32GB address space. The Java Heap base address is the
#     maximum limit for the native heap growth. Please use -XX:HeapBaseMinAddress
#     to set the Java Heap base and to place the Java Heap above 32GB virtual address.
# This output file may be truncated or incomplete.
#
#  Out of Memory Error (os_windows.cpp:3898), pid=5788, tid=10152
#
# JRE version: OpenJDK Runtime Environment (21.0.6) (build 21.0.6+-13391695-b895.109)
# Java VM: OpenJDK 64-Bit Server VM (21.0.6+-13391695-b895.109, mixed mode, tiered, compressed oops, compressed class ptrs, g1 gc, windows-amd64)
# No core dump will be written. Minidumps are not enabled by default on client versions of Windows
#

---------------  S U M M A R Y ------------

Command Line: --add-opens=java.base/java.lang=ALL-UNNAMED --add-opens=java.base/java.lang.invoke=ALL-UNNAMED --add-opens=java.base/java.util=ALL-UNNAMED --add-opens=java.prefs/java.util.prefs=ALL-UNNAMED --add-exports=jdk.compiler/com.sun.tools.javac.api=ALL-UNNAMED --add-exports=jdk.compiler/com.sun.tools.javac.util=ALL-UNNAMED --add-opens=java.base/java.util=ALL-UNNAMED --add-opens=java.prefs/java.util.prefs=ALL-UNNAMED --add-opens=java.base/java.nio.charset=ALL-UNNAMED --add-opens=java.base/java.net=ALL-UNNAMED --add-opens=java.base/java.util.concurrent.atomic=ALL-UNNAMED --add-opens=java.xml/javax.xml.namespace=ALL-UNNAMED -Xmx4096m -Dfile.encoding=UTF-8 -Duser.country=US -Duser.language=en -Duser.variant -javaagent:D:\Gradle\wrapper\dists\gradle-8.13-bin\5xuhj0ry160q40clulazy9h7d\gradle-8.13\lib\agents\gradle-instrumentation-agent-8.13.jar org.gradle.launcher.daemon.bootstrap.GradleDaemon 8.13

Host: Intel(R) Core(TM) i5-6300U CPU @ 2.40GHz, 4 cores, 7G,  Windows 10 , 64 bit Build 19041 (10.0.19041.5915)
Time: Sun Nov  9 20:25:03 2025 Pakistan Standard Time elapsed time: 2575.867554 seconds (0d 0h 42m 55s)

---------------  T H R E A D  ---------------

Current thread (0x000001bb869c2880):  VMThread "VM Thread"          [id=10152, stack(0x000000545ff00000,0x0000005460000000) (1024K)]

Stack: [0x000000545ff00000,0x0000005460000000]
Native frames: (J=compiled Java code, j=interpreted, Vv=VM code, C=native code)
V  [jvm.dll+0x6d0639]
V  [jvm.dll+0x85eb03]
V  [jvm.dll+0x86105e]
V  [jvm.dll+0x861743]
V  [jvm.dll+0x27e6e6]
V  [jvm.dll+0x6ccfd5]
V  [jvm.dll+0x6c0a8a]
V  [jvm.dll+0x35537b]
V  [jvm.dll+0x35cfd6]
V  [jvm.dll+0x3aef86]
V  [jvm.dll+0x3af258]
V  [jvm.dll+0x327a2c]
V  [jvm.dll+0x327ab7]
V  [jvm.dll+0x36d93c]
V  [jvm.dll+0x36c0ee]
V  [jvm.dll+0x327181]
V  [jvm.dll+0x36bb1b]
V  [jvm.dll+0x8674c8]
V  [jvm.dll+0x868844]
V  [jvm.dll+0x868d80]
V  [jvm.dll+0x869013]
V  [jvm.dll+0x806ed8]
V  [jvm.dll+0x6cef0d]
C  [ucrtbase.dll+0x21bb2]
C  [KERNEL32.DLL+0x17374]
C  [ntdll.dll+0x4cc91]

VM_Operation (0x00000054651fd780): G1TryInitiateConcMark, mode: safepoint, requested by thread 0x000001bb91a8da00


---------------  P R O C E S S  ---------------

Threads class SMR info:
_java_thread_list=0x000001bb8ecfa3c0, length=87, elements={
0x000001bbeb084840, 0x000001bb86b4c680, 0x000001bb86b4f0e0, 0x000001bb86b4fb30,
0x000001bb86b50580, 0x000001bb86b59550, 0x000001bb86b59bb0, 0x000001bb86b5a930,
0x000001bb86bccc50, 0x000001bb86c711e0, 0x000001bb86e8bc40, 0x000001bb8c6c8bd0,
0x000001bb8c3f5800, 0x000001bb8bd9c410, 0x000001bb8c90d460, 0x000001bb8c90f530,
0x000001bb8c90eea0, 0x000001bb8c90e810, 0x000001bb8c90fbc0, 0x000001bb8c9d6890,
0x000001bb8c9d75b0, 0x000001bb8c9d7c40, 0x000001bb8c9d82d0, 0x000001bb8c9d3410,
0x000001bb8e38d230, 0x000001bb8c90daf0, 0x000001bb8c9d4e50, 0x000001bb8c9d19d0,
0x000001bb90c16190, 0x000001bb966bd0c0, 0x000001bb966b8f20, 0x000001bb96a20e40,
0x000001bb96a1e050, 0x000001bb96a1d330, 0x000001bb96a1e6e0, 0x000001bb96a1f400,
0x000001bb96a1ed70, 0x000001bb96a22f10, 0x000001bb96a235a0, 0x000001bb96a1d9c0,
0x000001bb96a21b60, 0x000001bb96a221f0, 0x000001bb96a1c610, 0x000001bb91a8b930,
0x000001bb91a8bfc0, 0x000001bb91a85030, 0x000001bb91a8ac10, 0x000001bb91a8c650,
0x000001bb91a87790, 0x000001bb91a856c0, 0x000001bb91a88b40, 0x000001bb91a89860,
0x000001bb91a87e20, 0x000001bb91a8cce0, 0x000001bb91a884b0, 0x000001bb91a85d50,
0x000001bb91a8fad0, 0x000001bb91a90e80, 0x000001bb91a93c70, 0x000001bb91a91ba0,
0x000001bb91a8edb0, 0x000001bb91a90160, 0x000001bb91a8e720, 0x000001bb91a91510,
0x000001bb972b0910, 0x000001bb972aa6a0, 0x000001bb966beb00, 0x000001bb966bf190,
0x000001bb966bf820, 0x000001bb8e3920f0, 0x000001bb8e38ec70, 0x000001bb8e38f990,
0x000001bb8e390020, 0x000001bb8e390d40, 0x000001bb8e392780, 0x000001bb91a849a0,
0x000001bb91a8d370, 0x000001bb91a863e0, 0x000001bb91a86a70, 0x000001bb91a8f440,
0x000001bb91a92230, 0x000001bb91a928c0, 0x000001bb91a935e0, 0x000001bb91a8da00,
0x000001bb91a8e090, 0x000001bb8c9d3aa0, 0x000001bb97ec8ff0
}

Java Threads: ( => current thread )
  0x000001bbeb084840 JavaThread "main"                              [_thread_blocked, id=2852, stack(0x000000545f800000,0x000000545f900000) (1024K)]
  0x000001bb86b4c680 JavaThread "Reference Handler"          daemon [_thread_blocked, id=6068, stack(0x0000005460000000,0x0000005460100000) (1024K)]
  0x000001bb86b4f0e0 JavaThread "Finalizer"                  daemon [_thread_blocked, id=7120, stack(0x0000005460100000,0x0000005460200000) (1024K)]
  0x000001bb86b4fb30 JavaThread "Signal Dispatcher"          daemon [_thread_blocked, id=6324, stack(0x0000005460200000,0x0000005460300000) (1024K)]
  0x000001bb86b50580 JavaThread "Attach Listener"            daemon [_thread_blocked, id=8656, stack(0x0000005460300000,0x0000005460400000) (1024K)]
  0x000001bb86b59550 JavaThread "Service Thread"             daemon [_thread_blocked, id=12080, stack(0x0000005460400000,0x0000005460500000) (1024K)]
  0x000001bb86b59bb0 JavaThread "Monitor Deflation Thread"   daemon [_thread_blocked, id=9964, stack(0x0000005460500000,0x0000005460600000) (1024K)]
  0x000001bb86b5a930 JavaThread "C2 CompilerThread0"         daemon [_thread_blocked, id=6568, stack(0x0000005460600000,0x0000005460700000) (1024K)]
  0x000001bb86bccc50 JavaThread "C1 CompilerThread0"         daemon [_thread_blocked, id=5004, stack(0x0000005460700000,0x0000005460800000) (1024K)]
  0x000001bb86c711e0 JavaThread "Common-Cleaner"             daemon [_thread_blocked, id=7468, stack(0x0000005460800000,0x0000005460900000) (1024K)]
  0x000001bb86e8bc40 JavaThread "Notification Thread"        daemon [_thread_blocked, id=3096, stack(0x0000005460900000,0x0000005460a00000) (1024K)]
  0x000001bb8c6c8bd0 JavaThread "Daemon health stats"               [_thread_blocked, id=10168, stack(0x0000005460d00000,0x0000005460e00000) (1024K)]
  0x000001bb8c3f5800 JavaThread "Incoming local TCP Connector on port 63210"        [_thread_in_native, id=11776, stack(0x0000005460e00000,0x0000005460f00000) (1024K)]
  0x000001bb8bd9c410 JavaThread "Daemon periodic checks"            [_thread_blocked, id=4952, stack(0x0000005460f00000,0x0000005461000000) (1024K)]
  0x000001bb8c90d460 JavaThread "Cache worker for journal cache (D:\Gradle\caches\journal-1)"        [_thread_blocked, id=1540, stack(0x0000005461700000,0x0000005461800000) (1024K)]
  0x000001bb8c90f530 JavaThread "File lock request listener"        [_thread_in_native, id=3040, stack(0x0000005461800000,0x0000005461900000) (1024K)]
  0x000001bb8c90eea0 JavaThread "Cache worker for file hash cache (D:\Gradle\caches\8.13\fileHashes)"        [_thread_blocked, id=604, stack(0x0000005461900000,0x0000005461a00000) (1024K)]
  0x000001bb8c90e810 JavaThread "File watcher server"        daemon [_thread_blocked, id=2744, stack(0x0000005461c00000,0x0000005461d00000) (1024K)]
  0x000001bb8c90fbc0 JavaThread "File watcher consumer"      daemon [_thread_blocked, id=7988, stack(0x0000005461d00000,0x0000005461e00000) (1024K)]
  0x000001bb8c9d6890 JavaThread "jar transforms"                    [_thread_blocked, id=11312, stack(0x000000545f600000,0x000000545f700000) (1024K)]
  0x000001bb8c9d75b0 JavaThread "jar transforms Thread 2"           [_thread_blocked, id=8540, stack(0x000000545f700000,0x000000545f800000) (1024K)]
  0x000001bb8c9d7c40 JavaThread "jar transforms Thread 3"           [_thread_blocked, id=2172, stack(0x0000005461e00000,0x0000005461f00000) (1024K)]
  0x000001bb8c9d82d0 JavaThread "jar transforms Thread 4"           [_thread_blocked, id=11480, stack(0x0000005461f00000,0x0000005462000000) (1024K)]
  0x000001bb8c9d3410 JavaThread "Cache worker for file content cache (D:\Gradle\caches\8.13\fileContent)"        [_thread_blocked, id=1528, stack(0x0000005462100000,0x0000005462200000) (1024K)]
  0x000001bb8e38d230 JavaThread "Memory manager"                    [_thread_blocked, id=5008, stack(0x0000005463800000,0x0000005463900000) (1024K)]
  0x000001bb8c90daf0 JavaThread "RMI Scheduler(0)"           daemon [_thread_blocked, id=13196, stack(0x0000005465b00000,0x0000005465c00000) (1024K)]
  0x000001bb8c9d4e50 JavaThread "RMI GC Daemon"              daemon [_thread_blocked, id=3392, stack(0x0000005465d00000,0x0000005465e00000) (1024K)]
  0x000001bb8c9d19d0 JavaThread "RMI TCP Accept-0"           daemon [_thread_in_native, id=10972, stack(0x0000005465e00000,0x0000005465f00000) (1024K)]
  0x000001bb90c16190 JavaThread "RMI Reaper"                        [_thread_blocked, id=10928, stack(0x0000005465f00000,0x0000005466000000) (1024K)]
  0x000001bb966bd0c0 JavaThread "Daemon Thread 3"                   [_thread_blocked, id=11416, stack(0x0000005461000000,0x0000005461100000) (1024K)]
  0x000001bb966b8f20 JavaThread "Daemon worker Thread 3"            [_thread_blocked, id=1296, stack(0x0000005461300000,0x0000005461400000) (1024K)]
  0x000001bb96a20e40 JavaThread "Handler for socket connection from /127.0.0.1:63210 to /127.0.0.1:64066"        [_thread_in_native, id=7732, stack(0x0000005461100000,0x0000005461200000) (1024K)]
  0x000001bb96a1e050 JavaThread "Cancel handler"                    [_thread_blocked, id=1292, stack(0x0000005461200000,0x0000005461300000) (1024K)]
  0x000001bb96a1d330 JavaThread "Asynchronous log dispatcher for DefaultDaemonConnection: socket connection from /127.0.0.1:63210 to /127.0.0.1:64066"        [_thread_blocked, id=5872, stack(0x0000005461500000,0x0000005461600000) (1024K)]
  0x000001bb96a1e6e0 JavaThread "Stdin handler"                     [_thread_blocked, id=5796, stack(0x0000005461600000,0x0000005461700000) (1024K)]
  0x000001bb96a1f400 JavaThread "Daemon client event forwarder"        [_thread_blocked, id=12840, stack(0x0000005461a00000,0x0000005461b00000) (1024K)]
  0x000001bb96a1ed70 JavaThread "Cache worker for file hash cache (D:\SEMESTER 7\SMD_Assignment\Assignment_2\.gradle\8.13\fileHashes)"        [_thread_blocked, id=12172, stack(0x0000005461b00000,0x0000005461c00000) (1024K)]
  0x000001bb96a22f10 JavaThread "Cache worker for Build Output Cleanup Cache (D:\SEMESTER 7\SMD_Assignment\Assignment_2\.gradle\buildOutputCleanup)"        [_thread_blocked, id=6264, stack(0x0000005462000000,0x0000005462100000) (1024K)]
  0x000001bb96a235a0 JavaThread "Cache worker for checksums cache (D:\SEMESTER 7\SMD_Assignment\Assignment_2\.gradle\8.13\checksums)"        [_thread_blocked, id=9412, stack(0x0000005462200000,0x0000005462300000) (1024K)]
  0x000001bb96a1d9c0 JavaThread "Cache worker for cache directory md-supplier (D:\Gradle\caches\8.13\md-supplier)"        [_thread_blocked, id=3512, stack(0x0000005462300000,0x0000005462400000) (1024K)]
  0x000001bb96a21b60 JavaThread "Cache worker for cache directory md-rule (D:\Gradle\caches\8.13\md-rule)"        [_thread_blocked, id=580, stack(0x0000005462400000,0x0000005462500000) (1024K)]
  0x000001bb96a221f0 JavaThread "Unconstrained build operations"        [_thread_blocked, id=10788, stack(0x0000005462500000,0x0000005462600000) (1024K)]
  0x000001bb96a1c610 JavaThread "Unconstrained build operations Thread 2"        [_thread_blocked, id=5104, stack(0x0000005462600000,0x0000005462700000) (1024K)]
  0x000001bb91a8b930 JavaThread "Unconstrained build operations Thread 3"        [_thread_blocked, id=4764, stack(0x0000005462700000,0x0000005462800000) (1024K)]
  0x000001bb91a8bfc0 JavaThread "Unconstrained build operations Thread 4"        [_thread_blocked, id=11060, stack(0x0000005462a00000,0x0000005462b00000) (1024K)]
  0x000001bb91a85030 JavaThread "Unconstrained build operations Thread 5"        [_thread_blocked, id=2908, stack(0x0000005462b00000,0x0000005462c00000) (1024K)]
  0x000001bb91a8ac10 JavaThread "Unconstrained build operations Thread 6"        [_thread_blocked, id=3924, stack(0x0000005462c00000,0x0000005462d00000) (1024K)]
  0x000001bb91a8c650 JavaThread "Unconstrained build operations Thread 7"        [_thread_blocked, id=7664, stack(0x0000005462d00000,0x0000005462e00000) (1024K)]
  0x000001bb91a87790 JavaThread "Unconstrained build operations Thread 8"        [_thread_blocked, id=12596, stack(0x0000005462e00000,0x0000005462f00000) (1024K)]
  0x000001bb91a856c0 JavaThread "Unconstrained build operations Thread 9"        [_thread_blocked, id=10060, stack(0x0000005462f00000,0x0000005463000000) (1024K)]
  0x000001bb91a88b40 JavaThread "Unconstrained build operations Thread 10"        [_thread_blocked, id=464, stack(0x0000005463000000,0x0000005463100000) (1024K)]
  0x000001bb91a89860 JavaThread "Unconstrained build operations Thread 11"        [_thread_blocked, id=4280, stack(0x0000005463100000,0x0000005463200000) (1024K)]
  0x000001bb91a87e20 JavaThread "Unconstrained build operations Thread 12"        [_thread_blocked, id=11912, stack(0x0000005463200000,0x0000005463300000) (1024K)]
  0x000001bb91a8cce0 JavaThread "build event listener"              [_thread_blocked, id=9460, stack(0x0000005463300000,0x0000005463400000) (1024K)]
  0x000001bb91a884b0 JavaThread "build event listener"              [_thread_blocked, id=3460, stack(0x0000005463400000,0x0000005463500000) (1024K)]
  0x000001bb91a85d50 JavaThread "included builds"                   [_thread_blocked, id=4700, stack(0x0000005463500000,0x0000005463600000) (1024K)]
  0x000001bb91a8fad0 JavaThread "Execution worker"                  [_thread_blocked, id=4264, stack(0x0000005463600000,0x0000005463700000) (1024K)]
  0x000001bb91a90e80 JavaThread "Execution worker Thread 2"         [_thread_blocked, id=8712, stack(0x0000005463700000,0x0000005463800000) (1024K)]
  0x000001bb91a93c70 JavaThread "Execution worker Thread 3"         [_thread_blocked, id=9200, stack(0x0000005463900000,0x0000005463a00000) (1024K)]
  0x000001bb91a91ba0 JavaThread "Cache worker for execution history cache (D:\SEMESTER 7\SMD_Assignment\Assignment_2\.gradle\8.13\executionHistory)"        [_thread_blocked, id=12640, stack(0x0000005463a00000,0x0000005463b00000) (1024K)]
  0x000001bb91a8edb0 JavaThread "Unconstrained build operations Thread 13"        [_thread_blocked, id=6340, stack(0x0000005463b00000,0x0000005463c00000) (1024K)]
  0x000001bb91a90160 JavaThread "Unconstrained build operations Thread 14"        [_thread_blocked, id=11392, stack(0x0000005463c00000,0x0000005463d00000) (1024K)]
  0x000001bb91a8e720 JavaThread "Unconstrained build operations Thread 15"        [_thread_blocked, id=11404, stack(0x0000005463e00000,0x0000005463f00000) (1024K)]
  0x000001bb91a91510 JavaThread "Unconstrained build operations Thread 16"        [_thread_blocked, id=3132, stack(0x0000005463f00000,0x0000005464000000) (1024K)]
  0x000001bb972b0910 JavaThread "WorkerExecutor Queue"              [_thread_blocked, id=10992, stack(0x0000005462900000,0x0000005462a00000) (1024K)]
  0x000001bb972aa6a0 JavaThread "WorkerExecutor Queue Thread 3"        [_thread_blocked, id=7256, stack(0x0000005464100000,0x0000005464200000) (1024K)]
  0x000001bb966beb00 JavaThread "Unconstrained build operations Thread 17"        [_thread_blocked, id=8456, stack(0x0000005462800000,0x0000005462900000) (1024K)]
  0x000001bb966bf190 JavaThread "Unconstrained build operations Thread 18"        [_thread_blocked, id=8520, stack(0x0000005464500000,0x0000005464600000) (1024K)]
  0x000001bb966bf820 JavaThread "Unconstrained build operations Thread 19"        [_thread_blocked, id=8864, stack(0x0000005464400000,0x0000005464500000) (1024K)]
  0x000001bb8e3920f0 JavaThread "WorkerExecutor Queue Thread 5"        [_thread_blocked, id=7564, stack(0x0000005464600000,0x0000005464700000) (1024K)]
  0x000001bb8e38ec70 JavaThread "Unconstrained build operations Thread 20"        [_thread_blocked, id=10804, stack(0x0000005464700000,0x0000005464800000) (1024K)]
  0x000001bb8e38f990 JavaThread "Unconstrained build operations Thread 21"        [_thread_blocked, id=8872, stack(0x0000005464800000,0x0000005464900000) (1024K)]
  0x000001bb8e390020 JavaThread "Unconstrained build operations Thread 22"        [_thread_blocked, id=8144, stack(0x0000005464900000,0x0000005464a00000) (1024K)]
  0x000001bb8e390d40 JavaThread "Unconstrained build operations Thread 23"        [_thread_blocked, id=756, stack(0x0000005464b00000,0x0000005464c00000) (1024K)]
  0x000001bb8e392780 JavaThread "Unconstrained build operations Thread 24"        [_thread_blocked, id=3548, stack(0x0000005464200000,0x0000005464300000) (1024K)]
  0x000001bb91a849a0 JavaThread "Unconstrained build operations Thread 25"        [_thread_blocked, id=544, stack(0x0000005461400000,0x0000005461500000) (1024K)]
  0x000001bb91a8d370 JavaThread "Unconstrained build operations Thread 26"        [_thread_blocked, id=7104, stack(0x0000005464c00000,0x0000005464d00000) (1024K)]
  0x000001bb91a863e0 JavaThread "WorkerExecutor Queue Thread 6"        [_thread_blocked, id=6260, stack(0x0000005464d00000,0x0000005464e00000) (1024K)]
  0x000001bb91a86a70 JavaThread "Unconstrained build operations Thread 27"        [_thread_blocked, id=11852, stack(0x0000005464e00000,0x0000005464f00000) (1024K)]
  0x000001bb91a8f440 JavaThread "pool-11-thread-1"                  [_thread_blocked, id=10852, stack(0x0000005464f00000,0x0000005465000000) (1024K)]
  0x000001bb91a92230 JavaThread "stderr"                            [_thread_in_native, id=4932, stack(0x0000005464a00000,0x0000005464b00000) (1024K)]
  0x000001bb91a928c0 JavaThread "stdout"                            [_thread_in_native, id=10912, stack(0x0000005465000000,0x0000005465100000) (1024K)]
  0x000001bb91a935e0 JavaThread "ForkJoinPool-1-worker-1"    daemon [_thread_blocked, id=12028, stack(0x0000005464000000,0x0000005464100000) (1024K)]
  0x000001bb91a8da00 JavaThread "ForkJoinPool-1-worker-2"    daemon [_thread_blocked, id=9548, stack(0x0000005465100000,0x0000005465200000) (1024K)]
  0x000001bb91a8e090 JavaThread "ForkJoinPool-1-worker-3"    daemon [_thread_blocked, id=8812, stack(0x0000005465200000,0x0000005465300000) (1024K)]
  0x000001bb8c9d3aa0 JavaThread "ForkJoinPool-1-worker-4"    daemon [_thread_blocked, id=6084, stack(0x0000005465300000,0x0000005465400000) (1024K)]
  0x000001bb97ec8ff0 JavaThread "C2 CompilerThread1"         daemon [_thread_blocked, id=8804, stack(0x0000005465400000,0x0000005465500000) (1024K)]
Total: 87

Other Threads:
=>0x000001bb869c2880 VMThread "VM Thread"                           [id=10152, stack(0x000000545ff00000,0x0000005460000000) (1024K)]
  0x000001bb8692eb30 WatcherThread "VM Periodic Task Thread"        [id=1764, stack(0x000000545fe00000,0x000000545ff00000) (1024K)]
  0x000001bbed3571f0 WorkerThread "GC Thread#0"                     [id=8224, stack(0x000000545f900000,0x000000545fa00000) (1024K)]
  0x000001bb8b0779d0 WorkerThread "GC Thread#1"                     [id=4812, stack(0x0000005460a00000,0x0000005460b00000) (1024K)]
  0x000001bb8b077d70 WorkerThread "GC Thread#2"                     [id=1544, stack(0x0000005460b00000,0x0000005460c00000) (1024K)]
  0x000001bb8ba58ae0 WorkerThread "GC Thread#3"                     [id=2032, stack(0x0000005460c00000,0x0000005460d00000) (1024K)]
  0x000001bbed367f80 ConcurrentGCThread "G1 Main Marker"            [id=11712, stack(0x000000545fa00000,0x000000545fb00000) (1024K)]
  0x000001bbed3689a0 WorkerThread "G1 Conc#0"                       [id=7132, stack(0x000000545fb00000,0x000000545fc00000) (1024K)]
  0x000001bb868110a0 ConcurrentGCThread "G1 Refine#0"               [id=956, stack(0x000000545fc00000,0x000000545fd00000) (1024K)]
  0x000001bb86811b30 ConcurrentGCThread "G1 Service"                [id=12664, stack(0x000000545fd00000,0x000000545fe00000) (1024K)]
Total: 10

Threads with active compile tasks:
C2 CompilerThread0  2575974 45807       4       com.android.tools.r8.dex.L::a (836 bytes)
C2 CompilerThread1  2575974 45805       4       java.nio.HeapByteBuffer::asShortBuffer (67 bytes)
Total: 2

VM state: at safepoint (normal execution)

VM Mutex/Monitor currently owned by a thread:  ([mutex/lock_event])
[0x00007ffe4059e3a0] Threads_lock - owner thread: 0x000001bb869c2880
[0x00007ffe4059e4a0] Heap_lock - owner thread: 0x000001bb91a8da00

Heap address: 0x0000000700000000, size: 4096 MB, Compressed Oops mode: Zero based, Oop shift amount: 3

CDS archive(s) not mapped
Compressed class space mapped at: 0x0000000800000000-0x0000000840000000, reserved size: 1073741824
Narrow klass base: 0x0000000800000000, Narrow klass shift: 0, Narrow klass range: 0x40000000

GC Precious Log:
 CardTable entry size: 512
 Card Set container configuration: InlinePtr #cards 4 size 8 Array Of Cards #cards 16 size 48 Howl #buckets 8 coarsen threshold 3686 Howl Bitmap #cards 512 size 80 coarsen threshold 460 Card regions per heap region 1 cards per card region 4096
 CPUs: 4 total, 4 available
 Memory: 8072M
 Large Page Support: Disabled
 NUMA Support: Disabled
 Compressed Oops: Enabled (Zero based)
 Heap Region Size: 2M
 Heap Min Capacity: 8M
 Heap Initial Capacity: 128M
 Heap Max Capacity: 4G
 Pre-touch: Disabled
 Parallel Workers: 4
 Concurrent Workers: 1
 Concurrent Refinement Workers: 4
 Periodic GC: Disabled

Heap:
 garbage-first heap   total 710656K, used 464477K [0x0000000700000000, 0x0000000800000000)
  region size 2048K, 1 young (2048K), 1 survivors (2048K)
 Metaspace       used 204096K, committed 207040K, reserved 1245184K
  class space    used 26885K, committed 28352K, reserved 1048576K

Heap Regions: E=young(eden), S=young(survivor), O=old, HS=humongous(starts), HC=humongous(continues), CS=collection set, F=free, TAMS=top-at-mark-start, PB=parsable bottom
|   0|0x0000000700000000, 0x0000000700200000, 0x0000000700200000|100%|HS|  |TAMS 0x0000000700200000| PB 0x0000000700000000| Complete 
|   1|0x0000000700200000, 0x0000000700400000, 0x0000000700400000|100%|HC|  |TAMS 0x0000000700400000| PB 0x0000000700200000| Complete 
|   2|0x0000000700400000, 0x0000000700600000, 0x0000000700600000|100%| O|  |TAMS 0x0000000700600000| PB 0x0000000700400000| Untracked 
|   3|0x0000000700600000, 0x0000000700800000, 0x0000000700800000|100%| O|  |TAMS 0x0000000700800000| PB 0x0000000700600000| Untracked 
|   4|0x0000000700800000, 0x0000000700a00000, 0x0000000700a00000|100%| O|  |TAMS 0x0000000700a00000| PB 0x0000000700800000| Untracked 
|   5|0x0000000700a00000, 0x0000000700c00000, 0x0000000700c00000|100%| O|  |TAMS 0x0000000700c00000| PB 0x0000000700a00000| Untracked 
|   6|0x0000000700c00000, 0x0000000700e00000, 0x0000000700e00000|100%| O|  |TAMS 0x0000000700e00000| PB 0x0000000700c00000| Untracked 
|   7|0x0000000700e00000, 0x0000000701000000, 0x0000000701000000|100%| O|  |TAMS 0x0000000701000000| PB 0x0000000700e00000| Untracked 
|   8|0x0000000701000000, 0x0000000701200000, 0x0000000701200000|100%| O|  |TAMS 0x0000000701200000| PB 0x0000000701000000| Untracked 
|   9|0x0000000701200000, 0x0000000701400000, 0x0000000701400000|100%| O|  |TAMS 0x0000000701400000| PB 0x0000000701200000| Untracked 
|  10|0x0000000701400000, 0x0000000701600000, 0x0000000701600000|100%| O|  |TAMS 0x0000000701600000| PB 0x0000000701400000| Untracked 
|  11|0x0000000701600000, 0x0000000701800000, 0x0000000701800000|100%|HS|  |TAMS 0x0000000701800000| PB 0x0000000701600000| Complete 
|  12|0x0000000701800000, 0x0000000701a00000, 0x0000000701a00000|100%|HC|  |TAMS 0x0000000701a00000| PB 0x0000000701800000| Complete 
|  13|0x0000000701a00000, 0x0000000701c00000, 0x0000000701c00000|100%|HC|  |TAMS 0x0000000701c00000| PB 0x0000000701a00000| Complete 
|  14|0x0000000701c00000, 0x0000000701e00000, 0x0000000701e00000|100%|HS|  |TAMS 0x0000000701e00000| PB 0x0000000701c00000| Complete 
|  15|0x0000000701e00000, 0x0000000702000000, 0x0000000702000000|100%|HC|  |TAMS 0x0000000702000000| PB 0x0000000701e00000| Complete 
|  16|0x0000000702000000, 0x0000000702200000, 0x0000000702200000|100%| O|  |TAMS 0x0000000702200000| PB 0x0000000702000000| Untracked 
|  17|0x0000000702200000, 0x0000000702400000, 0x0000000702400000|100%|HS|  |TAMS 0x0000000702400000| PB 0x0000000702200000| Complete 
|  18|0x0000000702400000, 0x0000000702600000, 0x0000000702600000|100%|HS|  |TAMS 0x0000000702600000| PB 0x0000000702400000| Complete 
|  19|0x0000000702600000, 0x0000000702800000, 0x0000000702800000|100%|HS|  |TAMS 0x0000000702800000| PB 0x0000000702600000| Complete 
|  20|0x0000000702800000, 0x0000000702a00000, 0x0000000702a00000|100%|HC|  |TAMS 0x0000000702a00000| PB 0x0000000702800000| Complete 
|  21|0x0000000702a00000, 0x0000000702c00000, 0x0000000702c00000|100%|HC|  |TAMS 0x0000000702c00000| PB 0x0000000702a00000| Complete 
|  22|0x0000000702c00000, 0x0000000702e00000, 0x0000000702e00000|100%|HS|  |TAMS 0x0000000702e00000| PB 0x0000000702c00000| Complete 
|  23|0x0000000702e00000, 0x0000000703000000, 0x0000000703000000|100%|HC|  |TAMS 0x0000000703000000| PB 0x0000000702e00000| Complete 
|  24|0x0000000703000000, 0x0000000703200000, 0x0000000703200000|100%|HS|  |TAMS 0x0000000703200000| PB 0x0000000703000000| Complete 
|  25|0x0000000703200000, 0x0000000703400000, 0x0000000703400000|100%| O|  |TAMS 0x0000000703400000| PB 0x0000000703200000| Untracked 
|  26|0x0000000703400000, 0x0000000703600000, 0x0000000703600000|100%| O|  |TAMS 0x0000000703600000| PB 0x0000000703400000| Untracked 
|  27|0x0000000703600000, 0x0000000703800000, 0x0000000703800000|100%| O|  |TAMS 0x0000000703800000| PB 0x0000000703600000| Untracked 
|  28|0x0000000703800000, 0x0000000703a00000, 0x0000000703a00000|100%| O|  |TAMS 0x0000000703a00000| PB 0x0000000703800000| Untracked 
|  29|0x0000000703a00000, 0x0000000703c00000, 0x0000000703c00000|100%| O|  |TAMS 0x0000000703c00000| PB 0x0000000703a00000| Untracked 
|  30|0x0000000703c00000, 0x0000000703e00000, 0x0000000703e00000|100%| O|  |TAMS 0x0000000703e00000| PB 0x0000000703c00000| Untracked 
|  31|0x0000000703e00000, 0x0000000704000000, 0x0000000704000000|100%| O|  |TAMS 0x0000000704000000| PB 0x0000000703e00000| Untracked 
|  32|0x0000000704000000, 0x0000000704200000, 0x0000000704200000|100%| O|  |TAMS 0x0000000704200000| PB 0x0000000704000000| Untracked 
|  33|0x0000000704200000, 0x0000000704400000, 0x0000000704400000|100%| O|  |TAMS 0x0000000704400000| PB 0x0000000704200000| Untracked 
|  34|0x0000000704400000, 0x0000000704600000, 0x0000000704600000|100%| O|  |TAMS 0x0000000704600000| PB 0x0000000704400000| Untracked 
|  35|0x0000000704600000, 0x0000000704800000, 0x0000000704800000|100%| O|  |TAMS 0x0000000704800000| PB 0x0000000704600000| Untracked 
|  36|0x0000000704800000, 0x0000000704a00000, 0x0000000704a00000|100%|HS|  |TAMS 0x0000000704a00000| PB 0x0000000704800000| Complete 
|  37|0x0000000704a00000, 0x0000000704c00000, 0x0000000704c00000|100%|HC|  |TAMS 0x0000000704c00000| PB 0x0000000704a00000| Complete 
|  38|0x0000000704c00000, 0x0000000704e00000, 0x0000000704e00000|100%|HC|  |TAMS 0x0000000704e00000| PB 0x0000000704c00000| Complete 
|  39|0x0000000704e00000, 0x0000000705000000, 0x0000000705000000|100%| O|  |TAMS 0x0000000705000000| PB 0x0000000704e00000| Untracked 
|  40|0x0000000705000000, 0x0000000705200000, 0x0000000705200000|100%| O|  |TAMS 0x0000000705200000| PB 0x0000000705000000| Untracked 
|  41|0x0000000705200000, 0x0000000705400000, 0x0000000705400000|100%| O|  |TAMS 0x0000000705400000| PB 0x0000000705200000| Untracked 
|  42|0x0000000705400000, 0x0000000705600000, 0x0000000705600000|100%|HS|  |TAMS 0x0000000705600000| PB 0x0000000705400000| Complete 
|  43|0x0000000705600000, 0x0000000705800000, 0x0000000705800000|100%|HC|  |TAMS 0x0000000705800000| PB 0x0000000705600000| Complete 
|  44|0x0000000705800000, 0x0000000705a00000, 0x0000000705a00000|100%|HC|  |TAMS 0x0000000705a00000| PB 0x0000000705800000| Complete 
|  45|0x0000000705a00000, 0x0000000705c00000, 0x0000000705c00000|100%| O|  |TAMS 0x0000000705c00000| PB 0x0000000705a00000| Untracked 
|  46|0x0000000705c00000, 0x0000000705e00000, 0x0000000705e00000|100%| O|  |TAMS 0x0000000705e00000| PB 0x0000000705c00000| Untracked 
|  47|0x0000000705e00000, 0x0000000706000000, 0x0000000706000000|100%| O|  |TAMS 0x0000000706000000| PB 0x0000000705e00000| Untracked 
|  48|0x0000000706000000, 0x0000000706200000, 0x0000000706200000|100%| O|  |TAMS 0x0000000706200000| PB 0x0000000706000000| Untracked 
|  49|0x0000000706200000, 0x0000000706400000, 0x0000000706400000|100%| O|  |TAMS 0x0000000706400000| PB 0x0000000706200000| Untracked 
|  50|0x0000000706400000, 0x0000000706600000, 0x0000000706600000|100%|HS|  |TAMS 0x0000000706600000| PB 0x0000000706400000| Complete 
|  51|0x0000000706600000, 0x0000000706800000, 0x0000000706800000|100%|HS|  |TAMS 0x0000000706800000| PB 0x0000000706600000| Complete 
|  52|0x0000000706800000, 0x0000000706a00000, 0x0000000706a00000|100%|HS|  |TAMS 0x0000000706a00000| PB 0x0000000706800000| Complete 
|  53|0x0000000706a00000, 0x0000000706c00000, 0x0000000706c00000|100%|HC|  |TAMS 0x0000000706c00000| PB 0x0000000706a00000| Complete 
|  54|0x0000000706c00000, 0x0000000706e00000, 0x0000000706e00000|100%| O|  |TAMS 0x0000000706e00000| PB 0x0000000706c00000| Untracked 
|  55|0x0000000706e00000, 0x0000000707000000, 0x0000000707000000|100%| O|  |TAMS 0x0000000707000000| PB 0x0000000706e00000| Untracked 
|  56|0x0000000707000000, 0x0000000707200000, 0x0000000707200000|100%| O|  |TAMS 0x0000000707200000| PB 0x0000000707000000| Untracked 
|  57|0x0000000707200000, 0x0000000707400000, 0x0000000707400000|100%| O|  |TAMS 0x0000000707400000| PB 0x0000000707200000| Untracked 
|  58|0x0000000707400000, 0x0000000707600000, 0x0000000707600000|100%| O|  |TAMS 0x0000000707600000| PB 0x0000000707400000| Untracked 
|  59|0x0000000707600000, 0x0000000707800000, 0x0000000707800000|100%| O|  |TAMS 0x0000000707800000| PB 0x0000000707600000| Untracked 
|  60|0x0000000707800000, 0x0000000707a00000, 0x0000000707a00000|100%| O|  |TAMS 0x0000000707a00000| PB 0x0000000707800000| Untracked 
|  61|0x0000000707a00000, 0x0000000707c00000, 0x0000000707c00000|100%| O|  |TAMS 0x0000000707c00000| PB 0x0000000707a00000| Untracked 
|  62|0x0000000707c00000, 0x0000000707e00000, 0x0000000707e00000|100%| O|  |TAMS 0x0000000707e00000| PB 0x0000000707c00000| Untracked 
|  63|0x0000000707e00000, 0x0000000708000000, 0x0000000708000000|100%|HS|  |TAMS 0x0000000708000000| PB 0x0000000707e00000| Complete 
|  64|0x0000000708000000, 0x0000000708200000, 0x0000000708200000|100%|HC|  |TAMS 0x0000000708200000| PB 0x0000000708000000| Complete 
|  65|0x0000000708200000, 0x0000000708400000, 0x0000000708400000|100%| O|  |TAMS 0x0000000708400000| PB 0x0000000708200000| Untracked 
|  66|0x0000000708400000, 0x0000000708600000, 0x0000000708600000|100%| O|  |TAMS 0x0000000708600000| PB 0x0000000708400000| Untracked 
|  67|0x0000000708600000, 0x0000000708800000, 0x0000000708800000|100%| O|  |TAMS 0x0000000708800000| PB 0x0000000708600000| Untracked 
|  68|0x0000000708800000, 0x0000000708a00000, 0x0000000708a00000|100%| O|  |TAMS 0x0000000708a00000| PB 0x0000000708800000| Untracked 
|  69|0x0000000708a00000, 0x0000000708c00000, 0x0000000708c00000|100%| O|  |TAMS 0x0000000708c00000| PB 0x0000000708a00000| Untracked 
|  70|0x0000000708c00000, 0x0000000708e00000, 0x0000000708e00000|100%|HS|  |TAMS 0x0000000708e00000| PB 0x0000000708c00000| Complete 
|  71|0x0000000708e00000, 0x0000000709000000, 0x0000000709000000|100%| O|  |TAMS 0x0000000709000000| PB 0x0000000708e00000| Untracked 
|  72|0x0000000709000000, 0x0000000709200000, 0x0000000709200000|100%| O|  |TAMS 0x0000000709200000| PB 0x0000000709000000| Untracked 
|  73|0x0000000709200000, 0x0000000709400000, 0x0000000709400000|100%| O|  |TAMS 0x0000000709400000| PB 0x0000000709200000| Untracked 
|  74|0x0000000709400000, 0x0000000709600000, 0x0000000709600000|100%| O|  |TAMS 0x0000000709600000| PB 0x0000000709400000| Untracked 
|  75|0x0000000709600000, 0x0000000709800000, 0x0000000709800000|100%| O|  |TAMS 0x0000000709800000| PB 0x0000000709600000| Untracked 
|  76|0x0000000709800000, 0x0000000709a00000, 0x0000000709a00000|100%| O|  |TAMS 0x0000000709a00000| PB 0x0000000709800000| Untracked 
|  77|0x0000000709a00000, 0x0000000709c00000, 0x0000000709c00000|100%| O|  |TAMS 0x0000000709c00000| PB 0x0000000709a00000| Untracked 
|  78|0x0000000709c00000, 0x0000000709e00000, 0x0000000709e00000|100%| O|  |TAMS 0x0000000709e00000| PB 0x0000000709c00000| Untracked 
|  79|0x0000000709e00000, 0x000000070a000000, 0x000000070a000000|100%| O|  |TAMS 0x000000070a000000| PB 0x0000000709e00000| Untracked 
|  80|0x000000070a000000, 0x000000070a200000, 0x000000070a200000|100%| O|  |TAMS 0x000000070a200000| PB 0x000000070a000000| Untracked 
|  81|0x000000070a200000, 0x000000070a400000, 0x000000070a400000|100%| O|  |TAMS 0x000000070a400000| PB 0x000000070a200000| Untracked 
|  82|0x000000070a400000, 0x000000070a600000, 0x000000070a600000|100%| O|  |TAMS 0x000000070a600000| PB 0x000000070a400000| Untracked 
|  83|0x000000070a600000, 0x000000070a800000, 0x000000070a800000|100%| O|  |TAMS 0x000000070a800000| PB 0x000000070a600000| Untracked 
|  84|0x000000070a800000, 0x000000070aa00000, 0x000000070aa00000|100%| O|  |TAMS 0x000000070aa00000| PB 0x000000070a800000| Untracked 
|  85|0x000000070aa00000, 0x000000070ac00000, 0x000000070ac00000|100%| O|  |TAMS 0x000000070ac00000| PB 0x000000070aa00000| Untracked 
|  86|0x000000070ac00000, 0x000000070ae00000, 0x000000070ae00000|100%| O|  |TAMS 0x000000070ac00000| PB 0x000000070ac00000| Untracked 
|  87|0x000000070ae00000, 0x000000070b000000, 0x000000070b000000|100%|HS|  |TAMS 0x000000070b000000| PB 0x000000070ae00000| Complete 
|  88|0x000000070b000000, 0x000000070b200000, 0x000000070b200000|100%| O|  |TAMS 0x000000070b000000| PB 0x000000070b000000| Untracked 
|  89|0x000000070b200000, 0x000000070b400000, 0x000000070b400000|100%| O|  |TAMS 0x000000070b400000| PB 0x000000070b200000| Untracked 
|  90|0x000000070b400000, 0x000000070b600000, 0x000000070b600000|100%| O|  |TAMS 0x000000070b600000| PB 0x000000070b400000| Untracked 
|  91|0x000000070b600000, 0x000000070b800000, 0x000000070b800000|100%| O|  |TAMS 0x000000070b800000| PB 0x000000070b600000| Untracked 
|  92|0x000000070b800000, 0x000000070ba00000, 0x000000070ba00000|100%|HS|  |TAMS 0x000000070ba00000| PB 0x000000070b800000| Complete 
|  93|0x000000070ba00000, 0x000000070bc00000, 0x000000070bc00000|100%|HS|  |TAMS 0x000000070bc00000| PB 0x000000070ba00000| Complete 
|  94|0x000000070bc00000, 0x000000070be00000, 0x000000070be00000|100%| O|  |TAMS 0x000000070be00000| PB 0x000000070bc00000| Untracked 
|  95|0x000000070be00000, 0x000000070c000000, 0x000000070c000000|100%| O|  |TAMS 0x000000070c000000| PB 0x000000070be00000| Untracked 
|  96|0x000000070c000000, 0x000000070c200000, 0x000000070c200000|100%| O|  |TAMS 0x000000070c200000| PB 0x000000070c000000| Untracked 
|  97|0x000000070c200000, 0x000000070c400000, 0x000000070c400000|100%| O|  |TAMS 0x000000070c400000| PB 0x000000070c200000| Untracked 
|  98|0x000000070c400000, 0x000000070c600000, 0x000000070c600000|100%|HS|  |TAMS 0x000000070c600000| PB 0x000000070c400000| Complete 
|  99|0x000000070c600000, 0x000000070c800000, 0x000000070c800000|100%| O|  |TAMS 0x000000070c800000| PB 0x000000070c600000| Untracked 
| 100|0x000000070c800000, 0x000000070ca00000, 0x000000070ca00000|100%|HS|  |TAMS 0x000000070ca00000| PB 0x000000070c800000| Complete 
| 101|0x000000070ca00000, 0x000000070cc00000, 0x000000070cc00000|100%|HS|  |TAMS 0x000000070cc00000| PB 0x000000070ca00000| Complete 
| 102|0x000000070cc00000, 0x000000070ce00000, 0x000000070ce00000|100%|HS|  |TAMS 0x000000070ce00000| PB 0x000000070cc00000| Complete 
| 103|0x000000070ce00000, 0x000000070d000000, 0x000000070d000000|100%|HS|  |TAMS 0x000000070d000000| PB 0x000000070ce00000| Complete 
| 104|0x000000070d000000, 0x000000070d200000, 0x000000070d200000|100%|HS|  |TAMS 0x000000070d200000| PB 0x000000070d000000| Complete 
| 105|0x000000070d200000, 0x000000070d400000, 0x000000070d400000|100%|HC|  |TAMS 0x000000070d400000| PB 0x000000070d200000| Complete 
| 106|0x000000070d400000, 0x000000070d600000, 0x000000070d600000|100%| O|  |TAMS 0x000000070d600000| PB 0x000000070d400000| Untracked 
| 107|0x000000070d600000, 0x000000070d800000, 0x000000070d800000|100%| O|  |TAMS 0x000000070d800000| PB 0x000000070d600000| Untracked 
| 108|0x000000070d800000, 0x000000070da00000, 0x000000070da00000|100%| O|  |TAMS 0x000000070da00000| PB 0x000000070d800000| Untracked 
| 109|0x000000070da00000, 0x000000070dc00000, 0x000000070dc00000|100%| O|  |TAMS 0x000000070dc00000| PB 0x000000070da00000| Untracked 
| 110|0x000000070dc00000, 0x000000070de00000, 0x000000070de00000|100%| O|  |TAMS 0x000000070de00000| PB 0x000000070dc00000| Untracked 
| 111|0x000000070de00000, 0x000000070e000000, 0x000000070e000000|100%| O|  |TAMS 0x000000070e000000| PB 0x000000070de00000| Untracked 
| 112|0x000000070e000000, 0x000000070e200000, 0x000000070e200000|100%|HS|  |TAMS 0x000000070e200000| PB 0x000000070e000000| Complete 
| 113|0x000000070e200000, 0x000000070e400000, 0x000000070e400000|100%| O|  |TAMS 0x000000070e400000| PB 0x000000070e200000| Untracked 
| 114|0x000000070e400000, 0x000000070e600000, 0x000000070e600000|100%| O|  |TAMS 0x000000070e600000| PB 0x000000070e400000| Untracked 
| 115|0x000000070e600000, 0x000000070e800000, 0x000000070e800000|100%|HS|  |TAMS 0x000000070e800000| PB 0x000000070e600000| Complete 
| 116|0x000000070e800000, 0x000000070ea00000, 0x000000070ea00000|100%| O|  |TAMS 0x000000070ea00000| PB 0x000000070e800000| Untracked 
| 117|0x000000070ea00000, 0x000000070ec00000, 0x000000070ec00000|100%| O|  |TAMS 0x000000070ec00000| PB 0x000000070ea00000| Untracked 
| 118|0x000000070ec00000, 0x000000070ee00000, 0x000000070ee00000|100%| O|  |TAMS 0x000000070ee00000| PB 0x000000070ec00000| Untracked 
| 119|0x000000070ee00000, 0x000000070f000000, 0x000000070f000000|100%| O|  |TAMS 0x000000070f000000| PB 0x000000070ee00000| Untracked 
| 120|0x000000070f000000, 0x000000070f200000, 0x000000070f200000|100%| O|  |TAMS 0x000000070f200000| PB 0x000000070f000000| Untracked 
| 121|0x000000070f200000, 0x000000070f400000, 0x000000070f400000|100%| O|  |TAMS 0x000000070f400000| PB 0x000000070f200000| Untracked 
| 122|0x000000070f400000, 0x000000070f600000, 0x000000070f600000|100%| O|  |TAMS 0x000000070f600000| PB 0x000000070f400000| Untracked 
| 123|0x000000070f600000, 0x000000070f800000, 0x000000070f800000|100%| O|  |TAMS 0x000000070f800000| PB 0x000000070f600000| Untracked 
| 124|0x000000070f800000, 0x000000070fa00000, 0x000000070fa00000|100%| O|  |TAMS 0x000000070fa00000| PB 0x000000070f800000| Untracked 
| 125|0x000000070fa00000, 0x000000070fc00000, 0x000000070fc00000|100%| O|  |TAMS 0x000000070fc00000| PB 0x000000070fa00000| Untracked 
| 126|0x000000070fc00000, 0x000000070fe00000, 0x000000070fe00000|100%|HS|  |TAMS 0x000000070fe00000| PB 0x000000070fc00000| Complete 
| 127|0x000000070fe00000, 0x0000000710000000, 0x0000000710000000|100%| O|  |TAMS 0x0000000710000000| PB 0x000000070fe00000| Untracked 
| 128|0x0000000710000000, 0x0000000710200000, 0x0000000710200000|100%|HS|  |TAMS 0x0000000710200000| PB 0x0000000710000000| Complete 
| 129|0x0000000710200000, 0x0000000710400000, 0x0000000710400000|100%| O|  |TAMS 0x0000000710400000| PB 0x0000000710200000| Untracked 
| 130|0x0000000710400000, 0x0000000710600000, 0x0000000710600000|100%| O|  |TAMS 0x0000000710600000| PB 0x0000000710400000| Untracked 
| 131|0x0000000710600000, 0x0000000710800000, 0x0000000710800000|100%| O|  |TAMS 0x0000000710800000| PB 0x0000000710600000| Untracked 
| 132|0x0000000710800000, 0x0000000710a00000, 0x0000000710a00000|100%| O|  |TAMS 0x0000000710a00000| PB 0x0000000710800000| Untracked 
| 133|0x0000000710a00000, 0x0000000710c00000, 0x0000000710c00000|100%| O|  |TAMS 0x0000000710c00000| PB 0x0000000710a00000| Untracked 
| 134|0x0000000710c00000, 0x0000000710e00000, 0x0000000710e00000|100%| O|  |TAMS 0x0000000710e00000| PB 0x0000000710c00000| Untracked 
| 135|0x0000000710e00000, 0x0000000711000000, 0x0000000711000000|100%| O|  |TAMS 0x0000000711000000| PB 0x0000000710e00000| Untracked 
| 136|0x0000000711000000, 0x0000000711200000, 0x0000000711200000|100%| O|  |TAMS 0x0000000711200000| PB 0x0000000711000000| Untracked 
| 137|0x0000000711200000, 0x0000000711400000, 0x0000000711400000|100%| O|  |TAMS 0x0000000711400000| PB 0x0000000711200000| Untracked 
| 138|0x0000000711400000, 0x0000000711600000, 0x0000000711600000|100%|HS|  |TAMS 0x0000000711600000| PB 0x0000000711400000| Complete 
| 139|0x0000000711600000, 0x0000000711800000, 0x0000000711800000|100%|HS|  |TAMS 0x0000000711800000| PB 0x0000000711600000| Complete 
| 140|0x0000000711800000, 0x0000000711a00000, 0x0000000711a00000|100%| O|  |TAMS 0x0000000711a00000| PB 0x0000000711800000| Untracked 
| 141|0x0000000711a00000, 0x0000000711c00000, 0x0000000711c00000|100%| O|  |TAMS 0x0000000711c00000| PB 0x0000000711a00000| Untracked 
| 142|0x0000000711c00000, 0x0000000711e00000, 0x0000000711e00000|100%| O|  |TAMS 0x0000000711e00000| PB 0x0000000711c00000| Untracked 
| 143|0x0000000711e00000, 0x0000000712000000, 0x0000000712000000|100%| O|  |TAMS 0x0000000712000000| PB 0x0000000711e00000| Untracked 
| 144|0x0000000712000000, 0x0000000712200000, 0x0000000712200000|100%| O|  |TAMS 0x0000000712200000| PB 0x0000000712000000| Untracked 
| 145|0x0000000712200000, 0x0000000712400000, 0x0000000712400000|100%| O|  |TAMS 0x0000000712400000| PB 0x0000000712200000| Untracked 
| 146|0x0000000712400000, 0x0000000712600000, 0x0000000712600000|100%| O|  |TAMS 0x0000000712600000| PB 0x0000000712400000| Untracked 
| 147|0x0000000712600000, 0x0000000712800000, 0x0000000712800000|100%| O|  |TAMS 0x0000000712800000| PB 0x0000000712600000| Untracked 
| 148|0x0000000712800000, 0x0000000712a00000, 0x0000000712a00000|100%| O|  |TAMS 0x0000000712a00000| PB 0x0000000712800000| Untracked 
| 149|0x0000000712a00000, 0x0000000712c00000, 0x0000000712c00000|100%| O|  |TAMS 0x0000000712c00000| PB 0x0000000712a00000| Untracked 
| 150|0x0000000712c00000, 0x0000000712e00000, 0x0000000712e00000|100%| O|  |TAMS 0x0000000712e00000| PB 0x0000000712c00000| Untracked 
| 151|0x0000000712e00000, 0x0000000713000000, 0x0000000713000000|100%| O|  |TAMS 0x0000000713000000| PB 0x0000000712e00000| Untracked 
| 152|0x0000000713000000, 0x0000000713200000, 0x0000000713200000|100%| O|  |TAMS 0x0000000713200000| PB 0x0000000713000000| Untracked 
| 153|0x0000000713200000, 0x0000000713400000, 0x0000000713400000|100%| O|  |TAMS 0x0000000713400000| PB 0x0000000713200000| Untracked 
| 154|0x0000000713400000, 0x0000000713600000, 0x0000000713600000|100%| O|  |TAMS 0x0000000713600000| PB 0x0000000713400000| Untracked 
| 155|0x0000000713600000, 0x0000000713800000, 0x0000000713800000|100%| O|  |TAMS 0x0000000713800000| PB 0x0000000713600000| Untracked 
| 156|0x0000000713800000, 0x0000000713a00000, 0x0000000713a00000|100%| O|  |TAMS 0x0000000713800000| PB 0x0000000713800000| Untracked 
| 157|0x0000000713a00000, 0x0000000713c00000, 0x0000000713c00000|100%| O|  |TAMS 0x0000000713c00000| PB 0x0000000713a00000| Untracked 
| 158|0x0000000713c00000, 0x0000000713e00000, 0x0000000713e00000|100%| O|  |TAMS 0x0000000713e00000| PB 0x0000000713c00000| Untracked 
| 159|0x0000000713e00000, 0x0000000714000000, 0x0000000714000000|100%| O|  |TAMS 0x0000000714000000| PB 0x0000000713e00000| Untracked 
| 160|0x0000000714000000, 0x0000000714200000, 0x0000000714200000|100%| O|  |TAMS 0x0000000714200000| PB 0x0000000714000000| Untracked 
| 161|0x0000000714200000, 0x0000000714400000, 0x0000000714400000|100%| O|  |TAMS 0x0000000714400000| PB 0x0000000714200000| Untracked 
| 162|0x0000000714400000, 0x0000000714600000, 0x0000000714600000|100%| O|  |TAMS 0x0000000714600000| PB 0x0000000714400000| Untracked 
| 163|0x0000000714600000, 0x0000000714800000, 0x0000000714800000|100%| O|  |TAMS 0x0000000714800000| PB 0x0000000714600000| Untracked 
| 164|0x0000000714800000, 0x0000000714a00000, 0x0000000714a00000|100%| O|  |TAMS 0x0000000714a00000| PB 0x0000000714800000| Untracked 
| 165|0x0000000714a00000, 0x0000000714c00000, 0x0000000714c00000|100%| O|  |TAMS 0x0000000714a00000| PB 0x0000000714a00000| Untracked 
| 166|0x0000000714c00000, 0x0000000714e00000, 0x0000000714e00000|100%| O|  |TAMS 0x0000000714e00000| PB 0x0000000714c00000| Untracked 
| 167|0x0000000714e00000, 0x0000000715000000, 0x0000000715000000|100%| O|  |TAMS 0x0000000715000000| PB 0x0000000714e00000| Untracked 
| 168|0x0000000715000000, 0x0000000715200000, 0x0000000715200000|100%| O|  |TAMS 0x0000000715200000| PB 0x0000000715000000| Untracked 
| 169|0x0000000715200000, 0x0000000715400000, 0x0000000715400000|100%| O|  |TAMS 0x0000000715400000| PB 0x0000000715200000| Untracked 
| 170|0x0000000715400000, 0x0000000715600000, 0x0000000715600000|100%| O|  |TAMS 0x0000000715600000| PB 0x0000000715400000| Untracked 
| 171|0x0000000715600000, 0x0000000715800000, 0x0000000715800000|100%| O|  |TAMS 0x0000000715800000| PB 0x0000000715600000| Untracked 
| 172|0x0000000715800000, 0x0000000715a00000, 0x0000000715a00000|100%| O|  |TAMS 0x0000000715a00000| PB 0x0000000715800000| Untracked 
| 173|0x0000000715a00000, 0x0000000715c00000, 0x0000000715c00000|100%| O|  |TAMS 0x0000000715c00000| PB 0x0000000715a00000| Untracked 
| 174|0x0000000715c00000, 0x0000000715e00000, 0x0000000715e00000|100%| O|  |TAMS 0x0000000715e00000| PB 0x0000000715c00000| Untracked 
| 175|0x0000000715e00000, 0x0000000716000000, 0x0000000716000000|100%|HS|  |TAMS 0x0000000716000000| PB 0x0000000715e00000| Complete 
| 176|0x0000000716000000, 0x0000000716200000, 0x0000000716200000|100%|HS|  |TAMS 0x0000000716200000| PB 0x0000000716000000| Complete 
| 177|0x0000000716200000, 0x0000000716400000, 0x0000000716400000|100%|HS|  |TAMS 0x0000000716400000| PB 0x0000000716200000| Complete 
| 178|0x0000000716400000, 0x0000000716600000, 0x0000000716600000|100%|HS|  |TAMS 0x0000000716600000| PB 0x0000000716400000| Complete 
| 179|0x0000000716600000, 0x0000000716800000, 0x0000000716800000|100%|HS|  |TAMS 0x0000000716800000| PB 0x0000000716600000| Complete 
| 180|0x0000000716800000, 0x0000000716a00000, 0x0000000716a00000|100%|HC|  |TAMS 0x0000000716a00000| PB 0x0000000716800000| Complete 
| 181|0x0000000716a00000, 0x0000000716c00000, 0x0000000716c00000|100%|HC|  |TAMS 0x0000000716c00000| PB 0x0000000716a00000| Complete 
| 182|0x0000000716c00000, 0x0000000716e00000, 0x0000000716e00000|100%|HC|  |TAMS 0x0000000716e00000| PB 0x0000000716c00000| Complete 
| 183|0x0000000716e00000, 0x0000000717000000, 0x0000000717000000|100%|HS|  |TAMS 0x0000000717000000| PB 0x0000000716e00000| Complete 
| 184|0x0000000717000000, 0x0000000717200000, 0x0000000717200000|100%|HC|  |TAMS 0x0000000717200000| PB 0x0000000717000000| Complete 
| 185|0x0000000717200000, 0x0000000717400000, 0x0000000717400000|100%|HC|  |TAMS 0x0000000717400000| PB 0x0000000717200000| Complete 
| 186|0x0000000717400000, 0x0000000717600000, 0x0000000717600000|100%|HC|  |TAMS 0x0000000717600000| PB 0x0000000717400000| Complete 
| 187|0x0000000717600000, 0x0000000717800000, 0x0000000717800000|100%|HC|  |TAMS 0x0000000717800000| PB 0x0000000717600000| Complete 
| 188|0x0000000717800000, 0x0000000717a00000, 0x0000000717a00000|100%| O|  |TAMS 0x0000000717a00000| PB 0x0000000717800000| Untracked 
| 189|0x0000000717a00000, 0x0000000717c00000, 0x0000000717c00000|100%| O|  |TAMS 0x0000000717c00000| PB 0x0000000717a00000| Untracked 
| 190|0x0000000717c00000, 0x0000000717e00000, 0x0000000717e00000|100%| O|  |TAMS 0x0000000717e00000| PB 0x0000000717c00000| Untracked 
| 191|0x0000000717e00000, 0x0000000718000000, 0x0000000718000000|100%| O|  |TAMS 0x0000000718000000| PB 0x0000000717e00000| Untracked 
| 192|0x0000000718000000, 0x0000000718200000, 0x0000000718200000|100%| O|  |TAMS 0x0000000718100030| PB 0x0000000718000000| Untracked 
| 193|0x0000000718200000, 0x0000000718400000, 0x0000000718400000|100%| O|  |TAMS 0x0000000718200000| PB 0x0000000718200000| Untracked 
| 194|0x0000000718400000, 0x0000000718600000, 0x0000000718600000|100%| O|  |TAMS 0x0000000718400000| PB 0x0000000718400000| Untracked 
| 195|0x0000000718600000, 0x0000000718800000, 0x0000000718800000|100%| O|  |TAMS 0x0000000718600000| PB 0x0000000718600000| Untracked 
| 196|0x0000000718800000, 0x0000000718878ed0, 0x0000000718a00000| 23%| O|  |TAMS 0x0000000718800000| PB 0x0000000718800000| Untracked 
| 197|0x0000000718a00000, 0x0000000718a00000, 0x0000000718c00000|  0%| F|  |TAMS 0x0000000718a00000| PB 0x0000000718a00000| Untracked 
| 198|0x0000000718c00000, 0x0000000718c00000, 0x0000000718e00000|  0%| F|  |TAMS 0x0000000718c00000| PB 0x0000000718c00000| Untracked 
| 199|0x0000000718e00000, 0x0000000718e00000, 0x0000000719000000|  0%| F|  |TAMS 0x0000000718e00000| PB 0x0000000718e00000| Untracked 
| 200|0x0000000719000000, 0x0000000719000000, 0x0000000719200000|  0%| F|  |TAMS 0x0000000719000000| PB 0x0000000719000000| Untracked 
| 201|0x0000000719200000, 0x0000000719200000, 0x0000000719400000|  0%| F|  |TAMS 0x0000000719200000| PB 0x0000000719200000| Untracked 
| 202|0x0000000719400000, 0x0000000719400000, 0x0000000719600000|  0%| F|  |TAMS 0x0000000719400000| PB 0x0000000719400000| Untracked 
| 203|0x0000000719600000, 0x0000000719600000, 0x0000000719800000|  0%| F|  |TAMS 0x0000000719600000| PB 0x0000000719600000| Untracked 
| 204|0x0000000719800000, 0x0000000719800000, 0x0000000719a00000|  0%| F|  |TAMS 0x0000000719800000| PB 0x0000000719800000| Untracked 
| 205|0x0000000719a00000, 0x0000000719a00000, 0x0000000719c00000|  0%| F|  |TAMS 0x0000000719a00000| PB 0x0000000719a00000| Untracked 
| 206|0x0000000719c00000, 0x0000000719c00000, 0x0000000719e00000|  0%| F|  |TAMS 0x0000000719c00000| PB 0x0000000719c00000| Untracked 
| 207|0x0000000719e00000, 0x0000000719e00000, 0x000000071a000000|  0%| F|  |TAMS 0x0000000719e00000| PB 0x0000000719e00000| Untracked 
| 208|0x000000071a000000, 0x000000071a000000, 0x000000071a200000|  0%| F|  |TAMS 0x000000071a000000| PB 0x000000071a000000| Untracked 
| 209|0x000000071a200000, 0x000000071a200000, 0x000000071a400000|  0%| F|  |TAMS 0x000000071a200000| PB 0x000000071a200000| Untracked 
| 210|0x000000071a400000, 0x000000071a400000, 0x000000071a600000|  0%| F|  |TAMS 0x000000071a400000| PB 0x000000071a400000| Untracked 
| 211|0x000000071a600000, 0x000000071a600000, 0x000000071a800000|  0%| F|  |TAMS 0x000000071a600000| PB 0x000000071a600000| Untracked 
| 212|0x000000071a800000, 0x000000071a800000, 0x000000071aa00000|  0%| F|  |TAMS 0x000000071a800000| PB 0x000000071a800000| Untracked 
| 213|0x000000071aa00000, 0x000000071aa00000, 0x000000071ac00000|  0%| F|  |TAMS 0x000000071aa00000| PB 0x000000071aa00000| Untracked 
| 214|0x000000071ac00000, 0x000000071ac00000, 0x000000071ae00000|  0%| F|  |TAMS 0x000000071ac00000| PB 0x000000071ac00000| Untracked 
| 215|0x000000071ae00000, 0x000000071ae00000, 0x000000071b000000|  0%| F|  |TAMS 0x000000071ae00000| PB 0x000000071ae00000| Untracked 
| 216|0x000000071b000000, 0x000000071b000000, 0x000000071b200000|  0%| F|  |TAMS 0x000000071b000000| PB 0x000000071b000000| Untracked 
| 217|0x000000071b200000, 0x000000071b200000, 0x000000071b400000|  0%| F|  |TAMS 0x000000071b200000| PB 0x000000071b200000| Untracked 
| 218|0x000000071b400000, 0x000000071b400000, 0x000000071b600000|  0%| F|  |TAMS 0x000000071b400000| PB 0x000000071b400000| Untracked 
| 219|0x000000071b600000, 0x000000071b600000, 0x000000071b800000|  0%| F|  |TAMS 0x000000071b600000| PB 0x000000071b600000| Untracked 
| 220|0x000000071b800000, 0x000000071b800000, 0x000000071ba00000|  0%| F|  |TAMS 0x000000071b800000| PB 0x000000071b800000| Untracked 
| 221|0x000000071ba00000, 0x000000071ba00000, 0x000000071bc00000|  0%| F|  |TAMS 0x000000071ba00000| PB 0x000000071ba00000| Untracked 
| 222|0x000000071bc00000, 0x000000071bc00000, 0x000000071be00000|  0%| F|  |TAMS 0x000000071bc00000| PB 0x000000071bc00000| Untracked 
| 223|0x000000071be00000, 0x000000071be00000, 0x000000071c000000|  0%| F|  |TAMS 0x000000071be00000| PB 0x000000071be00000| Untracked 
| 224|0x000000071c000000, 0x000000071c000000, 0x000000071c200000|  0%| F|  |TAMS 0x000000071c000000| PB 0x000000071c000000| Untracked 
| 225|0x000000071c200000, 0x000000071c200000, 0x000000071c400000|  0%| F|  |TAMS 0x000000071c200000| PB 0x000000071c200000| Untracked 
| 226|0x000000071c400000, 0x000000071c400000, 0x000000071c600000|  0%| F|  |TAMS 0x000000071c400000| PB 0x000000071c400000| Untracked 
| 227|0x000000071c600000, 0x000000071c600000, 0x000000071c800000|  0%| F|  |TAMS 0x000000071c600000| PB 0x000000071c600000| Untracked 
| 228|0x000000071c800000, 0x000000071c800000, 0x000000071ca00000|  0%| F|  |TAMS 0x000000071c800000| PB 0x000000071c800000| Untracked 
| 229|0x000000071ca00000, 0x000000071ca00000, 0x000000071cc00000|  0%| F|  |TAMS 0x000000071ca00000| PB 0x000000071ca00000| Untracked 
| 230|0x000000071cc00000, 0x000000071cc00000, 0x000000071ce00000|  0%| F|  |TAMS 0x000000071cc00000| PB 0x000000071cc00000| Untracked 
| 231|0x000000071ce00000, 0x000000071ce00000, 0x000000071d000000|  0%| F|  |TAMS 0x000000071ce00000| PB 0x000000071ce00000| Untracked 
| 232|0x000000071d000000, 0x000000071d000000, 0x000000071d200000|  0%| F|  |TAMS 0x000000071d000000| PB 0x000000071d000000| Untracked 
| 233|0x000000071d200000, 0x000000071d200000, 0x000000071d400000|  0%| F|  |TAMS 0x000000071d200000| PB 0x000000071d200000| Untracked 
| 234|0x000000071d400000, 0x000000071d400000, 0x000000071d600000|  0%| F|  |TAMS 0x000000071d400000| PB 0x000000071d400000| Untracked 
| 235|0x000000071d600000, 0x000000071d600000, 0x000000071d800000|  0%| F|  |TAMS 0x000000071d600000| PB 0x000000071d600000| Untracked 
| 236|0x000000071d800000, 0x000000071d800000, 0x000000071da00000|  0%| F|  |TAMS 0x000000071d800000| PB 0x000000071d800000| Untracked 
| 237|0x000000071da00000, 0x000000071da00000, 0x000000071dc00000|  0%| F|  |TAMS 0x000000071da00000| PB 0x000000071da00000| Untracked 
| 238|0x000000071dc00000, 0x000000071dc00000, 0x000000071de00000|  0%| F|  |TAMS 0x000000071dc00000| PB 0x000000071dc00000| Untracked 
| 239|0x000000071de00000, 0x000000071de00000, 0x000000071e000000|  0%| F|  |TAMS 0x000000071de00000| PB 0x000000071de00000| Untracked 
| 240|0x000000071e000000, 0x000000071e000000, 0x000000071e200000|  0%| F|  |TAMS 0x000000071e000000| PB 0x000000071e000000| Untracked 
| 241|0x000000071e200000, 0x000000071e200000, 0x000000071e400000|  0%| F|  |TAMS 0x000000071e200000| PB 0x000000071e200000| Untracked 
| 242|0x000000071e400000, 0x000000071e400000, 0x000000071e600000|  0%| F|  |TAMS 0x000000071e400000| PB 0x000000071e400000| Untracked 
| 243|0x000000071e600000, 0x000000071e600000, 0x000000071e800000|  0%| F|  |TAMS 0x000000071e600000| PB 0x000000071e600000| Untracked 
| 244|0x000000071e800000, 0x000000071e800000, 0x000000071ea00000|  0%| F|  |TAMS 0x000000071e800000| PB 0x000000071e800000| Untracked 
| 245|0x000000071ea00000, 0x000000071ea00000, 0x000000071ec00000|  0%| F|  |TAMS 0x000000071ea00000| PB 0x000000071ea00000| Untracked 
| 246|0x000000071ec00000, 0x000000071ec00000, 0x000000071ee00000|  0%| F|  |TAMS 0x000000071ec00000| PB 0x000000071ec00000| Untracked 
| 247|0x000000071ee00000, 0x000000071ee00000, 0x000000071f000000|  0%| F|  |TAMS 0x000000071ee00000| PB 0x000000071ee00000| Untracked 
| 248|0x000000071f000000, 0x000000071f000000, 0x000000071f200000|  0%| F|  |TAMS 0x000000071f000000| PB 0x000000071f000000| Untracked 
| 249|0x000000071f200000, 0x000000071f200000, 0x000000071f400000|  0%| F|  |TAMS 0x000000071f200000| PB 0x000000071f200000| Untracked 
| 250|0x000000071f400000, 0x000000071f400000, 0x000000071f600000|  0%| F|  |TAMS 0x000000071f400000| PB 0x000000071f400000| Untracked 
| 251|0x000000071f600000, 0x000000071f600000, 0x000000071f800000|  0%| F|  |TAMS 0x000000071f600000| PB 0x000000071f600000| Untracked 
| 252|0x000000071f800000, 0x000000071f800000, 0x000000071fa00000|  0%| F|  |TAMS 0x000000071f800000| PB 0x000000071f800000| Untracked 
| 253|0x000000071fa00000, 0x000000071fa00000, 0x000000071fc00000|  0%| F|  |TAMS 0x000000071fa00000| PB 0x000000071fa00000| Untracked 
| 254|0x000000071fc00000, 0x000000071fc00000, 0x000000071fe00000|  0%| F|  |TAMS 0x000000071fc00000| PB 0x000000071fc00000| Untracked 
| 255|0x000000071fe00000, 0x000000071fe00000, 0x0000000720000000|  0%| F|  |TAMS 0x000000071fe00000| PB 0x000000071fe00000| Untracked 
| 256|0x0000000720000000, 0x0000000720000000, 0x0000000720200000|  0%| F|  |TAMS 0x0000000720000000| PB 0x0000000720000000| Untracked 
| 257|0x0000000720200000, 0x0000000720200000, 0x0000000720400000|  0%| F|  |TAMS 0x0000000720200000| PB 0x0000000720200000| Untracked 
| 258|0x0000000720400000, 0x0000000720400000, 0x0000000720600000|  0%| F|  |TAMS 0x0000000720400000| PB 0x0000000720400000| Untracked 
| 259|0x0000000720600000, 0x0000000720600000, 0x0000000720800000|  0%| F|  |TAMS 0x0000000720600000| PB 0x0000000720600000| Untracked 
| 260|0x0000000720800000, 0x0000000720800000, 0x0000000720a00000|  0%| F|  |TAMS 0x0000000720800000| PB 0x0000000720800000| Untracked 
| 261|0x0000000720a00000, 0x0000000720a00000, 0x0000000720c00000|  0%| F|  |TAMS 0x0000000720a00000| PB 0x0000000720a00000| Untracked 
| 262|0x0000000720c00000, 0x0000000720c00000, 0x0000000720e00000|  0%| F|  |TAMS 0x0000000720c00000| PB 0x0000000720c00000| Untracked 
| 263|0x0000000720e00000, 0x0000000720e00000, 0x0000000721000000|  0%| F|  |TAMS 0x0000000720e00000| PB 0x0000000720e00000| Untracked 
| 264|0x0000000721000000, 0x0000000721000000, 0x0000000721200000|  0%| F|  |TAMS 0x0000000721000000| PB 0x0000000721000000| Untracked 
| 265|0x0000000721200000, 0x0000000721200000, 0x0000000721400000|  0%| F|  |TAMS 0x0000000721200000| PB 0x0000000721200000| Untracked 
| 266|0x0000000721400000, 0x0000000721400000, 0x0000000721600000|  0%| F|  |TAMS 0x0000000721400000| PB 0x0000000721400000| Untracked 
| 267|0x0000000721600000, 0x0000000721600000, 0x0000000721800000|  0%| F|  |TAMS 0x0000000721600000| PB 0x0000000721600000| Untracked 
| 268|0x0000000721800000, 0x0000000721800000, 0x0000000721a00000|  0%| F|  |TAMS 0x0000000721800000| PB 0x0000000721800000| Untracked 
| 269|0x0000000721a00000, 0x0000000721a00000, 0x0000000721c00000|  0%| F|  |TAMS 0x0000000721a00000| PB 0x0000000721a00000| Untracked 
| 270|0x0000000721c00000, 0x0000000721c00000, 0x0000000721e00000|  0%| F|  |TAMS 0x0000000721c00000| PB 0x0000000721c00000| Untracked 
| 271|0x0000000721e00000, 0x0000000721e00000, 0x0000000722000000|  0%| F|  |TAMS 0x0000000721e00000| PB 0x0000000721e00000| Untracked 
| 272|0x0000000722000000, 0x0000000722000000, 0x0000000722200000|  0%| F|  |TAMS 0x0000000722000000| PB 0x0000000722000000| Untracked 
| 273|0x0000000722200000, 0x0000000722200000, 0x0000000722400000|  0%| F|  |TAMS 0x0000000722200000| PB 0x0000000722200000| Untracked 
| 274|0x0000000722400000, 0x0000000722400000, 0x0000000722600000|  0%| F|  |TAMS 0x0000000722400000| PB 0x0000000722400000| Untracked 
| 275|0x0000000722600000, 0x000000072271e6a0, 0x0000000722800000| 55%| S|CS|TAMS 0x0000000722600000| PB 0x0000000722600000| Complete 
| 276|0x0000000722800000, 0x0000000722800000, 0x0000000722a00000|  0%| F|  |TAMS 0x0000000722800000| PB 0x0000000722800000| Untracked 
| 277|0x0000000722a00000, 0x0000000722a00000, 0x0000000722c00000|  0%| F|  |TAMS 0x0000000722a00000| PB 0x0000000722a00000| Untracked 
| 278|0x0000000722c00000, 0x0000000722c00000, 0x0000000722e00000|  0%| F|  |TAMS 0x0000000722c00000| PB 0x0000000722c00000| Untracked 
| 279|0x0000000722e00000, 0x0000000722e00000, 0x0000000723000000|  0%| F|  |TAMS 0x0000000722e00000| PB 0x0000000722e00000| Untracked 
| 280|0x0000000723000000, 0x0000000723000000, 0x0000000723200000|  0%| F|  |TAMS 0x0000000723000000| PB 0x0000000723000000| Untracked 
| 281|0x0000000723200000, 0x0000000723200000, 0x0000000723400000|  0%| F|  |TAMS 0x0000000723200000| PB 0x0000000723200000| Untracked 
| 282|0x0000000723400000, 0x0000000723400000, 0x0000000723600000|  0%| F|  |TAMS 0x0000000723400000| PB 0x0000000723400000| Untracked 
| 283|0x0000000723600000, 0x0000000723600000, 0x0000000723800000|  0%| F|  |TAMS 0x0000000723600000| PB 0x0000000723600000| Untracked 
| 284|0x0000000723800000, 0x0000000723800000, 0x0000000723a00000|  0%| F|  |TAMS 0x0000000723800000| PB 0x0000000723800000| Untracked 
| 285|0x0000000723a00000, 0x0000000723a00000, 0x0000000723c00000|  0%| F|  |TAMS 0x0000000723a00000| PB 0x0000000723a00000| Untracked 
| 286|0x0000000723c00000, 0x0000000723c00000, 0x0000000723e00000|  0%| F|  |TAMS 0x0000000723c00000| PB 0x0000000723c00000| Untracked 
| 287|0x0000000723e00000, 0x0000000723e00000, 0x0000000724000000|  0%| F|  |TAMS 0x0000000723e00000| PB 0x0000000723e00000| Untracked 
| 288|0x0000000724000000, 0x0000000724000000, 0x0000000724200000|  0%| F|  |TAMS 0x0000000724000000| PB 0x0000000724000000| Untracked 
| 289|0x0000000724200000, 0x0000000724200000, 0x0000000724400000|  0%| F|  |TAMS 0x0000000724200000| PB 0x0000000724200000| Untracked 
| 290|0x0000000724400000, 0x0000000724400000, 0x0000000724600000|  0%| F|  |TAMS 0x0000000724400000| PB 0x0000000724400000| Untracked 
| 291|0x0000000724600000, 0x0000000724600000, 0x0000000724800000|  0%| F|  |TAMS 0x0000000724600000| PB 0x0000000724600000| Untracked 
| 292|0x0000000724800000, 0x0000000724800000, 0x0000000724a00000|  0%| F|  |TAMS 0x0000000724800000| PB 0x0000000724800000| Untracked 
| 293|0x0000000724a00000, 0x0000000724a00000, 0x0000000724c00000|  0%| F|  |TAMS 0x0000000724a00000| PB 0x0000000724a00000| Untracked 
| 294|0x0000000724c00000, 0x0000000724c00000, 0x0000000724e00000|  0%| F|  |TAMS 0x0000000724c00000| PB 0x0000000724c00000| Untracked 
| 295|0x0000000724e00000, 0x0000000724e00000, 0x0000000725000000|  0%| F|  |TAMS 0x0000000724e00000| PB 0x0000000724e00000| Untracked 
| 296|0x0000000725000000, 0x0000000725000000, 0x0000000725200000|  0%| F|  |TAMS 0x0000000725000000| PB 0x0000000725000000| Untracked 
| 297|0x0000000725200000, 0x0000000725200000, 0x0000000725400000|  0%| F|  |TAMS 0x0000000725200000| PB 0x0000000725200000| Untracked 
| 298|0x0000000725400000, 0x0000000725400000, 0x0000000725600000|  0%| F|  |TAMS 0x0000000725400000| PB 0x0000000725400000| Untracked 
| 299|0x0000000725600000, 0x0000000725600000, 0x0000000725800000|  0%| F|  |TAMS 0x0000000725600000| PB 0x0000000725600000| Untracked 
| 300|0x0000000725800000, 0x0000000725800000, 0x0000000725a00000|  0%| F|  |TAMS 0x0000000725800000| PB 0x0000000725800000| Untracked 
| 301|0x0000000725a00000, 0x0000000725a00000, 0x0000000725c00000|  0%| F|  |TAMS 0x0000000725a00000| PB 0x0000000725a00000| Untracked 
|2003|0x00000007fa600000, 0x00000007fa600000, 0x00000007fa800000|  0%| F|  |TAMS 0x00000007fa600000| PB 0x00000007fa600000| Untracked 
|2004|0x00000007fa800000, 0x00000007faa00000, 0x00000007faa00000|100%| O|  |TAMS 0x00000007faa00000| PB 0x00000007fa800000| Untracked 
|2005|0x00000007faa00000, 0x00000007fac00000, 0x00000007fac00000|100%| O|  |TAMS 0x00000007fac00000| PB 0x00000007faa00000| Untracked 
|2006|0x00000007fac00000, 0x00000007fae00000, 0x00000007fae00000|100%| O|  |TAMS 0x00000007fae00000| PB 0x00000007fac00000| Untracked 
|2007|0x00000007fae00000, 0x00000007fb000000, 0x00000007fb000000|100%| O|  |TAMS 0x00000007fb000000| PB 0x00000007fae00000| Untracked 
|2008|0x00000007fb000000, 0x00000007fb200000, 0x00000007fb200000|100%| O|  |TAMS 0x00000007fb200000| PB 0x00000007fb000000| Untracked 
|2009|0x00000007fb200000, 0x00000007fb400000, 0x00000007fb400000|100%| O|  |TAMS 0x00000007fb400000| PB 0x00000007fb200000| Untracked 
|2010|0x00000007fb400000, 0x00000007fb600000, 0x00000007fb600000|100%| O|  |TAMS 0x00000007fb600000| PB 0x00000007fb400000| Untracked 
|2011|0x00000007fb600000, 0x00000007fb800000, 0x00000007fb800000|100%| O|  |TAMS 0x00000007fb800000| PB 0x00000007fb600000| Untracked 
|2012|0x00000007fb800000, 0x00000007fba00000, 0x00000007fba00000|100%| O|  |TAMS 0x00000007fba00000| PB 0x00000007fb800000| Untracked 
|2013|0x00000007fba00000, 0x00000007fbc00000, 0x00000007fbc00000|100%| O|  |TAMS 0x00000007fbc00000| PB 0x00000007fba00000| Untracked 
|2014|0x00000007fbc00000, 0x00000007fbe00000, 0x00000007fbe00000|100%| O|  |TAMS 0x00000007fbe00000| PB 0x00000007fbc00000| Untracked 
|2015|0x00000007fbe00000, 0x00000007fc000000, 0x00000007fc000000|100%| O|  |TAMS 0x00000007fc000000| PB 0x00000007fbe00000| Untracked 
|2016|0x00000007fc000000, 0x00000007fc200000, 0x00000007fc200000|100%| O|  |TAMS 0x00000007fc200000| PB 0x00000007fc000000| Untracked 
|2017|0x00000007fc200000, 0x00000007fc400000, 0x00000007fc400000|100%| O|  |TAMS 0x00000007fc400000| PB 0x00000007fc200000| Untracked 
|2018|0x00000007fc400000, 0x00000007fc600000, 0x00000007fc600000|100%| O|  |TAMS 0x00000007fc600000| PB 0x00000007fc400000| Untracked 
|2019|0x00000007fc600000, 0x00000007fc800000, 0x00000007fc800000|100%| O|  |TAMS 0x00000007fc800000| PB 0x00000007fc600000| Untracked 
|2020|0x00000007fc800000, 0x00000007fca00000, 0x00000007fca00000|100%| O|  |TAMS 0x00000007fca00000| PB 0x00000007fc800000| Untracked 
|2021|0x00000007fca00000, 0x00000007fca00000, 0x00000007fcc00000|  0%| F|  |TAMS 0x00000007fca00000| PB 0x00000007fca00000| Untracked 
|2022|0x00000007fcc00000, 0x00000007fcc00000, 0x00000007fce00000|  0%| F|  |TAMS 0x00000007fcc00000| PB 0x00000007fcc00000| Untracked 
|2023|0x00000007fce00000, 0x00000007fd000000, 0x00000007fd000000|100%| O|  |TAMS 0x00000007fd000000| PB 0x00000007fce00000| Untracked 
|2024|0x00000007fd000000, 0x00000007fd200000, 0x00000007fd200000|100%| O|  |TAMS 0x00000007fd200000| PB 0x00000007fd000000| Untracked 
|2025|0x00000007fd200000, 0x00000007fd200000, 0x00000007fd400000|  0%| F|  |TAMS 0x00000007fd200000| PB 0x00000007fd200000| Untracked 
|2026|0x00000007fd400000, 0x00000007fd400000, 0x00000007fd600000|  0%| F|  |TAMS 0x00000007fd400000| PB 0x00000007fd400000| Untracked 
|2027|0x00000007fd600000, 0x00000007fd600000, 0x00000007fd800000|  0%| F|  |TAMS 0x00000007fd600000| PB 0x00000007fd600000| Untracked 
|2028|0x00000007fd800000, 0x00000007fda00000, 0x00000007fda00000|100%| O|  |TAMS 0x00000007fda00000| PB 0x00000007fd800000| Untracked 
|2029|0x00000007fda00000, 0x00000007fda00000, 0x00000007fdc00000|  0%| F|  |TAMS 0x00000007fda00000| PB 0x00000007fda00000| Untracked 
|2030|0x00000007fdc00000, 0x00000007fde00000, 0x00000007fde00000|100%| O|  |TAMS 0x00000007fde00000| PB 0x00000007fdc00000| Untracked 
|2031|0x00000007fde00000, 0x00000007fe000000, 0x00000007fe000000|100%| O|  |TAMS 0x00000007fe000000| PB 0x00000007fde00000| Untracked 
|2032|0x00000007fe000000, 0x00000007fe200000, 0x00000007fe200000|100%| O|  |TAMS 0x00000007fe200000| PB 0x00000007fe000000| Untracked 
|2033|0x00000007fe200000, 0x00000007fe400000, 0x00000007fe400000|100%| O|  |TAMS 0x00000007fe400000| PB 0x00000007fe200000| Untracked 
|2034|0x00000007fe400000, 0x00000007fe600000, 0x00000007fe600000|100%| O|  |TAMS 0x00000007fe600000| PB 0x00000007fe400000| Untracked 
|2035|0x00000007fe600000, 0x00000007fe800000, 0x00000007fe800000|100%| O|  |TAMS 0x00000007fe800000| PB 0x00000007fe600000| Untracked 
|2036|0x00000007fe800000, 0x00000007fea00000, 0x00000007fea00000|100%| O|  |TAMS 0x00000007fea00000| PB 0x00000007fe800000| Untracked 
|2037|0x00000007fea00000, 0x00000007fea00000, 0x00000007fec00000|  0%| F|  |TAMS 0x00000007fea00000| PB 0x00000007fea00000| Untracked 
|2038|0x00000007fec00000, 0x00000007fee00000, 0x00000007fee00000|100%| O|  |TAMS 0x00000007fee00000| PB 0x00000007fec00000| Untracked 
|2039|0x00000007fee00000, 0x00000007fee00000, 0x00000007ff000000|  0%| F|  |TAMS 0x00000007fee00000| PB 0x00000007fee00000| Untracked 
|2040|0x00000007ff000000, 0x00000007ff200000, 0x00000007ff200000|100%| O|  |TAMS 0x00000007ff200000| PB 0x00000007ff000000| Untracked 
|2041|0x00000007ff200000, 0x00000007ff200000, 0x00000007ff400000|  0%| F|  |TAMS 0x00000007ff200000| PB 0x00000007ff200000| Untracked 
|2042|0x00000007ff400000, 0x00000007ff400000, 0x00000007ff600000|  0%| F|  |TAMS 0x00000007ff400000| PB 0x00000007ff400000| Untracked 
|2043|0x00000007ff600000, 0x00000007ff600000, 0x00000007ff800000|  0%| F|  |TAMS 0x00000007ff600000| PB 0x00000007ff600000| Untracked 
|2044|0x00000007ff800000, 0x00000007ff800000, 0x00000007ffa00000|  0%| F|  |TAMS 0x00000007ff800000| PB 0x00000007ff800000| Untracked 
|2045|0x00000007ffa00000, 0x00000007ffa00000, 0x00000007ffc00000|  0%| F|  |TAMS 0x00000007ffa00000| PB 0x00000007ffa00000| Untracked 
|2046|0x00000007ffc00000, 0x00000007ffc00000, 0x00000007ffe00000|  0%| F|  |TAMS 0x00000007ffc00000| PB 0x00000007ffc00000| Untracked 
|2047|0x00000007ffe00000, 0x0000000800000000, 0x0000000800000000|100%| O|  |TAMS 0x0000000800000000| PB 0x00000007ffe00000| Untracked 

Card table byte_map: [0x000001bb80000000,0x000001bb80800000] _byte_map_base: 0x000001bb7c800000

Marking Bits: (CMBitMap*) 0x000001bbed3576a0
 Bits: [0x000001bb80800000, 0x000001bb84800000)

Polling page: 0x000001bbeb030000

Metaspace:

Usage:
  Non-class:    173.06 MB used.
      Class:     26.26 MB used.
       Both:    199.31 MB used.

Virtual space:
  Non-class space:      192.00 MB reserved,     174.50 MB ( 91%) committed,  3 nodes.
      Class space:        1.00 GB reserved,      27.69 MB (  3%) committed,  1 nodes.
             Both:        1.19 GB reserved,     202.19 MB ( 17%) committed. 

Chunk freelists:
   Non-Class:  864.00 KB
       Class:  4.25 MB
        Both:  5.09 MB

MaxMetaspaceSize: unlimited
CompressedClassSpaceSize: 1.00 GB
Initial GC threshold: 21.00 MB
Current GC threshold: 336.88 MB
CDS: off
 - commit_granule_bytes: 65536.
 - commit_granule_words: 8192.
 - virtual_space_node_default_size: 8388608.
 - enlarge_chunks_in_place: 1.
 - use_allocation_guard: 0.


Internal statistics:

num_allocs_failed_limit: 6.
num_arena_births: 5690.
num_arena_deaths: 20.
num_vsnodes_births: 4.
num_vsnodes_deaths: 0.
num_space_committed: 3232.
num_space_uncommitted: 0.
num_chunks_returned_to_freelist: 36.
num_chunks_taken_from_freelist: 14510.
num_chunk_merges: 8.
num_chunk_splits: 9523.
num_chunks_enlarged: 6189.
num_inconsistent_stats: 0.

CodeHeap 'non-profiled nmethods': size=120000Kb used=16117Kb max_used=22518Kb free=103882Kb
 bounds [0x000001bbf7f20000, 0x000001bbf95b0000, 0x000001bbff450000]
CodeHeap 'profiled nmethods': size=120000Kb used=24502Kb max_used=49906Kb free=95497Kb
 bounds [0x000001bbf0450000, 0x000001bbf3520000, 0x000001bbf7980000]
CodeHeap 'non-nmethods': size=5760Kb used=3233Kb max_used=3371Kb free=2526Kb
 bounds [0x000001bbf7980000, 0x000001bbf7cf0000, 0x000001bbf7f20000]
 total_blobs=14118 nmethods=12873 adapters=1147
 compilation: enabled
              stopped_count=0, restarted_count=0
 full_count=0

Compilation events (20 events):
Event: 2575.741 Thread 0x000001bb86bccc50 45889       2       com.android.tools.r8.graph.O4::g (59 bytes)
Event: 2575.742 Thread 0x000001bb86bccc50 nmethod 45889 0x000001bbf0869a90 code [0x000001bbf0869ca0, 0x000001bbf086a0a0]
Event: 2575.793 Thread 0x000001bb97ec8ff0 nmethod 45728% 0x000001bbf942d390 code [0x000001bbf942e3a0, 0x000001bbf9437db0]
Event: 2575.794 Thread 0x000001bb97ec8ff0 45764       4       com.android.tools.r8.internal.GS::a (123 bytes)
Event: 2575.802 Thread 0x000001bb97ec8ff0 nmethod 45764 0x000001bbf7fc4b10 code [0x000001bbf7fc4cc0, 0x000001bbf7fc51f0]
Event: 2575.802 Thread 0x000001bb97ec8ff0 45894       4       com.android.tools.r8.graph.P2$b::a (50 bytes)
Event: 2575.816 Thread 0x000001bb86bccc50 45896 %     3       com.android.tools.r8.graph.O4::f @ 24 (59 bytes)
Event: 2575.817 Thread 0x000001bb86bccc50 nmethod 45896% 0x000001bbf0d63110 code [0x000001bbf0d633a0, 0x000001bbf0d64018]
Event: 2575.817 Thread 0x000001bb86bccc50 45897       3       com.android.tools.r8.graph.O4::f (59 bytes)
Event: 2575.818 Thread 0x000001bb86bccc50 nmethod 45897 0x000001bbf1201490 code [0x000001bbf1201700, 0x000001bbf12022c0]
Event: 2575.818 Thread 0x000001bb86bccc50 45898 %     3       com.android.tools.r8.graph.O4::g @ 24 (59 bytes)
Event: 2575.820 Thread 0x000001bb86bccc50 nmethod 45898% 0x000001bbf0ee1a10 code [0x000001bbf0ee1ca0, 0x000001bbf0ee2918]
Event: 2575.824 Thread 0x000001bb97ec8ff0 nmethod 45894 0x000001bbf89da590 code [0x000001bbf89da800, 0x000001bbf89db0d8]
Event: 2575.824 Thread 0x000001bb97ec8ff0 45875       4       com.android.tools.r8.internal.w30::hasNext (12 bytes)
Event: 2575.825 Thread 0x000001bb97ec8ff0 nmethod 45875 0x000001bbf8389b90 code [0x000001bbf8389d20, 0x000001bbf8389dc0]
Event: 2575.825 Thread 0x000001bb97ec8ff0 45803       4       java.nio.ByteBufferAsShortBufferL::<init> (50 bytes)
Event: 2575.832 Thread 0x000001bb97ec8ff0 nmethod 45803 0x000001bbf8063d10 code [0x000001bbf8063ec0, 0x000001bbf80643b8]
Event: 2575.832 Thread 0x000001bb97ec8ff0 45804       4       java.nio.ShortBuffer::<init> (14 bytes)
Event: 2575.838 Thread 0x000001bb97ec8ff0 nmethod 45804 0x000001bbf80cba10 code [0x000001bbf80cbbc0, 0x000001bbf80cbf58]
Event: 2575.838 Thread 0x000001bb97ec8ff0 45805       4       java.nio.HeapByteBuffer::asShortBuffer (67 bytes)

GC Heap History (20 events):
Event: 2552.165 GC heap after
{Heap after GC invocations=106 (full 0):
 garbage-first heap   total 585728K, used 258830K [0x0000000700000000, 0x0000000800000000)
  region size 2048K, 2 young (4096K), 2 survivors (4096K)
 Metaspace       used 203218K, committed 206144K, reserved 1245184K
  class space    used 26817K, committed 28288K, reserved 1048576K
}
Event: 2554.774 GC heap before
{Heap before GC invocations=107 (full 0):
 garbage-first heap   total 585728K, used 549646K [0x0000000700000000, 0x0000000800000000)
  region size 2048K, 144 young (294912K), 2 survivors (4096K)
 Metaspace       used 203235K, committed 206208K, reserved 1245184K
  class space    used 26818K, committed 28288K, reserved 1048576K
}
Event: 2554.788 GC heap after
{Heap after GC invocations=108 (full 0):
 garbage-first heap   total 585728K, used 259426K [0x0000000700000000, 0x0000000800000000)
  region size 2048K, 2 young (4096K), 2 survivors (4096K)
 Metaspace       used 203235K, committed 206208K, reserved 1245184K
  class space    used 26818K, committed 28288K, reserved 1048576K
}
Event: 2556.791 GC heap before
{Heap before GC invocations=108 (full 0):
 garbage-first heap   total 585728K, used 550242K [0x0000000700000000, 0x0000000800000000)
  region size 2048K, 144 young (294912K), 2 survivors (4096K)
 Metaspace       used 203271K, committed 206208K, reserved 1245184K
  class space    used 26818K, committed 28288K, reserved 1048576K
}
Event: 2556.816 GC heap after
{Heap after GC invocations=109 (full 0):
 garbage-first heap   total 585728K, used 252915K [0x0000000700000000, 0x0000000800000000)
  region size 2048K, 3 young (6144K), 3 survivors (6144K)
 Metaspace       used 203271K, committed 206208K, reserved 1245184K
  class space    used 26818K, committed 28288K, reserved 1048576K
}
Event: 2557.837 GC heap before
{Heap before GC invocations=109 (full 0):
 garbage-first heap   total 585728K, used 398323K [0x0000000700000000, 0x0000000800000000)
  region size 2048K, 75 young (153600K), 3 survivors (6144K)
 Metaspace       used 203286K, committed 206208K, reserved 1245184K
  class space    used 26818K, committed 28288K, reserved 1048576K
}
Event: 2557.852 GC heap after
{Heap after GC invocations=110 (full 0):
 garbage-first heap   total 585728K, used 256745K [0x0000000700000000, 0x0000000800000000)
  region size 2048K, 4 young (8192K), 4 survivors (8192K)
 Metaspace       used 203286K, committed 206208K, reserved 1245184K
  class space    used 26818K, committed 28288K, reserved 1048576K
}
Event: 2567.039 GC heap before
{Heap before GC invocations=111 (full 0):
 garbage-first heap   total 585728K, used 582377K [0x0000000700000000, 0x0000000800000000)
  region size 2048K, 136 young (278528K), 4 survivors (8192K)
 Metaspace       used 203862K, committed 206848K, reserved 1245184K
  class space    used 26866K, committed 28352K, reserved 1048576K
}
Event: 2567.361 GC heap after
{Heap after GC invocations=112 (full 0):
 garbage-first heap   total 694272K, used 395235K [0x0000000700000000, 0x0000000800000000)
  region size 2048K, 19 young (38912K), 19 survivors (38912K)
 Metaspace       used 203862K, committed 206848K, reserved 1245184K
  class space    used 26866K, committed 28352K, reserved 1048576K
}
Event: 2567.383 GC heap before
{Heap before GC invocations=112 (full 0):
 garbage-first heap   total 694272K, used 397283K [0x0000000700000000, 0x0000000800000000)
  region size 2048K, 20 young (40960K), 19 survivors (38912K)
 Metaspace       used 203862K, committed 206848K, reserved 1245184K
  class space    used 26866K, committed 28352K, reserved 1048576K
}
Event: 2567.522 GC heap after
{Heap after GC invocations=113 (full 0):
 garbage-first heap   total 694272K, used 399360K [0x0000000700000000, 0x0000000800000000)
  region size 2048K, 2 young (4096K), 2 survivors (4096K)
 Metaspace       used 203862K, committed 206848K, reserved 1245184K
  class space    used 26866K, committed 28352K, reserved 1048576K
}
Event: 2571.207 GC heap before
{Heap before GC invocations=113 (full 0):
 garbage-first heap   total 694272K, used 587776K [0x0000000700000000, 0x0000000800000000)
  region size 2048K, 95 young (194560K), 2 survivors (4096K)
 Metaspace       used 204018K, committed 206976K, reserved 1245184K
  class space    used 26885K, committed 28352K, reserved 1048576K
}
Event: 2571.282 GC heap after
{Heap after GC invocations=114 (full 0):
 garbage-first heap   total 694272K, used 431104K [0x0000000700000000, 0x0000000800000000)
  region size 2048K, 12 young (24576K), 12 survivors (24576K)
 Metaspace       used 204018K, committed 206976K, reserved 1245184K
  class space    used 26885K, committed 28352K, reserved 1048576K
}
Event: 2571.396 GC heap before
{Heap before GC invocations=114 (full 0):
 garbage-first heap   total 694272K, used 439296K [0x0000000700000000, 0x0000000800000000)
  region size 2048K, 17 young (34816K), 12 survivors (24576K)
 Metaspace       used 204019K, committed 206976K, reserved 1245184K
  class space    used 26885K, committed 28352K, reserved 1048576K
}
Event: 2571.445 GC heap after
{Heap after GC invocations=115 (full 0):
 garbage-first heap   total 694272K, used 438252K [0x0000000700000000, 0x0000000800000000)
  region size 2048K, 2 young (4096K), 2 survivors (4096K)
 Metaspace       used 204019K, committed 206976K, reserved 1245184K
  class space    used 26885K, committed 28352K, reserved 1048576K
}
Event: 2573.580 GC heap before
{Heap before GC invocations=116 (full 0):
 garbage-first heap   total 710656K, used 589804K [0x0000000700000000, 0x0000000800000000)
  region size 2048K, 81 young (165888K), 2 survivors (4096K)
 Metaspace       used 204062K, committed 206976K, reserved 1245184K
  class space    used 26885K, committed 28352K, reserved 1048576K
}
Event: 2573.620 GC heap after
{Heap after GC invocations=117 (full 0):
 garbage-first heap   total 710656K, used 441183K [0x0000000700000000, 0x0000000800000000)
  region size 2048K, 8 young (16384K), 8 survivors (16384K)
 Metaspace       used 204062K, committed 206976K, reserved 1245184K
  class space    used 26885K, committed 28352K, reserved 1048576K
}
Event: 2575.028 GC heap before
{Heap before GC invocations=117 (full 0):
 garbage-first heap   total 710656K, used 643935K [0x0000000700000000, 0x0000000800000000)
  region size 2048K, 96 young (196608K), 8 survivors (16384K)
 Metaspace       used 204077K, committed 206976K, reserved 1245184K
  class space    used 26885K, committed 28352K, reserved 1048576K
}
Event: 2575.082 GC heap after
{Heap after GC invocations=118 (full 0):
 garbage-first heap   total 710656K, used 465472K [0x0000000700000000, 0x0000000800000000)
  region size 2048K, 9 young (18432K), 9 survivors (18432K)
 Metaspace       used 204077K, committed 206976K, reserved 1245184K
  class space    used 26885K, committed 28352K, reserved 1048576K
}
Event: 2575.849 GC heap before
{Heap before GC invocations=118 (full 0):
 garbage-first heap   total 710656K, used 545344K [0x0000000700000000, 0x0000000800000000)
  region size 2048K, 50 young (102400K), 9 survivors (18432K)
 Metaspace       used 204096K, committed 207040K, reserved 1245184K
  class space    used 26885K, committed 28352K, reserved 1048576K
}

Dll operation events (3 events):
Event: 0.397 Loaded shared library D:\SEMESTER 7\SMDD\Android_Studio\jbr\bin\java.dll
Event: 0.508 Loaded shared library D:\SEMESTER 7\SMDD\Android_Studio\jbr\bin\zip.dll
Event: 9.534 Loaded shared library D:\SEMESTER 7\SMDD\Android_Studio\jbr\bin\verify.dll

Deoptimization events (20 events):
Event: 2575.648 Thread 0x000001bb91a8e090 DEOPT PACKING pc=0x000001bbf1229593 sp=0x00000054652fe620
Event: 2575.648 Thread 0x000001bb91a8e090 DEOPT UNPACKING pc=0x000001bbf79d4e42 sp=0x00000054652fdac0 mode 0
Event: 2575.656 Thread 0x000001bb91a8e090 DEOPT PACKING pc=0x000001bbf1229593 sp=0x00000054652fe620
Event: 2575.656 Thread 0x000001bb91a8e090 DEOPT UNPACKING pc=0x000001bbf79d4e42 sp=0x00000054652fdac0 mode 0
Event: 2575.667 Thread 0x000001bb91a8e090 DEOPT PACKING pc=0x000001bbf1229593 sp=0x00000054652fe620
Event: 2575.667 Thread 0x000001bb91a8e090 DEOPT UNPACKING pc=0x000001bbf79d4e42 sp=0x00000054652fdac0 mode 0
Event: 2575.690 Thread 0x000001bb91a8e090 DEOPT PACKING pc=0x000001bbf1229593 sp=0x00000054652fe620
Event: 2575.690 Thread 0x000001bb91a8e090 DEOPT UNPACKING pc=0x000001bbf79d4e42 sp=0x00000054652fdac0 mode 0
Event: 2575.699 Thread 0x000001bb91a8e090 DEOPT PACKING pc=0x000001bbf1229593 sp=0x00000054652fe620
Event: 2575.699 Thread 0x000001bb91a8e090 DEOPT UNPACKING pc=0x000001bbf79d4e42 sp=0x00000054652fdac0 mode 0
Event: 2575.705 Thread 0x000001bb91a8e090 DEOPT PACKING pc=0x000001bbf1229593 sp=0x00000054652fe620
Event: 2575.705 Thread 0x000001bb91a8e090 DEOPT UNPACKING pc=0x000001bbf79d4e42 sp=0x00000054652fdac0 mode 0
Event: 2575.718 Thread 0x000001bb91a8e090 DEOPT PACKING pc=0x000001bbf11f2e32 sp=0x00000054652fe590
Event: 2575.718 Thread 0x000001bb91a8e090 DEOPT UNPACKING pc=0x000001bbf79d4e42 sp=0x00000054652fda60 mode 0
Event: 2575.720 Thread 0x000001bb91a8e090 DEOPT PACKING pc=0x000001bbf1229593 sp=0x00000054652fe620
Event: 2575.720 Thread 0x000001bb91a8e090 DEOPT UNPACKING pc=0x000001bbf79d4e42 sp=0x00000054652fdac0 mode 0
Event: 2575.730 Thread 0x000001bb91a8e090 DEOPT PACKING pc=0x000001bbf1229593 sp=0x00000054652fe620
Event: 2575.730 Thread 0x000001bb91a8e090 DEOPT UNPACKING pc=0x000001bbf79d4e42 sp=0x00000054652fdac0 mode 0
Event: 2575.818 Thread 0x000001bb91a8da00 DEOPT PACKING pc=0x000001bbf075c9b7 sp=0x00000054651fdfa0
Event: 2575.818 Thread 0x000001bb91a8da00 DEOPT UNPACKING pc=0x000001bbf79d4e42 sp=0x00000054651fd4a0 mode 0

Classes loaded (20 events):
Event: 2499.139 Loading class com/sun/org/apache/xerces/internal/dom/DeferredAttrNSImpl
Event: 2499.139 Loading class com/sun/org/apache/xerces/internal/dom/DeferredAttrNSImpl done
Event: 2516.005 Loading class java/util/concurrent/ConcurrentLinkedDeque
Event: 2516.010 Loading class java/util/concurrent/ConcurrentLinkedDeque done
Event: 2516.010 Loading class java/util/concurrent/ConcurrentLinkedDeque$Node
Event: 2516.011 Loading class java/util/concurrent/ConcurrentLinkedDeque$Node done
Event: 2520.355 Loading class java/lang/StringUTF16$CodePointsSpliterator
Event: 2520.355 Loading class java/lang/StringUTF16$CodePointsSpliterator done
Event: 2520.355 Loading class java/util/Spliterators$2Adapter
Event: 2520.356 Loading class java/util/Spliterators$2Adapter done
Event: 2520.856 Loading class java/lang/CharacterData01
Event: 2520.859 Loading class java/lang/CharacterData01 done
Event: 2524.291 Loading class com/sun/xml/internal/stream/util/ReadOnlyIterator
Event: 2524.292 Loading class com/sun/xml/internal/stream/util/ReadOnlyIterator done
Event: 2528.835 Loading class com/sun/org/apache/xerces/internal/dom/DeferredCommentImpl
Event: 2528.835 Loading class com/sun/org/apache/xerces/internal/dom/DeferredCommentImpl done
Event: 2530.989 Loading class java/util/zip/ZipFile$EntrySpliterator
Event: 2530.990 Loading class java/util/Spliterators$AbstractSpliterator
Event: 2530.991 Loading class java/util/Spliterators$AbstractSpliterator done
Event: 2530.991 Loading class java/util/zip/ZipFile$EntrySpliterator done

Classes unloaded (20 events):
Event: 152.671 Thread 0x000001bb869c2880 Unloading class 0x000000080093c948 '_BuildScript_$_run_closure1$_closure2'
Event: 152.671 Thread 0x000001bb869c2880 Unloading class 0x000000080093c548 '_BuildScript_$_run_closure1'
Event: 152.671 Thread 0x000001bb869c2880 Unloading class 0x000000080093c000 '_BuildScript_'
Event: 167.638 Thread 0x000001bb869c2880 Unloading class 0x0000000800961948 '_BuildScript_$_run_closure1$_closure3'
Event: 167.638 Thread 0x000001bb869c2880 Unloading class 0x0000000800961548 '_BuildScript_$_run_closure1$_closure2'
Event: 167.638 Thread 0x000001bb869c2880 Unloading class 0x0000000800961148 '_BuildScript_$_run_closure1'
Event: 167.638 Thread 0x000001bb869c2880 Unloading class 0x0000000800960c00 '_BuildScript_'
Event: 167.638 Thread 0x000001bb869c2880 Unloading class 0x0000000800960800 'JetGradlePlugin$_apply_closure1$_closure2$_closure3'
Event: 167.638 Thread 0x000001bb869c2880 Unloading class 0x0000000800960400 'JetGradlePlugin$_apply_closure1$_closure2'
Event: 167.638 Thread 0x000001bb869c2880 Unloading class 0x0000000800960000 'JetGradlePlugin$_apply_closure1'
Event: 167.638 Thread 0x000001bb869c2880 Unloading class 0x00000008009592e0 'JetGradlePlugin'
Event: 167.638 Thread 0x000001bb869c2880 Unloading class 0x0000000800959000 'RegistryProcessor'
Event: 1293.988 Thread 0x000001bb869c2880 Unloading class 0x00000008017c4400 'java/lang/invoke/LambdaForm$DMH+0x00000008017c4400'
Event: 1299.339 Thread 0x000001bb869c2880 Unloading class 0x0000000801881000 'java/lang/invoke/LambdaForm$DMH+0x0000000801881000'
Event: 1299.339 Thread 0x000001bb869c2880 Unloading class 0x0000000801881400 'java/lang/invoke/LambdaForm$DMH+0x0000000801881400'
Event: 1299.339 Thread 0x000001bb869c2880 Unloading class 0x0000000801880800 'java/lang/invoke/LambdaForm$DMH+0x0000000801880800'
Event: 1299.339 Thread 0x000001bb869c2880 Unloading class 0x0000000801880400 'java/lang/invoke/LambdaForm$DMH+0x0000000801880400'
Event: 1319.075 Thread 0x000001bb869c2880 Unloading class 0x000000080190c400 'java/lang/invoke/LambdaForm$DMH+0x000000080190c400'
Event: 2543.887 Thread 0x000001bb869c2880 Unloading class 0x0000000801a10800 'java/lang/invoke/LambdaForm$DMH+0x0000000801a10800'
Event: 2543.887 Thread 0x000001bb869c2880 Unloading class 0x0000000801a10400 'java/lang/invoke/LambdaForm$DMH+0x0000000801a10400'

Classes redefined (0 events):
No events

Internal exceptions (20 events):
Event: 2561.363 Thread 0x000001bb972af560 Exception <a 'sun/nio/fs/WindowsException'{0x0000000721593730}> (0x0000000721593730) 
thrown [s\src\hotspot\share\prims\jni.cpp, line 535]
Event: 2561.369 Thread 0x000001bb972af560 Exception <a 'sun/nio/fs/WindowsException'{0x0000000721596bd8}> (0x0000000721596bd8) 
thrown [s\src\hotspot\share\prims\jni.cpp, line 535]
Event: 2561.390 Thread 0x000001bb972af560 Exception <a 'sun/nio/fs/WindowsException'{0x000000072159a020}> (0x000000072159a020) 
thrown [s\src\hotspot\share\prims\jni.cpp, line 535]
Event: 2561.419 Thread 0x000001bb972af560 Exception <a 'sun/nio/fs/WindowsException'{0x000000072159d448}> (0x000000072159d448) 
thrown [s\src\hotspot\share\prims\jni.cpp, line 535]
Event: 2561.426 Thread 0x000001bb972af560 Exception <a 'sun/nio/fs/WindowsException'{0x00000007215a0878}> (0x00000007215a0878) 
thrown [s\src\hotspot\share\prims\jni.cpp, line 535]
Event: 2561.432 Thread 0x000001bb972af560 Exception <a 'sun/nio/fs/WindowsException'{0x00000007215a3ca0}> (0x00000007215a3ca0) 
thrown [s\src\hotspot\share\prims\jni.cpp, line 535]
Event: 2561.436 Thread 0x000001bb972af560 Exception <a 'sun/nio/fs/WindowsException'{0x00000007215a70d0}> (0x00000007215a70d0) 
thrown [s\src\hotspot\share\prims\jni.cpp, line 535]
Event: 2561.458 Thread 0x000001bb972af560 Exception <a 'sun/nio/fs/WindowsException'{0x00000007215aa4c8}> (0x00000007215aa4c8) 
thrown [s\src\hotspot\share\prims\jni.cpp, line 535]
Event: 2561.467 Thread 0x000001bb972af560 Exception <a 'sun/nio/fs/WindowsException'{0x00000007215ad8e8}> (0x00000007215ad8e8) 
thrown [s\src\hotspot\share\prims\jni.cpp, line 535]
Event: 2561.476 Thread 0x000001bb972af560 Exception <a 'sun/nio/fs/WindowsException'{0x00000007215b0d10}> (0x00000007215b0d10) 
thrown [s\src\hotspot\share\prims\jni.cpp, line 535]
Event: 2561.484 Thread 0x000001bb972af560 Exception <a 'sun/nio/fs/WindowsException'{0x00000007215b4138}> (0x00000007215b4138) 
thrown [s\src\hotspot\share\prims\jni.cpp, line 535]
Event: 2561.499 Thread 0x000001bb972af560 Exception <a 'sun/nio/fs/WindowsException'{0x00000007215b7588}> (0x00000007215b7588) 
thrown [s\src\hotspot\share\prims\jni.cpp, line 535]
Event: 2561.521 Thread 0x000001bb972af560 Exception <a 'sun/nio/fs/WindowsException'{0x00000007215ba9e8}> (0x00000007215ba9e8) 
thrown [s\src\hotspot\share\prims\jni.cpp, line 535]
Event: 2561.550 Thread 0x000001bb972af560 Exception <a 'sun/nio/fs/WindowsException'{0x00000007215bde20}> (0x00000007215bde20) 
thrown [s\src\hotspot\share\prims\jni.cpp, line 535]
Event: 2561.561 Thread 0x000001bb972af560 Exception <a 'sun/nio/fs/WindowsException'{0x00000007215c1248}> (0x00000007215c1248) 
thrown [s\src\hotspot\share\prims\jni.cpp, line 535]
Event: 2561.571 Thread 0x000001bb972af560 Exception <a 'sun/nio/fs/WindowsException'{0x00000007210368d8}> (0x00000007210368d8) 
thrown [s\src\hotspot\share\prims\jni.cpp, line 535]
Event: 2561.576 Thread 0x000001bb972af560 Exception <a 'sun/nio/fs/WindowsException'{0x0000000721039c18}> (0x0000000721039c18) 
thrown [s\src\hotspot\share\prims\jni.cpp, line 535]
Event: 2561.585 Thread 0x000001bb972af560 Exception <a 'sun/nio/fs/WindowsException'{0x000000072103cf00}> (0x000000072103cf00) 
thrown [s\src\hotspot\share\prims\jni.cpp, line 535]
Event: 2561.590 Thread 0x000001bb972af560 Exception <a 'sun/nio/fs/WindowsException'{0x00000007210401f8}> (0x00000007210401f8) 
thrown [s\src\hotspot\share\prims\jni.cpp, line 535]
Event: 2573.398 Thread 0x000001bb8e3920f0 Exception <a 'sun/nio/fs/WindowsException'{0x000000071e549eb8}> (0x000000071e549eb8) 
thrown [s\src\hotspot\share\prims\jni.cpp, line 535]

ZGC Phase Switch (0 events):
No events

VM Operations (20 events):
Event: 2569.982 Executing VM operation: ICBufferFull done
Event: 2571.207 Executing VM operation: G1CollectForAllocation (G1 Evacuation Pause)
Event: 2571.282 Executing VM operation: G1CollectForAllocation (G1 Evacuation Pause) done
Event: 2571.396 Executing VM operation: G1TryInitiateConcMark (G1 Humongous Allocation)
Event: 2571.445 Executing VM operation: G1TryInitiateConcMark (G1 Humongous Allocation) done
Event: 2572.445 Executing VM operation: Cleanup
Event: 2572.445 Executing VM operation: Cleanup done
Event: 2572.648 Executing VM operation: G1PauseRemark
Event: 2572.705 Executing VM operation: G1PauseRemark done
Event: 2573.360 Executing VM operation: G1PauseCleanup
Event: 2573.360 Executing VM operation: G1PauseCleanup done
Event: 2573.580 Executing VM operation: G1CollectForAllocation (G1 Evacuation Pause)
Event: 2573.620 Executing VM operation: G1CollectForAllocation (G1 Evacuation Pause) done
Event: 2575.020 Executing VM operation: G1CollectForAllocation (G1 Evacuation Pause)
Event: 2575.020 Executing VM operation: G1CollectForAllocation (G1 Evacuation Pause) done
Event: 2575.028 Executing VM operation: G1CollectForAllocation (GCLocker Initiated GC)
Event: 2575.082 Executing VM operation: G1CollectForAllocation (GCLocker Initiated GC) done
Event: 2575.838 Executing VM operation: G1TryInitiateConcMark (G1 Humongous Allocation)
Event: 2575.841 Executing VM operation: G1TryInitiateConcMark (G1 Humongous Allocation) done
Event: 2575.849 Executing VM operation: G1TryInitiateConcMark (G1 Humongous Allocation)

Memory protections (0 events):
No events

Nmethod flushes (20 events):
Event: 2572.696 Thread 0x000001bb869c2880 flushing  nmethod 0x000001bbf339be10
Event: 2572.696 Thread 0x000001bb869c2880 flushing  nmethod 0x000001bbf339d010
Event: 2572.696 Thread 0x000001bb869c2880 flushing  nmethod 0x000001bbf33a0210
Event: 2572.696 Thread 0x000001bb869c2880 flushing  nmethod 0x000001bbf33a1990
Event: 2572.696 Thread 0x000001bb869c2880 flushing  nmethod 0x000001bbf33c7290
Event: 2572.696 Thread 0x000001bb869c2880 flushing osr nmethod 0x000001bbf33c8810
Event: 2572.696 Thread 0x000001bb869c2880 flushing  nmethod 0x000001bbf33d0790
Event: 2572.696 Thread 0x000001bb869c2880 flushing  nmethod 0x000001bbf33d1210
Event: 2572.696 Thread 0x000001bb869c2880 flushing  nmethod 0x000001bbf33d2a10
Event: 2572.696 Thread 0x000001bb869c2880 flushing  nmethod 0x000001bbf33d3f90
Event: 2572.696 Thread 0x000001bb869c2880 flushing  nmethod 0x000001bbf33d4b90
Event: 2572.696 Thread 0x000001bb869c2880 flushing  nmethod 0x000001bbf33d4f90
Event: 2572.697 Thread 0x000001bb869c2880 flushing  nmethod 0x000001bbf33dba90
Event: 2572.697 Thread 0x000001bb869c2880 flushing  nmethod 0x000001bbf33dc010
Event: 2572.697 Thread 0x000001bb869c2880 flushing  nmethod 0x000001bbf33dca10
Event: 2572.697 Thread 0x000001bb869c2880 flushing  nmethod 0x000001bbf33dd290
Event: 2572.697 Thread 0x000001bb869c2880 flushing  nmethod 0x000001bbf33dd690
Event: 2572.697 Thread 0x000001bb869c2880 flushing  nmethod 0x000001bbf33ddb90
Event: 2572.697 Thread 0x000001bb869c2880 flushing  nmethod 0x000001bbf34d6310
Event: 2572.697 Thread 0x000001bb869c2880 flushing  nmethod 0x000001bbf34d9990

Events (20 events):
Event: 2532.210 Thread 0x000001bb972aba50 Thread exited: 0x000001bb972aba50
Event: 2534.145 Thread 0x000001bb91a85d50 Thread added: 0x000001bb8e392780
Event: 2540.513 Thread 0x000001bb86bccc50 Thread added: 0x000001bb97ec5970
Event: 2543.800 Thread 0x000001bb96a214d0 Thread exited: 0x000001bb96a214d0
Event: 2558.865 Thread 0x000001bb91a90e80 Thread added: 0x000001bb91a849a0
Event: 2558.881 Thread 0x000001bb91a90e80 Thread added: 0x000001bb91a8d370
Event: 2558.939 Thread 0x000001bb972b0910 Thread added: 0x000001bb91a863e0
Event: 2559.093 Thread 0x000001bb91a90e80 Thread added: 0x000001bb91a86a70
Event: 2559.406 Thread 0x000001bb8e3920f0 Thread added: 0x000001bb91a8f440
Event: 2560.600 Thread 0x000001bb97ec5970 Thread exited: 0x000001bb97ec5970
Event: 2561.209 Thread 0x000001bb8e3920f0 Thread added: 0x000001bb91a92230
Event: 2561.209 Thread 0x000001bb8e3920f0 Thread added: 0x000001bb91a928c0
Event: 2563.197 Thread 0x000001bb86bccc50 Thread added: 0x000001bb97ec8250
Event: 2563.608 Thread 0x000001bb972af560 Thread exited: 0x000001bb972af560
Event: 2565.359 Thread 0x000001bb97ec8250 Thread exited: 0x000001bb97ec8250
Event: 2565.361 Thread 0x000001bb972aa6a0 Thread added: 0x000001bb91a935e0
Event: 2565.362 Thread 0x000001bb972aa6a0 Thread added: 0x000001bb91a8da00
Event: 2565.363 Thread 0x000001bb91a935e0 Thread added: 0x000001bb91a8e090
Event: 2565.363 Thread 0x000001bb91a8da00 Thread added: 0x000001bb8c9d3aa0
Event: 2565.368 Thread 0x000001bb86b5a930 Thread added: 0x000001bb97ec8ff0


Dynamic libraries:
0x00007ff6e9050000 - 0x00007ff6e905a000 	D:\SEMESTER 7\SMDD\Android_Studio\jbr\bin\java.exe
0x00007ffe8be10000 - 0x00007ffe8c008000 	C:\Windows\SYSTEM32\ntdll.dll
0x00007ffe89ff0000 - 0x00007ffe8a0b2000 	C:\Windows\System32\KERNEL32.DLL
0x00007ffe89870000 - 0x00007ffe89b66000 	C:\Windows\System32\KERNELBASE.dll
0x00007ffe89540000 - 0x00007ffe89640000 	C:\Windows\System32\ucrtbase.dll
0x00007ffe81260000 - 0x00007ffe8127b000 	D:\SEMESTER 7\SMDD\Android_Studio\jbr\bin\VCRUNTIME140.dll
0x00007ffe7f7a0000 - 0x00007ffe7f7b8000 	D:\SEMESTER 7\SMDD\Android_Studio\jbr\bin\jli.dll
0x00007ffe8b380000 - 0x00007ffe8b521000 	C:\Windows\System32\USER32.dll
0x00007ffe89c20000 - 0x00007ffe89c42000 	C:\Windows\System32\win32u.dll
0x00007ffe8af70000 - 0x00007ffe8af9b000 	C:\Windows\System32\GDI32.dll
0x00007ffe89c50000 - 0x00007ffe89d69000 	C:\Windows\System32\gdi32full.dll
0x00007ffe894a0000 - 0x00007ffe8953d000 	C:\Windows\System32\msvcp_win.dll
0x00007ffe73330000 - 0x00007ffe735cb000 	C:\Windows\WinSxS\amd64_microsoft.windows.common-controls_6595b64144ccf1df_6.0.19041.6456_none_60b8a6cb71f64256\COMCTL32.dll
0x00007ffe89e30000 - 0x00007ffe89ece000 	C:\Windows\System32\msvcrt.dll
0x00007ffe8a2d0000 - 0x00007ffe8a2ff000 	C:\Windows\System32\IMM32.DLL
0x00007ffe80cb0000 - 0x00007ffe80cbc000 	D:\SEMESTER 7\SMDD\Android_Studio\jbr\bin\vcruntime140_1.dll
0x00007ffe5cd60000 - 0x00007ffe5cded000 	D:\SEMESTER 7\SMDD\Android_Studio\jbr\bin\msvcp140.dll
0x00007ffe3f9f0000 - 0x00007ffe4067b000 	D:\SEMESTER 7\SMDD\Android_Studio\jbr\bin\server\jvm.dll
0x00007ffe8bd00000 - 0x00007ffe8bdb1000 	C:\Windows\System32\ADVAPI32.dll
0x00007ffe89f50000 - 0x00007ffe89fef000 	C:\Windows\System32\sechost.dll
0x00007ffe8a300000 - 0x00007ffe8a420000 	C:\Windows\System32\RPCRT4.dll
0x00007ffe89e00000 - 0x00007ffe89e27000 	C:\Windows\System32\bcrypt.dll
0x00007ffe8ad40000 - 0x00007ffe8adab000 	C:\Windows\System32\WS2_32.dll
0x00007ffe89300000 - 0x00007ffe8934b000 	C:\Windows\SYSTEM32\POWRPROF.dll
0x00007ffe735e0000 - 0x00007ffe73607000 	C:\Windows\SYSTEM32\WINMM.dll
0x00007ffe7b180000 - 0x00007ffe7b18a000 	C:\Windows\SYSTEM32\VERSION.dll
0x00007ffe892e0000 - 0x00007ffe892f2000 	C:\Windows\SYSTEM32\UMPDC.dll
0x00007ffe87c70000 - 0x00007ffe87c82000 	C:\Windows\SYSTEM32\kernel.appcore.dll
0x00007ffe80ca0000 - 0x00007ffe80caa000 	D:\SEMESTER 7\SMDD\Android_Studio\jbr\bin\jimage.dll
0x00007ffe83170000 - 0x00007ffe83371000 	C:\Windows\SYSTEM32\DBGHELP.DLL
0x00007ffe6d9e0000 - 0x00007ffe6da14000 	C:\Windows\SYSTEM32\dbgcore.DLL
0x00007ffe89d70000 - 0x00007ffe89df2000 	C:\Windows\System32\bcryptPrimitives.dll
0x00007ffe7f7c0000 - 0x00007ffe7f7ce000 	D:\SEMESTER 7\SMDD\Android_Studio\jbr\bin\instrument.dll
0x00007ffe80c80000 - 0x00007ffe80ca0000 	D:\SEMESTER 7\SMDD\Android_Studio\jbr\bin\java.dll
0x00007ffe806e0000 - 0x00007ffe806f8000 	D:\SEMESTER 7\SMDD\Android_Studio\jbr\bin\zip.dll
0x00007ffe8a420000 - 0x00007ffe8ab90000 	C:\Windows\System32\SHELL32.dll
0x00007ffe86f20000 - 0x00007ffe876c5000 	C:\Windows\SYSTEM32\windows.storage.dll
0x00007ffe8b9a0000 - 0x00007ffe8bcf4000 	C:\Windows\System32\combase.dll
0x00007ffe88d10000 - 0x00007ffe88d3b000 	C:\Windows\SYSTEM32\Wldp.dll
0x00007ffe8a0c0000 - 0x00007ffe8a18d000 	C:\Windows\System32\OLEAUT32.dll
0x00007ffe8adb0000 - 0x00007ffe8ae5d000 	C:\Windows\System32\SHCORE.dll
0x00007ffe8b200000 - 0x00007ffe8b25b000 	C:\Windows\System32\shlwapi.dll
0x00007ffe893d0000 - 0x00007ffe893f4000 	C:\Windows\SYSTEM32\profapi.dll
0x00007ffe81930000 - 0x00007ffe81940000 	D:\SEMESTER 7\SMDD\Android_Studio\jbr\bin\net.dll
0x00007ffe7bb40000 - 0x00007ffe7bc4a000 	C:\Windows\SYSTEM32\WINHTTP.dll
0x00007ffe88af0000 - 0x00007ffe88b5a000 	C:\Windows\system32\mswsock.dll
0x00007ffe80ce0000 - 0x00007ffe80cf6000 	D:\SEMESTER 7\SMDD\Android_Studio\jbr\bin\nio.dll
0x00007ffe803a0000 - 0x00007ffe803b0000 	D:\SEMESTER 7\SMDD\Android_Studio\jbr\bin\verify.dll
0x00007ffe7f710000 - 0x00007ffe7f737000 	D:\Gradle\native\1def1411415f61bf3af743bc5b6707747c0891f09f0c88961ee8f79bc544acac\windows-amd64\native-platform.dll
0x00007ffe7ede0000 - 0x00007ffe7ee58000 	D:\Gradle\native\0.2.7\x86_64-windows-gnu\gradle-fileevents.dll
0x00007ffe80cc0000 - 0x00007ffe80cc9000 	D:\SEMESTER 7\SMDD\Android_Studio\jbr\bin\management.dll
0x00007ffe80c70000 - 0x00007ffe80c7b000 	D:\SEMESTER 7\SMDD\Android_Studio\jbr\bin\management_ext.dll
0x00007ffe8bdc0000 - 0x00007ffe8bdc8000 	C:\Windows\System32\PSAPI.DLL
0x00007ffe887f0000 - 0x00007ffe8882b000 	C:\Windows\SYSTEM32\IPHLPAPI.DLL
0x00007ffe8b1d0000 - 0x00007ffe8b1d8000 	C:\Windows\System32\NSI.dll
0x00007ffe80cd0000 - 0x00007ffe80cd9000 	D:\SEMESTER 7\SMDD\Android_Studio\jbr\bin\extnet.dll
0x00007ffe88d50000 - 0x00007ffe88d68000 	C:\Windows\SYSTEM32\CRYPTSP.dll
0x00007ffe88430000 - 0x00007ffe88468000 	C:\Windows\system32\rsaenh.dll
0x00007ffe89350000 - 0x00007ffe8937e000 	C:\Windows\SYSTEM32\USERENV.dll
0x00007ffe88c80000 - 0x00007ffe88c8c000 	C:\Windows\SYSTEM32\CRYPTBASE.dll
0x00007ffe807b0000 - 0x00007ffe807b7000 	C:\Windows\system32\wshunix.dll
0x00007ffdf6cd0000 - 0x00007ffdf6ce7000 	C:\Windows\system32\napinsp.dll
0x00007ffdf6cb0000 - 0x00007ffdf6ccb000 	C:\Windows\system32\pnrpnsp.dll
0x00007ffe66400000 - 0x00007ffe6641d000 	C:\Windows\system32\wshbth.dll
0x00007ffe80590000 - 0x00007ffe805ad000 	C:\Windows\system32\NLAapi.dll
0x00007ffe88830000 - 0x00007ffe888fa000 	C:\Windows\SYSTEM32\DNSAPI.dll
0x00007ffdf6cf0000 - 0x00007ffdf6d02000 	C:\Windows\System32\winrnr.dll
0x000000005b970000 - 0x000000005b996000 	C:\Program Files\Bonjour\mdnsNSP.dll
0x00007ffe76ce0000 - 0x00007ffe76cea000 	C:\Windows\System32\rasadhlp.dll
0x00007ffe76ef0000 - 0x00007ffe76f70000 	C:\Windows\System32\fwpuclnt.dll
0x00007ffe6e2d0000 - 0x00007ffe6e2d7000 	D:\SEMESTER 7\SMDD\Android_Studio\jbr\bin\rmi.dll
0x00007ffe88680000 - 0x00007ffe886b3000 	C:\Windows\SYSTEM32\ntmarta.dll

dbghelp: loaded successfully - version: 4.0.5 - missing functions: none
symbol engine: initialized successfully - sym options: 0x614 - pdb path: .;D:\SEMESTER 7\SMDD\Android_Studio\jbr\bin;C:\Windows\SYSTEM32;C:\Windows\WinSxS\amd64_microsoft.windows.common-controls_6595b64144ccf1df_6.0.19041.6456_none_60b8a6cb71f64256;D:\SEMESTER 7\SMDD\Android_Studio\jbr\bin\server;D:\Gradle\native\1def1411415f61bf3af743bc5b6707747c0891f09f0c88961ee8f79bc544acac\windows-amd64;D:\Gradle\native\0.2.7\x86_64-windows-gnu;C:\Program Files\Bonjour

VM Arguments:
jvm_args: --add-opens=java.base/java.lang=ALL-UNNAMED --add-opens=java.base/java.lang.invoke=ALL-UNNAMED --add-opens=java.base/java.util=ALL-UNNAMED --add-opens=java.prefs/java.util.prefs=ALL-UNNAMED --add-exports=jdk.compiler/com.sun.tools.javac.api=ALL-UNNAMED --add-exports=jdk.compiler/com.sun.tools.javac.util=ALL-UNNAMED --add-opens=java.base/java.util=ALL-UNNAMED --add-opens=java.prefs/java.util.prefs=ALL-UNNAMED --add-opens=java.base/java.nio.charset=ALL-UNNAMED --add-opens=java.base/java.net=ALL-UNNAMED --add-opens=java.base/java.util.concurrent.atomic=ALL-UNNAMED --add-opens=java.xml/javax.xml.namespace=ALL-UNNAMED -Xmx4096m -Dfile.encoding=UTF-8 -Duser.country=US -Duser.language=en -Duser.variant -javaagent:D:\Gradle\wrapper\dists\gradle-8.13-bin\5xuhj0ry160q40clulazy9h7d\gradle-8.13\lib\agents\gradle-instrumentation-agent-8.13.jar 
java_command: org.gradle.launcher.daemon.bootstrap.GradleDaemon 8.13
java_class_path (initial): D:\Gradle\wrapper\dists\gradle-8.13-bin\5xuhj0ry160q40clulazy9h7d\gradle-8.13\lib\gradle-daemon-main-8.13.jar
Launcher Type: SUN_STANDARD

[Global flags]
     intx CICompilerCount                          = 3                                         {product} {ergonomic}
     uint ConcGCThreads                            = 1                                         {product} {ergonomic}
     uint G1ConcRefinementThreads                  = 4                                         {product} {ergonomic}
   size_t G1HeapRegionSize                         = 2097152                                   {product} {ergonomic}
    uintx GCDrainStackTargetSize                   = 64                                        {product} {ergonomic}
   size_t InitialHeapSize                          = 134217728                                 {product} {ergonomic}
   size_t MarkStackSize                            = 4194304                                   {product} {ergonomic}
   size_t MaxHeapSize                              = 4294967296                                {product} {command line}
   size_t MaxNewSize                               = 2575302656                                {product} {ergonomic}
   size_t MinHeapDeltaBytes                        = 2097152                                   {product} {ergonomic}
   size_t MinHeapSize                              = 8388608                                   {product} {ergonomic}
    uintx NonNMethodCodeHeapSize                   = 5832780                                {pd product} {ergonomic}
    uintx NonProfiledCodeHeapSize                  = 122912730                              {pd product} {ergonomic}
    uintx ProfiledCodeHeapSize                     = 122912730                              {pd product} {ergonomic}
    uintx ReservedCodeCacheSize                    = 251658240                              {pd product} {ergonomic}
     bool SegmentedCodeCache                       = true                                      {product} {ergonomic}
   size_t SoftMaxHeapSize                          = 4294967296                             {manageable} {ergonomic}
     bool UseCompressedOops                        = true                           {product lp64_product} {ergonomic}
     bool UseG1GC                                  = true                                      {product} {ergonomic}
     bool UseLargePagesIndividualAllocation        = false                                  {pd product} {ergonomic}

Logging:
Log output configuration:
 #0: stdout all=warning uptime,level,tags foldmultilines=false
 #1: stderr all=off uptime,level,tags foldmultilines=false

Environment Variables:
PATH=D:\Python\Scripts\;D:\Python\;"D:\opencv\build\x64\vc16\bin;C:\Program Files (x86)\Common Files\Oracle\Java\javapath";C:\Windows\system32;C:\Windows;C:\Windows\System32\Wbem;C:\Windows\System32\WindowsPowerShell\v1.0\;C:\Windows\System32\OpenSSH\;C:\Program Files (x86)\Microsoft SQL Server\160\Tools\Binn\;C:\Program Files\Microsoft SQL Server\160\Tools\Binn\;C:\Program Files\Microsoft SQL Server\Client SDK\ODBC\170\Tools\Binn\;C:\Program Files\Microsoft SQL Server\160\DTS\Binn\;C:\Program Files\Microsoft SQL Server\150\Tools\Binn\;D:\SEMESTER 6\GC\bin\;D:\Node js\;D:\SEMESTER 6\PDC\w_opencl_runtime_p_2025.1.0.972\bin;D:\SEMESTER 6\AI\Project code\OpenJDK21U-jdk_x64_windows_hotspot_21.0.7_6\jdk-21.0.7+6\bin;D:\Cursor\cursor\resources\app\bin;D:\SEMESTER 5\SDA\SDA FINAL PROJECT\Gitbash\Git\cmd;D:\Docker\resources\bin;C:\Users\HP\AppData\Local\Programs\Python\Python310\Scripts\;C:\Users\HP\AppData\Local\Programs\Python\Python310\;C:\Users\HP\AppData\Local\Microsoft\WindowsApps;D:\Microsoft VS Code\bin;C:\Users\HP\AppData\Roaming\npm;D:\Cursor\cursor\resources\app\bin;D:\Windsurf\bin
USERNAME=HP
OS=Windows_NT
PROCESSOR_IDENTIFIER=Intel64 Family 6 Model 78 Stepping 3, GenuineIntel
TMP=C:\Users\HP\AppData\Local\Temp
TEMP=C:\Users\HP\AppData\Local\Temp




Periodic native trim disabled

JNI global refs:
JNI global refs: 28, weak refs: 38

JNI global refs memory usage: 835, weak refs: 833

Process memory usage:
Resident Set Size: 1101100K (13% of 8266340K total physical memory with 550656K free physical memory)

OOME stack traces (most recent first):
Classloader memory used:
Loader org.gradle.internal.classloader.VisitableURLClassLoader$InstrumentingVisitableURLClassLoader: 74911K
Loader org.gradle.internal.classloader.VisitableURLClassLoader                         : 64384K
Loader bootstrap                                                                       : 38216K
Loader org.gradle.initialization.MixInLegacyTypesClassLoader                           : 15032K
Loader org.gradle.internal.classloader.VisitableURLClassLoader                         : 8746K
Loader jdk.internal.reflect.DelegatingClassLoader                                      : 1352K
Loader jdk.internal.loader.ClassLoaders$PlatformClassLoader                            : 817K
Loader org.gradle.groovy.scripts.internal.DefaultScriptCompilationHandler$ScriptClassLoader: 317K
Loader jdk.internal.loader.ClassLoaders$AppClassLoader                                 : 236K
Loader org.codehaus.groovy.runtime.callsite.CallSiteClassLoader                        : 80304B
Loader sun.reflect.misc.MethodUtil                                                     : 2952B

Classes loaded by more than one classloader:
Class Program                                                                         : loaded 7 times (x 68B)
Class Build_gradle$1                                                                  : loaded 5 times (x 70B)
Class com.intellij.gradle.toolingExtension.util.GradleVersionUtil                     : loaded 5 times (x 67B)
Class Build_gradle                                                                    : loaded 5 times (x 126B)
Class com.amazon.ion.ReadOnlyValueException                                           : loaded 3 times (x 80B)
Class com.amazon.ion.IonSexp                                                          : loaded 3 times (x 66B)
Class com.amazon.ion.UnexpectedEofException                                           : loaded 3 times (x 80B)
Class com.android.ide.gradle.model.LegacyAndroidGradlePluginProperties                : loaded 3 times (x 66B)
Class com.amazon.ion.impl.bin.IonManagedBinaryWriter$UserState$1                      : loaded 3 times (x 81B)
Class org.jetbrains.plugins.gradle.tooling.serialization.internal.IdeaProjectSerializationService$ReadContext: loaded 3 times (x 68B)
Class com.google.common.collect.Iterables                                             : loaded 3 times (x 67B)
Class org.jetbrains.plugins.gradle.tooling.serialization.GradleExtensionsSerializationService$ReadContext: loaded 3 times (x 68B)
Class com.amazon.ion.impl.lite.ContainerlessContext                                   : loaded 3 times (x 76B)
Class com.amazon.ion.impl._Private_RecyclingQueue$Recycler                            : loaded 3 times (x 66B)
Class com.google.common.collect.RegularImmutableMap$KeySet                            : loaded 3 times (x 148B)
Class com.google.common.collect.RegularImmutableSet                                   : loaded 3 times (x 145B)
Class com.google.common.collect.Iterators$MergingIterator                             : loaded 3 times (x 77B)
Class com.intellij.gradle.toolingExtension.impl.model.sourceSetModel.GradleSourceSetSerialisationService$SourceSetModelWriteContext: loaded 3 times (x 68B)
Class com.intellij.gradle.toolingExtension.impl.model.utilTurnOffDefaultTasksModel.TurnOffDefaultTasks: loaded 3 times (x 66B)
Class com.intellij.gradle.toolingExtension.impl.model.sourceSetModel.GradleSourceSetSerialisationService$SourceSetModelReadContext: loaded 3 times (x 68B)
Class com.amazon.ion.IonCatalog                                                       : loaded 3 times (x 66B)
Class com.amazon.ion.system.IonSystemBuilder                                          : loaded 3 times (x 71B)
Class com.amazon.ion.impl._Private_IonWriterBase                                      : loaded 3 times (x 158B)
Class com.amazon.ion.impl.bin.IonManagedBinaryWriter$UserState$2                      : loaded 3 times (x 81B)
Class com.amazon.ion.impl._Private_IonValue                                           : loaded 3 times (x 66B)
Class [Lcom.amazon.ion.impl.bin.IonManagedBinaryWriter$SymbolState;                   : loaded 3 times (x 65B)
Class com.intellij.gradle.toolingExtension.impl.model.sourceSetModel.GradleSourceSetSerialisationService$Companion: loaded 3 times (x 67B)
Class com.google.common.collect.ImmutableList$SubList                                 : loaded 3 times (x 205B)
Class com.google.common.collect.ForwardingObject                                      : loaded 3 times (x 68B)
Class org.jetbrains.plugins.gradle.javaModel.JavaGradleManifestModel                  : loaded 3 times (x 66B)
Class com.intellij.gradle.toolingExtension.impl.model.taskModel.GradleTaskSerialisationService$Companion: loaded 3 times (x 67B)
Class org.jetbrains.plugins.gradle.tooling.serialization.GradleExtensionsSerializationService$WriteContext: loaded 3 times (x 68B)
Class com.amazon.ion.SymbolTable                                                      : loaded 3 times (x 66B)
Class com.google.common.base.CharMatcher$IsEither                                     : loaded 3 times (x 107B)
Class com.amazon.ion.impl.bin.IonManagedBinaryWriter$ImportDescriptor                 : loaded 3 times (x 72B)
Class com.google.common.collect.ImmutableSet$SetBuilderImpl                           : loaded 3 times (x 72B)
Class com.amazon.ion.SubstituteSymbolTableException                                   : loaded 3 times (x 80B)
Class com.amazon.ion.impl.SymbolTokenImpl                                             : loaded 3 times (x 77B)
Class com.amazon.ion.IonText                                                          : loaded 3 times (x 66B)
Class com.amazon.ion.impl.bin.utf8.Pool$Allocator                                     : loaded 3 times (x 66B)
Class com.amazon.ion.impl.bin.utf8.Utf8StringEncoder$Result                           : loaded 3 times (x 70B)
Class com.google.common.collect.ImmutableList                                         : loaded 3 times (x 202B)
Class [Lcom.amazon.ion.impl.bin.IonRawBinaryWriter$ContainerType;                     : loaded 3 times (x 65B)
Class com.amazon.ion.impl.bin.IonManagedBinaryWriter$UserState$3                      : loaded 3 times (x 81B)
Class com.amazon.ion.IonException                                                     : loaded 3 times (x 80B)
Class org.jetbrains.plugins.gradle.tooling.util.IntObjectMap$ObjectFactory            : loaded 3 times (x 66B)
Class com.amazon.ion.IonBufferConfiguration$Builder                                   : loaded 3 times (x 74B)
Class com.amazon.ion.impl.lite.IonDecimalLite                                         : loaded 3 times (x 184B)
Class org.jetbrains.plugins.gradle.model.GradleExtension                              : loaded 3 times (x 66B)
Class com.amazon.ion.impl._Private_LocalSymbolTable                                   : loaded 3 times (x 66B)
Class com.amazon.ion.impl.bin.IonRawBinaryWriter$PreallocationMode$3                  : loaded 3 times (x 78B)
Class com.android.ide.gradle.model.GradlePluginModel                                  : loaded 3 times (x 66B)
Class com.google.common.collect.ImmutableList$1                                       : loaded 3 times (x 93B)
Class com.google.common.collect.ImmutableSet$Builder                                  : loaded 3 times (x 81B)
Class com.google.common.base.CharMatcher$InRange                                      : loaded 3 times (x 107B)
Class com.google.common.collect.SetMultimap                                           : loaded 3 times (x 66B)
Class org.jetbrains.plugins.gradle.model.UnresolvedExternalDependency                 : loaded 3 times (x 66B)
Class org.jetbrains.kotlin.idea.gradleTooling.PrepareKotlinIdeImportTaskModel         : loaded 3 times (x 66B)
Class com.amazon.ion.impl.bin.IonRawBinaryWriter$PreallocationMode$2                  : loaded 3 times (x 78B)
Class com.amazon.ion.IonInt                                                           : loaded 3 times (x 66B)
Class com.google.common.collect.ImmutableMapEntrySet$RegularEntrySet                  : loaded 3 times (x 148B)
Class com.intellij.gradle.toolingExtension.impl.model.dependencyDownloadPolicyModel.GradleDependencyDownloadPolicy: loaded 3 times (x 66B)
Class com.amazon.ion.impl.bin.IonManagedBinaryWriter$UserState$4                      : loaded 3 times (x 81B)
Class com.amazon.ion.system.IonBinaryWriterBuilder                                    : loaded 3 times (x 95B)
Class org.jetbrains.plugins.gradle.model.GradleExtensions                             : loaded 3 times (x 66B)
Class org.jetbrains.plugins.gradle.model.AnnotationProcessingModel                    : loaded 3 times (x 66B)
Class org.jetbrains.kotlin.idea.gradleTooling.KotlinMPPGradleModel                    : loaded 3 times (x 66B)
Class [Lcom.amazon.ion.impl.bin._Private_IonManagedBinaryWriterBuilder$AllocatorMode; : loaded 3 times (x 65B)
Class com.amazon.ion.impl.bin.IonRawBinaryWriter$PreallocationMode$1                  : loaded 3 times (x 78B)
Class com.google.common.collect.RegularImmutableMap                                   : loaded 3 times (x 117B)
Class com.google.common.collect.ImmutableMap$MapViewOfValuesAsSingletonSets           : loaded 3 times (x 122B)
Class com.amazon.ion.impl._Private_ValueFactory                                       : loaded 3 times (x 66B)
Class com.amazon.ion.impl.lite.IonClobLite                                            : loaded 3 times (x 216B)
Class com.google.common.collect.RangeSet                                              : loaded 3 times (x 66B)
Class org.jetbrains.plugins.gradle.model.DependencyAccessorsModel                     : loaded 3 times (x 66B)
Class com.intellij.util.ThrowableConsumer                                             : loaded 3 times (x 66B)
Class org.gradle.internal.impldep.gnu.trove.TObjectHash                               : loaded 3 times (x 90B)
Class [Lcom.intellij.openapi.externalSystem.model.project.dependencies.ResolutionState;: loaded 3 times (x 65B)
Class com.amazon.ion.impl.lite.IonNullLite                                            : loaded 3 times (x 171B)
Class com.google.common.base.CharMatcher$NamedFastMatcher                             : loaded 3 times (x 108B)
Class com.google.common.base.CharMatcher$1                                            : loaded 3 times (x 109B)
Class com.google.common.base.Joiner$2                                                 : loaded 3 times (x 75B)
Class com.google.common.collect.RangeGwtSerializationDependencies                     : loaded 3 times (x 67B)
Class org.jetbrains.plugins.gradle.tooling.serialization.AnnotationProcessingModelSerializationService: loaded 3 times (x 73B)
Class com.google.common.collect.UnmodifiableListIterator                              : loaded 3 times (x 91B)
Class com.amazon.ion.impl._Private_LocalSymbolTableFactory                            : loaded 3 times (x 66B)
Class com.amazon.ion.impl.bin.IonManagedBinaryWriter$ImportedSymbolResolverMode$1$1$1 : loaded 3 times (x 72B)
Class com.amazon.ion.system.IonTextWriterBuilder                                      : loaded 3 times (x 94B)
Class com.google.common.collect.PeekingIterator                                       : loaded 3 times (x 66B)
Class com.google.common.base.CharMatcher                                              : loaded 3 times (x 107B)
Class org.jetbrains.kotlin.idea.gradleTooling.AndroidAwareGradleModelProvider$Companion: loaded 3 times (x 67B)
Class [Lcom.amazon.ion.impl.bin.IonRawBinaryWriter$StreamCloseMode;                   : loaded 3 times (x 65B)
Class com.amazon.ion.impl.lite.IonSymbolLite                                          : loaded 3 times (x 242B)
Class com.amazon.ion.impl.bin.IonManagedBinaryWriter$ImportedSymbolResolverMode$1     : loaded 3 times (x 76B)
Class com.google.common.base.Joiner$1                                                 : loaded 3 times (x 76B)
Class com.intellij.util.containers.IntObjectHashMap$ArrayProducer                     : loaded 3 times (x 66B)
Class com.google.common.collect.ImmutableSetMultimap                                  : loaded 3 times (x 176B)
Class org.jetbrains.plugins.gradle.tooling.serialization.ExternalTestsSerializationService: loaded 3 times (x 73B)
Class com.amazon.ion.IonSequence                                                      : loaded 3 times (x 66B)
Class com.amazon.ion.IonLob                                                           : loaded 3 times (x 66B)
Class com.amazon.ion.IonBlob                                                          : loaded 3 times (x 66B)
Class com.amazon.ion.impl.bin.IonRawBinaryWriter$PatchPoint                           : loaded 3 times (x 69B)
Class com.google.common.base.Preconditions                                            : loaded 3 times (x 67B)
Class com.intellij.gradle.toolingExtension.impl.model.projectModel.GradleExternalProjectSerializationService: loaded 3 times (x 73B)
Class com.amazon.ion.impl._Private_IonBinaryWriterBuilder$Mutable                     : loaded 3 times (x 111B)
Class com.amazon.ion.impl.bin.IonRawBinaryWriter$StreamCloseMode                      : loaded 3 times (x 75B)
Class com.google.common.base.CharMatcher$Is                                           : loaded 3 times (x 107B)
Class com.google.common.base.CharMatcher$Negated                                      : loaded 3 times (x 109B)
Class com.amazon.ion.impl.bin.IonManagedBinaryWriter$ImportedSymbolResolverMode$2     : loaded 3 times (x 76B)
Class org.jetbrains.plugins.gradle.model.tests.ExternalTestsModel                     : loaded 3 times (x 66B)
Class com.amazon.ion.IonDecimal                                                       : loaded 3 times (x 66B)
Class com.amazon.ion.BufferConfiguration$OversizedValueHandler                        : loaded 3 times (x 66B)
Class com.amazon.ion.impl._Private_IonSystem                                          : loaded 3 times (x 66B)
Class com.amazon.ion.impl.bin.utf8.Utf8StringEncoderPool                              : loaded 3 times (x 70B)
Class org.jetbrains.plugins.gradle.model.GradleConfiguration                          : loaded 3 times (x 66B)
Class com.google.common.collect.RegularImmutableMap$BucketOverflowException           : loaded 3 times (x 78B)
Class com.intellij.gradle.toolingExtension.impl.model.dependencyModel.DependencyWriteContext: loaded 3 times (x 68B)
Class com.intellij.gradle.toolingExtension.impl.model.projectModel.GradleExternalProjectSerializationService$ReadContext: loaded 3 times (x 69B)
Class com.amazon.ion.impl._Private_Utils                                              : loaded 3 times (x 67B)
Class com.google.common.collect.ImmutableSet$RegularSetBuilderImpl                    : loaded 3 times (x 73B)
Class org.jetbrains.kotlin.idea.projectModel.KotlinTaskProperties                     : loaded 3 times (x 66B)
Class com.google.common.collect.ImmutableRangeSet$ComplementRanges                    : loaded 3 times (x 203B)
Class org.jetbrains.plugins.gradle.tooling.serialization.internal.IdeaProjectSerializationService: loaded 3 times (x 73B)
Class [Lcom.google.common.collect.ImmutableMapEntry;                                  : loaded 3 times (x 65B)
Class org.jetbrains.plugins.gradle.model.GradleProperty                               : loaded 3 times (x 66B)
Class com.amazon.ion.IonLoader                                                        : loaded 3 times (x 66B)
Class org.gradle.internal.IoActions                                                   : loaded 3 times (x 67B)
Class com.amazon.ion.IonBool                                                          : loaded 3 times (x 66B)
Class com.amazon.ion.impl.lite.IonSystemLite                                          : loaded 3 times (x 271B)
Class com.amazon.ion.impl.bin.IonRawBinaryWriter$PreallocationMode                    : loaded 3 times (x 78B)
Class com.amazon.ion.impl.bin._Private_IonRawWriter                                   : loaded 3 times (x 66B)
Class com.amazon.ion.IonWriter                                                        : loaded 3 times (x 66B)
Class com.amazon.ion.impl.bin.utf8.Utf8StringEncoder                                  : loaded 3 times (x 76B)
Class [Lcom.amazon.ion.impl.bin.IonManagedBinaryWriter$UserState;                     : loaded 3 times (x 65B)
Class org.gradle.internal.impldep.gnu.trove.TObjectIntProcedure                       : loaded 3 times (x 66B)
Class com.amazon.ion.IonNumber                                                        : loaded 3 times (x 66B)
Class com.amazon.ion.impl.lite.IonTextLite                                            : loaded 3 times (x 177B)
Class com.google.common.collect.ImmutableRangeSet                                     : loaded 3 times (x 111B)
Class com.amazon.ion.impl.lite.IonLobLite                                             : loaded 3 times (x 180B)
Class org.jetbrains.plugins.gradle.tooling.ModelBuilderService$Parameter              : loaded 3 times (x 66B)
Class com.amazon.ion.IonClob                                                          : loaded 3 times (x 66B)
Class ijJvmDebugger1_cczc8vxz7m3kxxnoaqupzk0hw$_run_closure1                          : loaded 3 times (x 135B)
Class ijKotlinCoroutineJvmDebugInit1_buww37xxpwyrlogzp1suct069$_run_closure1          : loaded 3 times (x 135B)
Class com.amazon.ion.IonReader                                                        : loaded 3 times (x 66B)
Class org.jetbrains.plugins.gradle.model.AnnotationProcessingConfig                   : loaded 3 times (x 66B)
Class com.amazon.ion.impl._Private_RecyclingQueue$ElementFactory                      : loaded 3 times (x 66B)
Class com.amazon.ion.impl._Private_IonContainer                                       : loaded 3 times (x 66B)
Class com.intellij.gradle.toolingExtension.impl.model.buildScriptClasspathModel.GradleBuildScriptClasspathSerializationService$ReadContext: loaded 3 times (x 68B)
Class org.gradle.internal.impldep.gnu.trove.TObjectIntHashMap                         : loaded 3 times (x 105B)
Class com.amazon.ion.system.IonReaderBuilder                                          : loaded 3 times (x 89B)
Class org.gradle.api.GradleException                                                  : loaded 3 times (x 78B)
Class com.google.common.collect.ImmutableSet$SerializedForm                           : loaded 3 times (x 69B)
Class com.google.common.collect.ImmutableEntry                                        : loaded 3 times (x 78B)
Class com.amazon.ion.BufferConfiguration$DataHandler                                  : loaded 3 times (x 66B)
Class org.jetbrains.plugins.gradle.tooling.util.ObjectCollector$Processor             : loaded 3 times (x 66B)
Class com.amazon.ion.impl.bin.AbstractIonWriter                                       : loaded 3 times (x 157B)
Class com.google.common.base.CharMatcher$NegatedFastMatcher                           : loaded 3 times (x 109B)
Class com.google.common.collect.AbstractRangeSet                                      : loaded 3 times (x 110B)
Class com.amazon.ion.impl.SymbolTableAsStruct                                         : loaded 3 times (x 66B)
Class com.amazon.ion.impl._Private_Utils$1                                            : loaded 3 times (x 85B)
Class com.amazon.ion.impl.lite.IonSequenceLite                                        : loaded 3 times (x 428B)
Class com.android.ide.gradle.model.dependencies.Coordinates                           : loaded 3 times (x 66B)
Class com.amazon.ion.impl._Private_RecyclingStack$$Iterator                           : loaded 3 times (x 95B)
Class com.amazon.ion.impl.SharedSymbolTable                                           : loaded 3 times (x 89B)
Class com.amazon.ion.impl.bin.IonRawBinaryWriter                                      : loaded 3 times (x 165B)
Class com.amazon.ion.SymbolToken                                                      : loaded 3 times (x 66B)
Class com.google.common.collect.ImmutableMap                                          : loaded 3 times (x 116B)
Class com.google.common.base.Predicate                                                : loaded 3 times (x 66B)
Class org.jetbrains.plugins.gradle.model.GradleSourceSetModel                         : loaded 3 times (x 66B)
Class com.intellij.gradle.toolingExtension.impl.model.sourceSetDependencyModel.GradleSourceSetDependencySerialisationService: loaded 3 times (x 73B)
Class org.jetbrains.plugins.gradle.tooling.serialization.internal.IdeaProjectSerializationService$WriteContext: loaded 3 times (x 68B)
Class com.amazon.ion.impl.bin.BlockAllocatorProvider                                  : loaded 3 times (x 68B)
Class com.google.common.base.CharMatcher$FastMatcher                                  : loaded 3 times (x 107B)
Class com.amazon.ion.impl.bin.AbstractIonWriter$WriteValueOptimization                : loaded 3 times (x 75B)
Class org.gradle.internal.Cast                                                        : loaded 3 times (x 67B)
Class org.gradle.api.Action                                                           : loaded 3 times (x 66B)
Class com.google.common.collect.ImmutableList$SerializedForm                          : loaded 3 times (x 69B)
Class org.jetbrains.plugins.gradle.tooling.serialization.ExternalTestsSerializationService$ReadContext: loaded 3 times (x 68B)
Class com.amazon.ion.impl.BlockedBuffer$BufferedOutputStream                          : loaded 3 times (x 86B)
Class com.amazon.ion.impl.bin.IonBinaryWriterAdapter$Factory                          : loaded 3 times (x 66B)
Class [Lcom.amazon.ion.SymbolTable;                                                   : loaded 3 times (x 65B)
Class com.amazon.ion.impl.bin.IonRawBinaryWriter$1                                    : loaded 3 times (x 73B)
Class com.google.common.base.CharMatcher$Or                                           : loaded 3 times (x 108B)
Class com.amazon.ion.system.IonWriterBuilderBase                                      : loaded 3 times (x 79B)
Class com.amazon.ion.impl._Private_RecyclingQueue                                     : loaded 3 times (x 76B)
Class com.amazon.ion.impl.bin.BlockAllocator                                          : loaded 3 times (x 76B)
Class com.amazon.ion.impl.lite.IonBoolLite                                            : loaded 3 times (x 174B)
Class org.gradle.internal.impldep.gnu.trove.TObjectHash$NULL                          : loaded 3 times (x 67B)
Class com.amazon.ion.impl.IonWriterSystemTextMarkup                                   : loaded 3 times (x 188B)
Class com.google.common.collect.ImmutableSet                                          : loaded 3 times (x 141B)
Class com.google.common.collect.RegularImmutableMap$Values                            : loaded 3 times (x 203B)
Class com.google.common.base.CharMatcher$BitSetMatcher                                : loaded 3 times (x 108B)
Class org.jetbrains.plugins.gradle.model.GradleBuildScriptClasspathModel              : loaded 3 times (x 66B)
Class com.amazon.ion.IonStruct                                                        : loaded 3 times (x 66B)
Class com.amazon.ion.impl.bin.IonManagedBinaryWriter$SymbolState                      : loaded 3 times (x 76B)
Class com.amazon.ion.UnsupportedIonVersionException                                   : loaded 3 times (x 81B)
Class [Lcom.amazon.ion.impl.bin.IonRawBinaryWriter$StreamFlushMode;                   : loaded 3 times (x 65B)
Class org.gradle.internal.impldep.com.google.common.base.Preconditions                : loaded 3 times (x 67B)
Class org.jetbrains.plugins.gradle.tooling.util.IntObjectMap$1                        : loaded 3 times (x 73B)
Class com.google.common.collect.ImmutableRangeSet$Builder                             : loaded 3 times (x 73B)
Class org.gradle.internal.impldep.gnu.trove.PrimeFinder                               : loaded 3 times (x 67B)
Class com.intellij.gradle.toolingExtension.impl.model.taskModel.GradleTaskSerialisationService: loaded 3 times (x 72B)
Class org.jetbrains.kotlin.idea.gradleTooling.model.kapt.KaptGradleModel              : loaded 3 times (x 66B)
Class org.jetbrains.kotlin.idea.gradleTooling.KotlinDslScriptAdditionalTask           : loaded 3 times (x 66B)
Class org.jetbrains.plugins.gradle.model.ClasspathEntryModel                          : loaded 3 times (x 66B)
Class com.amazon.ion.system.SimpleCatalog                                             : loaded 3 times (x 87B)
Class com.amazon.ion.BufferConfiguration                                              : loaded 3 times (x 69B)
Class com.android.ide.gradle.model.LegacyV1AgpVersionModel                            : loaded 3 times (x 66B)
Class org.jetbrains.plugins.gradle.model.GradleSourceSetDependencyModel               : loaded 3 times (x 66B)
Class com.amazon.ion.IonString                                                        : loaded 3 times (x 66B)
Class com.intellij.gradle.toolingExtension.impl.model.utilDummyModel.DummyModel       : loaded 3 times (x 66B)
Class org.gradle.internal.impldep.gnu.trove.TObjectHashingStrategy                    : loaded 3 times (x 66B)
Class org.jetbrains.plugins.gradle.model.FileCollectionDependency                     : loaded 3 times (x 66B)
Class com.amazon.ion.impl.lite.IonTimestampLite                                       : loaded 3 times (x 188B)
Class com.amazon.ion.impl.LocalSymbolTableAsStruct                                    : loaded 3 times (x 122B)
Class com.amazon.ion.impl._Private_IonBinaryWriterBuilder                             : loaded 3 times (x 111B)
Class com.amazon.ion.IonTimestamp                                                     : loaded 3 times (x 66B)
Class com.amazon.ion.impl.bin.PooledBlockAllocatorProvider$PooledBlockAllocator       : loaded 3 times (x 77B)
Class com.intellij.gradle.toolingExtension.impl.model.buildScriptClasspathModel.GradleBuildScriptClasspathSerializationService: loaded 3 times (x 73B)
Class org.jetbrains.plugins.gradle.tooling.serialization.GradleExtensionsSerializationService: loaded 3 times (x 73B)
Class com.amazon.ion.impl.bin.IonManagedBinaryWriter$ImportedSymbolResolverMode       : loaded 3 times (x 76B)
Class com.amazon.ion.impl.LocalSymbolTable$Factory                                    : loaded 3 times (x 73B)
Class ijJvmDebugger1_cczc8vxz7m3kxxnoaqupzk0hw                                        : loaded 3 times (x 175B)
Class ijKotlinCoroutineJvmDebugInit1_buww37xxpwyrlogzp1suct069                        : loaded 3 times (x 175B)
Class [Lcom.google.common.collect.ImmutableEntry;                                     : loaded 3 times (x 65B)
Class com.amazon.ion.IonFloat                                                         : loaded 3 times (x 66B)
Class com.amazon.ion.impl.lite.IonListLite                                            : loaded 3 times (x 486B)
Class com.amazon.ion.impl.lite.IonSexpLite                                            : loaded 3 times (x 486B)
Class [Lcom.amazon.ion.impl.bin.IonRawBinaryWriter$PreallocationMode;                 : loaded 3 times (x 65B)
Class com.amazon.ion.util._Private_FastAppendable                                     : loaded 3 times (x 66B)
Class com.amazon.ion.IonDatagram                                                      : loaded 3 times (x 66B)
Class com.amazon.ion.impl._Private_RecyclingStack$ElementFactory                      : loaded 3 times (x 66B)
Class com.amazon.ion.impl.bin.IonManagedBinaryWriter$ImportedSymbolResolverMode$1$1   : loaded 3 times (x 74B)
Class com.amazon.ion.impl._Private_ByteTransferSink                                   : loaded 3 times (x 66B)
Class com.amazon.ion.impl.lite.IonIntLite                                             : loaded 3 times (x 185B)
Class com.intellij.openapi.externalSystem.model.project.dependencies.ResolutionState  : loaded 3 times (x 75B)
Class com.intellij.gradle.toolingExtension.impl.model.sourceSetModel.GradleSourceSetSerialisationService: loaded 3 times (x 73B)
Class com.amazon.ion.impl.bin.IonManagedBinaryWriter$ImportedSymbolContext            : loaded 3 times (x 68B)
Class com.amazon.ion.IonSystem                                                        : loaded 3 times (x 66B)
Class com.google.common.collect.RegularImmutableList                                  : loaded 3 times (x 209B)
Class org.jetbrains.plugins.gradle.tooling.serialization.internal.adapter.Supplier    : loaded 3 times (x 66B)
Class com.amazon.ion.IonList                                                          : loaded 3 times (x 66B)
Class com.google.common.collect.ImmutableMapEntry$NonTerminalImmutableMapEntry        : loaded 3 times (x 81B)
Class com.google.common.base.Function                                                 : loaded 3 times (x 66B)
Class com.google.common.collect.ImmutableMultimap                                     : loaded 3 times (x 143B)
Class org.jetbrains.plugins.gradle.tooling.serialization.SerializationService         : loaded 3 times (x 66B)
Class com.amazon.ion.impl.LocalSymbolTable                                            : loaded 3 times (x 117B)
Class com.amazon.ion.impl.lite.IonBlobLite                                            : loaded 3 times (x 215B)
Class com.google.common.collect.ImmutableMapEntry                                     : loaded 3 times (x 81B)
Class org.jetbrains.plugins.gradle.tooling.serialization.internal.IdeaProjectSerializationService$WriteContext$8: loaded 3 times (x 79B)
Class com.amazon.ion.impl.bin.IonManagedBinaryWriter                                  : loaded 3 times (x 162B)
Class org.jetbrains.plugins.gradle.model.ExternalLibraryDependency                    : loaded 3 times (x 66B)
Class com.amazon.ion.impl.bin.WriteBuffer                                             : loaded 3 times (x 74B)
Class com.google.common.collect.RegularImmutableSortedSet                             : loaded 3 times (x 296B)
Class org.jetbrains.plugins.gradle.model.RepositoryModels                             : loaded 3 times (x 66B)
Class org.jetbrains.plugins.gradle.tooling.serialization.internal.IdeaProjectSerializationService$WriteContext$7: loaded 3 times (x 79B)
Class com.amazon.ion.impl.lite.ValueFactoryLite                                       : loaded 3 times (x 214B)
Class com.google.common.base.CharMatcher$IsNot                                        : loaded 3 times (x 107B)
Class com.google.common.collect.ImmutableMap$SerializedForm                           : loaded 3 times (x 69B)
Class org.jetbrains.plugins.gradle.tooling.util.IntObjectMap                          : loaded 3 times (x 69B)
Class org.jetbrains.plugins.gradle.tooling.serialization.internal.IdeaProjectSerializationService$WriteContext$6: loaded 3 times (x 79B)
Class com.amazon.ion.IonType                                                          : loaded 3 times (x 75B)
Class com.amazon.ion.impl.lite._Private_LiteDomTrampoline                             : loaded 3 times (x 67B)
Class com.amazon.ion.impl._Private_RecyclingQueue$ElementIterator                     : loaded 3 times (x 78B)
Class com.amazon.ion.impl.bin.IntList                                                 : loaded 3 times (x 73B)
Class com.google.common.collect.ImmutableSortedSet                                    : loaded 3 times (x 296B)
Class com.intellij.gradle.toolingExtension.impl.model.sourceSetDependencyModel.GradleSourceSetDependencySerialisationService$SourceSetDependencyModelWriteContext: loaded 3 times (x 68B)
Class org.jetbrains.plugins.gradle.tooling.serialization.internal.IdeaProjectSerializationService$WriteContext$5: loaded 3 times (x 79B)
Class com.amazon.ion.IonValue                                                         : loaded 3 times (x 66B)
Class com.amazon.ion.BufferConfiguration$Builder                                      : loaded 3 times (x 74B)
Class com.intellij.gradle.toolingExtension.impl.model.sourceSetDependencyModel.GradleSourceSetDependencySerialisationService$Companion: loaded 3 times (x 67B)
Class org.jetbrains.plugins.gradle.tooling.serialization.internal.IdeaProjectSerializationService$WriteContext$4: loaded 3 times (x 79B)
Class org.jetbrains.kotlin.idea.gradleTooling.AndroidAwareGradleModelProvider         : loaded 3 times (x 75B)
Class com.google.common.collect.ImmutableRangeSet$AsSet                               : loaded 3 times (x 296B)
Class org.jetbrains.plugins.gradle.tooling.serialization.internal.IdeaProjectSerializationService$WriteContext$3: loaded 3 times (x 79B)
Class com.google.common.collect.Iterators$ArrayItr                                    : loaded 3 times (x 93B)
Class com.google.common.collect.ImmutableCollection$Builder                           : loaded 3 times (x 72B)
Class org.jetbrains.plugins.gradle.tooling.serialization.AnnotationProcessingModelSerializationService$ReadContext: loaded 3 times (x 68B)
Class com.amazon.ion.impl.bin.PooledBlockAllocatorProvider                            : loaded 3 times (x 69B)
Class com.amazon.ion.IonContainer                                                     : loaded 3 times (x 66B)
Class com.amazon.ion.impl.lite.IonValueLite                                           : loaded 3 times (x 143B)
Class com.amazon.ion.impl._Private_IonSymbol                                          : loaded 3 times (x 66B)
Class com.google.common.collect.ImmutableAsList                                       : loaded 3 times (x 205B)
Class com.amazon.ion.impl.bin.IonRawBinaryWriter$ContainerType                        : loaded 3 times (x 75B)
Class com.amazon.ion.impl._Private_IonTextWriterBuilder$Mutable                       : loaded 3 times (x 98B)
Class com.google.common.collect.Iterators$9                                           : loaded 3 times (x 77B)
Class org.jetbrains.plugins.gradle.tooling.serialization.internal.IdeaProjectSerializationService$WriteContext$2: loaded 3 times (x 79B)
Class com.amazon.ion.impl._Private_SymtabExtendsCache                                 : loaded 3 times (x 68B)
Class com.amazon.ion.impl.bin.utf8.Pool                                               : loaded 3 times (x 70B)
Class com.google.common.collect.BaseImmutableMultimap                                 : loaded 3 times (x 119B)
Class com.google.common.base.Joiner                                                   : loaded 3 times (x 75B)
Class com.google.common.collect.ImmutableSet$CachingAsList                            : loaded 3 times (x 144B)
Class com.google.common.collect.Lists                                                 : loaded 3 times (x 67B)
Class org.jetbrains.plugins.gradle.model.ExternalProject                              : loaded 3 times (x 66B)
Class org.jetbrains.plugins.gradle.tooling.serialization.internal.IdeaProjectSerializationService$WriteContext$1: loaded 3 times (x 79B)
Class org.jetbrains.kotlin.idea.gradleTooling.KotlinSourceSetContainer                : loaded 3 times (x 66B)
Class org.jetbrains.plugins.gradle.model.IntelliJSettings                             : loaded 3 times (x 66B)
Class com.amazon.ion.impl.bin.IonManagedBinaryWriter$SymbolState$4                    : loaded 3 times (x 76B)
Class com.google.common.collect.ImmutableCollection                                   : loaded 3 times (x 121B)
Class com.google.common.base.CharMatcher$AnyOf                                        : loaded 3 times (x 108B)
Class com.google.common.collect.Platform                                              : loaded 3 times (x 67B)
Class com.intellij.gradle.toolingExtension.impl.model.sourceSetArtifactIndex.GradleSourceSetArtifactBuildRequest: loaded 3 times (x 66B)
Class com.google.common.collect.UnmodifiableIterator                                  : loaded 3 times (x 76B)
Class com.amazon.ion.IonBinaryWriter                                                  : loaded 3 times (x 66B)
Class com.amazon.ion.impl.bin.IonRawBinaryWriter$StreamFlushMode                      : loaded 3 times (x 75B)
Class [Lcom.google.common.collect.AbstractMapEntry;                                   : loaded 3 times (x 65B)
Class com.android.ide.gradle.model.GradlePropertiesModel                              : loaded 3 times (x 66B)
Class com.amazon.ion.impl.bin.IonManagedBinaryWriter$SymbolState$3                    : loaded 3 times (x 76B)
Class com.amazon.ion.impl.bin.IonRawBinaryWriter$ContainerInfo                        : loaded 3 times (x 70B)
Class com.google.common.base.CharMatcher$ForPredicate                                 : loaded 3 times (x 108B)
Class com.amazon.ion.impl.IonWriterSystem                                             : loaded 3 times (x 167B)
Class com.amazon.ion.impl.bin.Symbols$2                                               : loaded 3 times (x 103B)
Class com.amazon.ion.impl.bin._Private_IonManagedWriter                               : loaded 3 times (x 66B)
Class com.intellij.gradle.toolingExtension.impl.model.warmUp.GradleTaskWarmUpRequest  : loaded 3 times (x 66B)
Class com.amazon.ion.IonNull                                                          : loaded 3 times (x 66B)
Class com.amazon.ion.impl.bin.IonManagedBinaryWriter$SymbolState$2                    : loaded 3 times (x 76B)
Class org.jetbrains.plugins.gradle.model.ExternalSourceSet                            : loaded 3 times (x 66B)
Class org.jetbrains.plugins.gradle.model.ProjectImportModelProvider                   : loaded 3 times (x 66B)
Class com.google.common.collect.AbstractMapEntry                                      : loaded 3 times (x 77B)
Class com.google.common.collect.Iterators$5                                           : loaded 3 times (x 78B)
Class org.jetbrains.plugins.gradle.model.VersionCatalogsModel                         : loaded 3 times (x 66B)
Class com.intellij.gradle.toolingExtension.impl.model.dependencyModel.DependencyReadContext: loaded 3 times (x 68B)
Class com.intellij.gradle.toolingExtension.impl.model.sourceSetDependencyModel.GradleSourceSetDependencySerialisationService$SourceSetDependencyModelReadContext: loaded 3 times (x 68B)
Class [Lcom.amazon.ion.IonType;                                                       : loaded 3 times (x 65B)
Class com.amazon.ion.impl.LocalSymbolTableAsStruct$Factory                            : loaded 3 times (x 75B)
Class com.amazon.ion.impl.bin.IonManagedBinaryWriter$SymbolState$1                    : loaded 3 times (x 76B)
Class com.google.common.collect.ImmutableBiMap                                        : loaded 3 times (x 139B)
Class com.amazon.ion.impl.lite.IonContainerLite                                       : loaded 3 times (x 244B)
Class com.amazon.ion.IonBufferConfiguration$OversizedSymbolTableHandler               : loaded 3 times (x 66B)
Class com.amazon.ion.system.IonWriterBuilder                                          : loaded 3 times (x 70B)
Class org.jetbrains.plugins.gradle.tooling.serialization.ToolingStreamApiUtils        : loaded 3 times (x 67B)
Class com.google.common.collect.Iterators$4                                           : loaded 3 times (x 78B)
Class com.amazon.ion.facet.Faceted                                                    : loaded 3 times (x 66B)
Class com.google.common.collect.SortedIterable                                        : loaded 3 times (x 66B)
Class ijInit1_583rg5s0srppob1w8gtbg54mn                                               : loaded 3 times (x 175B)
Class com.intellij.util.containers.IntObjectHashMap                                   : loaded 3 times (x 68B)
Class org.jetbrains.plugins.gradle.model.ExternalDependency                           : loaded 3 times (x 66B)
Class org.jetbrains.plugins.gradle.model.IntelliJProjectSettings                      : loaded 3 times (x 66B)
Class com.google.common.collect.ImmutableList$Builder                                 : loaded 3 times (x 73B)
Class com.google.common.collect.AbstractMultimap                                      : loaded 3 times (x 119B)
Class com.google.common.collect.ImmutableMap$IteratorBasedImmutableMap                : loaded 3 times (x 122B)
Class com.google.common.collect.SingletonImmutableSet                                 : loaded 3 times (x 142B)
Class com.amazon.ion.UnknownSymbolException                                           : loaded 3 times (x 82B)
Class com.android.ide.gradle.model.composites.BuildMap                                : loaded 3 times (x 66B)
Class com.amazon.ion.impl.bin.utf8.Poolable                                           : loaded 3 times (x 75B)
Class com.amazon.ion.IonSymbol                                                        : loaded 3 times (x 66B)
Class com.google.common.collect.Iterators$1                                           : loaded 3 times (x 77B)
Class org.jetbrains.plugins.gradle.tooling.serialization.AnnotationProcessingModelSerializationService$WriteContext: loaded 3 times (x 68B)
Class org.gradle.internal.impldep.gnu.trove.THash                                     : loaded 3 times (x 77B)
Class com.amazon.ion.impl.bin.IonRawBinaryWriter$ThrowingRunnable                     : loaded 3 times (x 66B)
Class com.google.common.collect.ImmutableRangeSet$1                                   : loaded 3 times (x 206B)
Class com.amazon.ion.impl.bin.IonManagedBinaryWriter$LocalSymbolTableView             : loaded 3 times (x 103B)
Class com.google.common.collect.RegularImmutableAsList                                : loaded 3 times (x 213B)
Class com.amazon.ion.impl._Private_RecyclingStack$Recycler                            : loaded 3 times (x 66B)
Class ijJvmDebugger1_cczc8vxz7m3kxxnoaqupzk0hw$_run_closure1$_closure2                : loaded 3 times (x 136B)
Class org.jetbrains.kotlin.idea.gradleTooling.KotlinGradleModel                       : loaded 3 times (x 66B)
Class org.jetbrains.plugins.gradle.tooling.serialization.ExternalTestsSerializationService$WriteContext: loaded 3 times (x 68B)
Class org.jetbrains.kotlin.idea.gradleTooling.KotlinGradlePluginVersion               : loaded 3 times (x 66B)
Class com.amazon.ion.impl.bin.IonManagedBinaryWriter$SymbolResolverBuilder            : loaded 3 times (x 66B)
Class com.amazon.ion.system.IonSystemBuilder$Mutable                                  : loaded 3 times (x 71B)
Class com.amazon.ion.impl.lite.IonStructLite                                          : loaded 3 times (x 294B)
Class com.amazon.ion.impl._Private_ReaderWriter                                       : loaded 3 times (x 66B)
Class com.amazon.ion.impl.bin.AbstractSymbolTable                                     : loaded 3 times (x 103B)
Class com.amazon.ion.Decimal                                                          : loaded 3 times (x 129B)
Class com.amazon.ion.impl.bin._Private_IonManagedBinaryWriterBuilder$AllocatorMode$1  : loaded 3 times (x 76B)
Class org.jetbrains.plugins.gradle.tooling.serialization.ProjectDependenciesSerializationService$WriteContext: loaded 3 times (x 68B)
Class org.jetbrains.plugins.gradle.tooling.serialization.ProjectDependenciesSerializationService: loaded 3 times (x 73B)
Class com.intellij.compose.ide.plugin.gradleTooling.rt.ComposeResourcesModel          : loaded 3 times (x 66B)
Class com.google.common.collect.ImmutableList$ReverseImmutableList                    : loaded 3 times (x 205B)
Class org.jetbrains.plugins.gradle.tooling.serialization.KotlinDslScriptsModelSerializationService: loaded 3 times (x 77B)
Class com.google.common.collect.Range                                                 : loaded 3 times (x 83B)
Class org.jetbrains.plugins.gradle.model.ExternalProjectDependency                    : loaded 3 times (x 66B)
Class com.google.common.collect.Iterators                                             : loaded 3 times (x 67B)
Class org.gradle.api.UncheckedIOException                                             : loaded 3 times (x 78B)
Class com.google.common.collect.SingletonImmutableList                                : loaded 3 times (x 203B)
Class [Lcom.amazon.ion.SymbolToken;                                                   : loaded 3 times (x 65B)
Class ijKotlinCoroutineJvmDebugInit1_buww37xxpwyrlogzp1suct069$_run_closure1$_closure2: loaded 3 times (x 135B)
Class com.android.ide.gradle.model.dependencies.DeclaredDependencies                  : loaded 3 times (x 66B)
Class org.gradle.kotlin.dsl.VersionCatalogAccessorsKt                                 : loaded 3 times (x 67B)
Class org.jetbrains.kotlin.tooling.core.KotlinToolingVersion                          : loaded 3 times (x 71B)
Class com.google.common.collect.NullnessCasts                                         : loaded 3 times (x 67B)
Class com.intellij.gradle.toolingExtension.impl.model.projectModel.GradleExternalProjectSerializationService$WriteContext: loaded 3 times (x 69B)
Class com.amazon.ion.impl.lite.IonFloatLite                                           : loaded 3 times (x 182B)
Class com.amazon.ion.impl._Private_IonTextWriterBuilder                               : loaded 3 times (x 98B)
Class com.amazon.ion.impl.bin._Private_IonManagedBinaryWriterBuilder$AllocatorMode$2  : loaded 3 times (x 76B)
Class org.gradle.internal.impldep.gnu.trove.Equality                                  : loaded 3 times (x 66B)
Class com.amazon.ion.impl.bin._Private_IonManagedBinaryWriterBuilder                  : loaded 3 times (x 68B)
Class com.amazon.ion.impl._Private_IonWriter                                          : loaded 3 times (x 66B)
Class org.jetbrains.plugins.gradle.tooling.serialization.internal.adapter.InternalBuildIdentifier: loaded 3 times (x 71B)
Class com.google.common.collect.Lists$StringAsImmutableList                           : loaded 3 times (x 203B)
Class com.amazon.ion.impl.bin.IonManagedBinaryWriter$UserState                        : loaded 3 times (x 81B)
Class com.google.common.collect.Multimap                                              : loaded 3 times (x 66B)
Class org.jetbrains.plugins.gradle.tooling.serialization.RepositoriesModelSerializationService$ReadContext: loaded 3 times (x 68B)
Class org.jetbrains.plugins.gradle.ExternalDependencyId                               : loaded 3 times (x 66B)
Class [Lcom.amazon.ion.impl.bin.AbstractIonWriter$WriteValueOptimization;             : loaded 3 times (x 65B)
Class org.jetbrains.plugins.gradle.tooling.serialization.RepositoriesModelSerializationService: loaded 3 times (x 78B)
Class com.amazon.ion.impl._Private_RecyclingStack                                     : loaded 3 times (x 75B)
Class com.amazon.ion.impl._Private_IonReaderBuilder                                   : loaded 3 times (x 91B)
Class com.amazon.ion.IonMutableCatalog                                                : loaded 3 times (x 66B)
Class com.intellij.gradle.toolingExtension.impl.model.buildScriptClasspathModel.GradleBuildScriptClasspathSerializationService$WriteContext: loaded 3 times (x 68B)
Class com.amazon.ion.impl.bin.Symbols                                                 : loaded 3 times (x 67B)
Class com.amazon.ion.IonBufferConfiguration                                           : loaded 3 times (x 69B)
Class com.android.ide.gradle.model.artifacts.AdditionalClassifierArtifactsModel       : loaded 3 times (x 66B)
Class com.google.common.collect.ImmutableMap$Builder                                  : loaded 3 times (x 78B)
Class org.gradle.internal.impldep.gnu.trove.TObjectCanonicalHashingStrategy           : loaded 3 times (x 76B)
Class com.intellij.openapi.externalSystem.model.project.dependencies.ProjectDependencies: loaded 3 times (x 66B)
Class org.gradle.internal.impldep.gnu.trove.TObjectIdentityHashingStrategy            : loaded 3 times (x 74B)
Class org.jetbrains.plugins.gradle.tooling.serialization.ProjectDependenciesSerializationService$ReadContext: loaded 3 times (x 68B)
Class com.intellij.openapi.externalSystem.model.project.IExternalSystemSourceType     : loaded 3 times (x 66B)
Class com.amazon.ion.impl._Private_IonReaderBuilder$Mutable                           : loaded 3 times (x 91B)
Class com.google.common.base.CharMatcher$And                                          : loaded 3 times (x 108B)
Class com.google.common.collect.ImmutableMapEntrySet                                  : loaded 3 times (x 148B)
Class org.jetbrains.plugins.gradle.model.GradleTaskModel                              : loaded 3 times (x 66B)
Class org.jetbrains.plugins.gradle.tooling.util.ObjectCollector                       : loaded 3 times (x 68B)
Class com.amazon.ion.impl.bin._Private_IonManagedBinaryWriterBuilder$AllocatorMode    : loaded 3 times (x 76B)
Class com.amazon.ion.impl._Private_SymbolToken                                        : loaded 3 times (x 66B)
Class com.amazon.ion.impl.bin.IonManagedBinaryWriter$SymbolResolver                   : loaded 3 times (x 66B)
Class com.amazon.ion.impl._Private_IonReaderBuilder$TwoElementSequenceInputStream     : loaded 3 times (x 88B)
Class com.amazon.ion.impl.bin.PooledBlockAllocatorProvider$PooledBlockAllocator$1     : loaded 3 times (x 75B)
Class com.amazon.ion.impl.lite.IonStringLite                                          : loaded 3 times (x 208B)
Class com.google.common.collect.AbstractIndexedListIterator                           : loaded 3 times (x 92B)
Class com.google.common.collect.ObjectArrays                                          : loaded 3 times (x 67B)
Class com.amazon.ion.ValueFactory                                                     : loaded 3 times (x 66B)
Class [Lcom.amazon.ion.impl.bin.IonManagedBinaryWriter$ImportedSymbolResolverMode;    : loaded 3 times (x 65B)
Class com.amazon.ion.impl.IonWriterSystemText                                         : loaded 3 times (x 186B)
Class com.google.common.collect.IndexedImmutableSet                                   : loaded 3 times (x 148B)
Class com.google.common.collect.ImmutableMap$1                                        : loaded 3 times (x 77B)
Class com.google.common.collect.BiMap                                                 : loaded 3 times (x 66B)
Class com.amazon.ion.impl.lite.IonContext                                             : loaded 3 times (x 66B)
Class com.amazon.ion.impl.lite.IonLoaderLite                                          : loaded 3 times (x 78B)
Class com.amazon.ion.impl.bin.utf8.Utf8StringEncoderPool$1                            : loaded 3 times (x 72B)
Class org.jetbrains.plugins.gradle.model.ExternalTask                                 : loaded 3 times (x 66B)
Class com.intellij.openapi.externalSystem.model.ExternalSystemException               : loaded 3 times (x 82B)
Class com.google.common.collect.AbstractIterator                                      : loaded 3 times (x 78B)
Class com.amazon.ion.impl.bin.Block                                                   : loaded 3 times (x 75B)
Class org.jetbrains.plugins.gradle.tooling.serialization.RepositoriesModelSerializationService$WriteContext: loaded 3 times (x 68B)
Class org.jetbrains.plugins.gradle.tooling.internal.DefaultRepositoryModels           : loaded 2 times (x 72B)
Class org.jetbrains.kotlin.idea.gradleTooling.model.lombok.LombokModel                : loaded 2 times (x 66B)
Class org.gradle.internal.impldep.com.google.common.collect.Iterators$ArrayItr        : loaded 2 times (x 93B)
Class com.google.common.reflect.Reflection                                            : loaded 2 times (x 67B)
Class com.google.common.base.Absent                                                   : loaded 2 times (x 76B)
Class com.google.common.collect.FluentIterable$2                                      : loaded 2 times (x 77B)
Class com.android.builder.model.v2.CustomSourceDirectory                              : loaded 2 times (x 66B)
Class com.google.common.primitives.Ints                                               : loaded 2 times (x 67B)
Class com.android.ide.common.repository.AgpVersion                                    : loaded 2 times (x 71B)
Class org.gradle.internal.impldep.com.google.gson.internal.bind.TypeAdapters$32       : loaded 2 times (x 72B)
Class com.google.common.collect.NullsFirstOrdering                                    : loaded 2 times (x 111B)
Class kotlin.ResultKt                                                                 : loaded 2 times (x 67B)
Class org.gradle.tooling.internal.adapter.ProtocolToModelAdapter$PropertyCachingMethodInvoker: loaded 2 times (x 72B)
Class org.gradle.internal.impldep.com.google.gson.internal.bind.TypeAdapters$EnumTypeAdapter: loaded 2 times (x 70B)
Class org.gradle.internal.impldep.com.google.gson.internal.bind.TypeAdapters$33       : loaded 2 times (x 72B)
Class org.jetbrains.kotlin.idea.gradleTooling.ResolveCompilerArgumentsKt              : loaded 2 times (x 67B)
Class org.jetbrains.kotlin.idea.gradleTooling.reflect.KotlinMultiplatformImportReflectionImpl: loaded 2 times (x 72B)
Class org.jetbrains.kotlin.idea.gradleTooling.reflect.ReflectionReceiver$Instance     : loaded 2 times (x 73B)
Class org.gradle.api.internal.classpath.DefaultModuleRegistry$DefaultModule           : loaded 2 times (x 82B)
Class org.gradle.tooling.internal.adapter.ProtocolToModelAdapter$ViewKey              : loaded 2 times (x 68B)
Class org.objectweb.asm.FieldVisitor                                                  : loaded 2 times (x 73B)
Class com.google.common.base.Objects                                                  : loaded 2 times (x 67B)
Class com.google.common.collect.FluentIterable$1                                      : loaded 2 times (x 77B)
Class org.jetbrains.kotlin.idea.gradleTooling.MultiplatformModelImportingChecker      : loaded 2 times (x 66B)
Class com.google.common.collect.FluentIterable$3                                      : loaded 2 times (x 77B)
Class com.android.builder.model.v2.models.ProjectSyncIssues                           : loaded 2 times (x 66B)
Class com.intellij.gradle.toolingExtension.impl.model.projectModel.GradleExternalProjectModelBuilder: loaded 2 times (x 82B)
Class com.google.common.collect.Multiset                                              : loaded 2 times (x 66B)
Class com.google.common.collect.ArrayListMultimapGwtSerializationDependencies         : loaded 2 times (x 168B)
Class org.jetbrains.kotlin.idea.gradleTooling.KotlinMPPGradleModelBuilder$Companion   : loaded 2 times (x 67B)
Class com.google.common.math.MathPreconditions                                        : loaded 2 times (x 67B)
Class kotlin.Result$Failure                                                           : loaded 2 times (x 68B)
Class kotlin.collections.ArraysKt__ArraysKt                                           : loaded 2 times (x 67B)
Class org.gradle.internal.time.DefaultCountdownTimer                                  : loaded 2 times (x 84B)
Class org.gradle.internal.impldep.com.google.gson.internal.bind.TypeAdapters$34       : loaded 2 times (x 72B)
Class org.gradle.internal.impldep.com.google.gson.internal.bind.TypeAdapters$31       : loaded 2 times (x 72B)
Class org.gradle.internal.impldep.com.google.gson.Gson$5                              : loaded 2 times (x 72B)
Class org.jetbrains.kotlin.idea.gradleTooling.reflect.KotlinAndroidSourceSetInfoReflection: loaded 2 times (x 66B)
Class com.intellij.gradle.toolingExtension.impl.model.sourceSetArtifactIndex.GradleSourceSetArtifactModel: loaded 2 times (x 72B)
Class org.gradle.internal.classloader.ClasspathUtil$1                                 : loaded 2 times (x 72B)
Class org.gradle.internal.time.DefaultTimer                                           : loaded 2 times (x 76B)
Class kotlin.collections.EmptyList                                                    : loaded 2 times (x 170B)
Class kotlin.collections.MapsKt__MapsJVMKt                                            : loaded 2 times (x 67B)
Class kotlin.collections.SetsKt__SetsJVMKt                                            : loaded 2 times (x 67B)
Class org.gradle.tooling.internal.adapter.ProtocolToModelAdapter$AdaptingMethodInvoker: loaded 2 times (x 72B)
Class org.gradle.tooling.internal.gradle.DefaultBuildIdentifier                       : loaded 2 times (x 75B)
Class kotlin.Function                                                                 : loaded 2 times (x 66B)
Class org.gradle.api.internal.classpath.Module                                        : loaded 2 times (x 66B)
Class org.jetbrains.kotlin.idea.gradleTooling.KotlinGradleModelImpl                   : loaded 2 times (x 80B)
Class com.google.common.cache.CacheLoader$UnsupportedLoadingOperationException        : loaded 2 times (x 78B)
Class org.objectweb.asm.ClassWriter                                                   : loaded 2 times (x 102B)
Class com.intellij.gradle.toolingExtension.impl.util.GradleObjectUtil                 : loaded 2 times (x 67B)
Class com.intellij.openapi.externalSystem.model.project.dependencies.ArtifactDependencyNodeImpl: loaded 2 times (x 91B)
Class com.google.common.cache.Weigher                                                 : loaded 2 times (x 66B)
Class kotlin.io.FileAlreadyExistsException                                            : loaded 2 times (x 78B)
Class kotlin.internal.ProgressionUtilKt                                               : loaded 2 times (x 67B)
Class org.gradle.api.internal.classpath.UnknownModuleException                        : loaded 2 times (x 78B)
Class com.android.ide.common.gradle.Separator                                         : loaded 2 times (x 75B)
Class com.google.common.collect.AbstractMapBasedMultimap$KeySet$1                     : loaded 2 times (x 78B)
Class com.android.builder.model.v2.ide.AndroidGradlePluginProjectFlags$BooleanFlag    : loaded 2 times (x 75B)
Class org.jetbrains.plugins.gradle.tooling.builder.IntelliJSettingsBuilder            : loaded 2 times (x 74B)
Class org.gradle.internal.impldep.com.google.common.collect.PeekingIterator           : loaded 2 times (x 66B)
Class com.google.common.base.Stopwatch                                                : loaded 2 times (x 68B)
Class com.google.common.cache.LocalCache$Strength                                     : loaded 2 times (x 77B)
Class com.google.common.cache.Cache                                                   : loaded 2 times (x 66B)
Class com.google.common.io.AppendableWriter                                           : loaded 2 times (x 96B)
Class com.google.common.base.NullnessCasts                                            : loaded 2 times (x 67B)
Class com.google.common.io.Files$2                                                    : loaded 2 times (x 72B)
Class com.google.common.util.concurrent.AbstractFuture$Cancellation                   : loaded 2 times (x 68B)
Class org.gradle.internal.impldep.com.google.gson.Gson$4                              : loaded 2 times (x 72B)
Class org.jetbrains.plugins.gradle.model.DefaultDependencyAccessorsModel              : loaded 2 times (x 72B)
Class org.gradle.internal.impldep.com.google.gson.internal.bind.JsonAdapterAnnotationTypeAdapterFactory: loaded 2 times (x 71B)
Class org.gradle.internal.impldep.com.google.gson.internal.bind.ObjectTypeAdapter$1   : loaded 2 times (x 72B)
Class org.gradle.internal.impldep.com.google.gson.internal.sql.SqlTimeTypeAdapter     : loaded 2 times (x 70B)
Class org.gradle.internal.InternalTransformer                                         : loaded 2 times (x 66B)
Class org.gradle.tooling.internal.adapter.ProtocolToModelAdapter                      : loaded 2 times (x 76B)
Class org.gradle.internal.impldep.com.google.gson.Gson$3                              : loaded 2 times (x 71B)
Class com.google.common.collect.AbstractMapBasedMultimap$WrappedCollection$WrappedIterator: loaded 2 times (x 80B)
Class com.google.common.collect.Maps$EntryFunction$1                                  : loaded 2 times (x 87B)
Class com.google.common.base.Present                                                  : loaded 2 times (x 77B)
Class com.google.common.cache.RemovalListener                                         : loaded 2 times (x 66B)
Class org.gradle.tooling.internal.gradle.GradleProjectIdentity                        : loaded 2 times (x 66B)
Class org.gradle.api.internal.DefaultClassPathRegistry                                : loaded 2 times (x 72B)
Class [Lorg.gradle.internal.impldep.com.google.gson.FieldNamingPolicy;                : loaded 2 times (x 65B)
Class org.jetbrains.kotlin.idea.gradleTooling.reflect.ReflectionReceiver$Static       : loaded 2 times (x 73B)
Class ijKotlinCoroutineJvmDebugInit1_buww37xxpwyrlogzp1suct069$_run_closure1$_closure3: loaded 2 times (x 135B)
Class com.intellij.gradle.toolingExtension.impl.model.dependencyDownloadPolicyModel.GradleDependencyDownloadPolicyBuilder: loaded 2 times (x 82B)
Class com.google.common.reflect.Invokable$ConstructorInvokable                        : loaded 2 times (x 103B)
Class com.google.common.collect.Maps$EntryFunction$2                                  : loaded 2 times (x 87B)
Class com.google.common.collect.ImmutableMultimap$Keys                                : loaded 2 times (x 162B)
Class com.android.builder.model.v2.ide.JavaArtifact                                   : loaded 2 times (x 66B)
Class com.google.common.primitives.IntsMethodsForWeb                                  : loaded 2 times (x 67B)
Class com.google.common.collect.ExplicitOrdering                                      : loaded 2 times (x 111B)
Class kotlin.ranges.ClosedRange                                                       : loaded 2 times (x 66B)
Class org.gradle.api.internal.ClassPathRegistry                                       : loaded 2 times (x 66B)
Class org.gradle.internal.classpath.DefaultClassPath$ImmutableUniqueList              : loaded 2 times (x 195B)
Class com.intellij.gradle.toolingExtension.impl.model.dependencyModel.auxiliary.AuxiliaryArtifactResolver: loaded 2 times (x 66B)
Class com.google.common.util.concurrent.UncheckedExecutionException                   : loaded 2 times (x 78B)
Class com.google.common.io.ByteSink$AsCharSink                                        : loaded 2 times (x 76B)
Class com.android.builder.model.v2.ide.LibraryType                                    : loaded 2 times (x 75B)
Class [Lcom.android.builder.model.v2.ide.LibraryType;                                 : loaded 2 times (x 65B)
Class org.gradle.internal.impldep.com.google.gson.Gson$2                              : loaded 2 times (x 72B)
Class org.jetbrains.plugins.gradle.tooling.builder.EarModelBuilderImplKt              : loaded 2 times (x 67B)
Class org.jetbrains.plugins.gradle.tooling.builder.MavenRepositoriesModelBuilder      : loaded 2 times (x 77B)
Class com.google.common.reflect.TypeToken                                             : loaded 2 times (x 69B)
Class org.jetbrains.kotlin.idea.gradleTooling.reflect.ParameterList$Companion         : loaded 2 times (x 67B)
Class com.google.common.collect.MapMakerInternalMap$Segment                           : loaded 2 times (x 138B)
Class com.google.common.base.ExtraObjectsMethodsForWeb                                : loaded 2 times (x 67B)
Class kotlin.text.StringsKt__StringsJVMKt                                             : loaded 2 times (x 67B)
Class kotlin.collections.IntIterator                                                  : loaded 2 times (x 78B)
Class com.intellij.gradle.toolingExtension.impl.initScript.util.GradleJvmForkedDebuggerHelper: loaded 2 times (x 67B)
Class org.gradle.tooling.internal.adapter.CollectionMapper                            : loaded 2 times (x 69B)
Class org.jetbrains.kotlin.idea.gradleTooling.PrepareKotlinIdeaImportTaskModelBuilder$Companion: loaded 2 times (x 67B)
Class org.jetbrains.plugins.gradle.tooling.ModelBuilderService                        : loaded 2 times (x 66B)
Class com.google.common.cache.RemovalCause                                            : loaded 2 times (x 76B)
Class com.google.common.io.ByteSink                                                   : loaded 2 times (x 72B)
Class com.android.builder.model.v2.dsl.SigningConfig                                  : loaded 2 times (x 66B)
Class com.android.builder.model.v2.models.AndroidProject                              : loaded 2 times (x 66B)
Class com.android.builder.model.v2.AndroidModel                                       : loaded 2 times (x 66B)
Class com.google.common.cache.CacheBuilder                                            : loaded 2 times (x 68B)
Class org.gradle.tooling.model.kotlin.dsl.KotlinDslScriptModel                        : loaded 2 times (x 66B)
Class Settings_gradle$1                                                               : loaded 2 times (x 70B)
Class kotlin.text.StringsKt__IndentKt                                                 : loaded 2 times (x 67B)
Class kotlin.collections.SetsKt                                                       : loaded 2 times (x 67B)
Class kotlin.text.CharsKt                                                             : loaded 2 times (x 67B)
Class org.gradle.internal.classpath.ClassPath                                         : loaded 2 times (x 66B)
Class com.google.common.util.concurrent.AbstractFuture$Trusted                        : loaded 2 times (x 66B)
Class org.jetbrains.kotlin.idea.gradleTooling.reflect.KotlinSourceSetReflection       : loaded 2 times (x 66B)
Class com.intellij.gradle.toolingExtension.impl.javaModel.manifestModel.DefaultJavaGradleManifestModel: loaded 2 times (x 72B)
Class com.intellij.openapi.externalSystem.model.project.ExternalSystemSourceType      : loaded 2 times (x 81B)
Class com.google.common.base.Optional                                                 : loaded 2 times (x 76B)
Class org.jetbrains.kotlin.idea.gradleTooling.model.kapt.KaptModelBuilderService      : loaded 2 times (x 82B)
Class com.intellij.gradle.toolingExtension.impl.model.sourceSetArtifactIndex.GradleSourceSetArtifactIndexBuilder: loaded 2 times (x 82B)
Class [Lcom.google.common.reflect.Types$JavaVersion;                                  : loaded 2 times (x 65B)
Class com.google.common.collect.Interners$InternerBuilder                             : loaded 2 times (x 72B)
Class com.google.common.io.Files$FileByteSource                                       : loaded 2 times (x 81B)
Class com.google.common.base.JdkPattern                                               : loaded 2 times (x 71B)
Class org.jetbrains.plugins.gradle.tooling.builder.ProjectExtensionsDataBuilderImpl   : loaded 2 times (x 74B)
Class kotlin.reflect.KFunction                                                        : loaded 2 times (x 66B)
Class kotlin.collections.ArrayDeque                                                   : loaded 2 times (x 203B)
Class org.gradle.internal.impldep.com.google.gson.internal.bind.TypeAdapters$34$1     : loaded 2 times (x 70B)
Class org.gradle.internal.impldep.com.google.gson.GsonBuilder                         : loaded 2 times (x 68B)
Class org.gradle.internal.impldep.com.google.gson.Gson$1                              : loaded 2 times (x 72B)
Class [Lorg.gradle.internal.impldep.com.google.gson.ToNumberPolicy;                   : loaded 2 times (x 65B)
Class com.intellij.gradle.toolingExtension.impl.util.collectionUtil.GradleCollections : loaded 2 times (x 67B)
Class kotlin.reflect.KCallable                                                        : loaded 2 times (x 66B)
Class com.google.common.io.CharStreams$NullWriter                                     : loaded 2 times (x 95B)
Class org.objectweb.asm.SymbolTable$Entry                                             : loaded 2 times (x 70B)
Class com.google.common.util.concurrent.AbstractFuture$AtomicHelper                   : loaded 2 times (x 74B)
Class kotlin.collections.MapsKt__MapsKt                                               : loaded 2 times (x 67B)
Class com.intellij.gradle.toolingExtension.impl.initScript.util.GradleJvmForkedDebuggerHelper$getTasksToDebug: loaded 2 times (x 142B)
Class com.intellij.gradle.toolingExtension.impl.util.collectionUtil.GradleCollectionUtil: loaded 2 times (x 67B)
Class kotlin.io.FilesKt__FilePathComponentsKt                                         : loaded 2 times (x 67B)
Class org.jetbrains.plugins.gradle.DefaultExternalDependencyId                        : loaded 2 times (x 76B)
Class org.jetbrains.kotlin.idea.gradleTooling.reflect.KotlinLanguageSettingsReflection: loaded 2 times (x 66B)
Class kotlin.io.TerminateException                                                    : loaded 2 times (x 78B)
Class com.google.common.util.concurrent.AbstractFuture$UnsafeAtomicHelper$1           : loaded 2 times (x 72B)
Class com.android.builder.model.v2.ide.CodeShrinker                                   : loaded 2 times (x 75B)
Class org.jetbrains.kotlin.idea.gradleTooling.model.noarg.NoArgModelBuilderService    : loaded 2 times (x 81B)
Class org.gradle.internal.impldep.com.google.common.collect.UnmodifiableListIterator  : loaded 2 times (x 91B)
Class com.android.builder.model.v2.ide.Variant                                        : loaded 2 times (x 66B)
Class org.objectweb.asm.Edge                                                          : loaded 2 times (x 68B)
Class com.google.common.base.Suppliers$SupplierOfInstance                             : loaded 2 times (x 75B)
Class com.intellij.gradle.toolingExtension.impl.util.javaPluginUtil.JavaPluginAccessor: loaded 2 times (x 66B)
Class org.gradle.tooling.model.Model                                                  : loaded 2 times (x 66B)
Class org.jetbrains.kotlin.idea.gradleTooling.reflect.KotlinExtensionReflection       : loaded 2 times (x 68B)
Class org.gradle.internal.impldep.com.google.gson.internal.ReflectionAccessFilterHelper: loaded 2 times (x 67B)
Class org.jetbrains.kotlin.idea.gradleTooling.reflect.KotlinExtensionReflection$Companion: loaded 2 times (x 67B)
Class com.google.common.reflect.TypeToken$1                                           : loaded 2 times (x 106B)
Class com.google.common.cache.LocalCache$ComputingValueReference                      : loaded 2 times (x 92B)
Class kotlin.collections.CollectionsKt__MutableCollectionsKt                          : loaded 2 times (x 67B)
Class com.google.common.cache.LocalCache$2                                            : loaded 2 times (x 138B)
Class kotlin.text.MatchResult$Destructured                                            : loaded 2 times (x 68B)
Class kotlin.Metadata                                                                 : loaded 2 times (x 66B)
Class kotlin.UninitializedPropertyAccessException                                     : loaded 2 times (x 78B)
Class com.android.ide.gradle.model.impl.GradlePropertiesModelImpl                     : loaded 2 times (x 73B)
Class org.gradle.internal.impldep.com.google.gson.internal.bind.TypeAdapters$EnumTypeAdapter$1: loaded 2 times (x 73B)
Class org.gradle.internal.impldep.com.google.gson.internal.$Gson$Types                : loaded 2 times (x 67B)
Class org.gradle.internal.impldep.com.google.common.collect.Multimap                  : loaded 2 times (x 66B)
Class com.intellij.gradle.toolingExtension.impl.model.dependencyDownloadPolicyModel.GradleDependencyDownloadPolicyCache: loaded 2 times (x 71B)
Class org.jetbrains.plugins.gradle.tooling.MessageReporter                            : loaded 2 times (x 66B)
Class org.jetbrains.kotlin.idea.gradleTooling.model.annotation.AnnotationBasedPluginModel: loaded 2 times (x 66B)
Class com.google.common.collect.Sets$ImprovedAbstractSet                              : loaded 2 times (x 131B)
Class org.jetbrains.kotlin.idea.gradleTooling.model.assignment.AssignmentModelBuilderService: loaded 2 times (x 81B)
Class com.intellij.compose.ide.plugin.gradleTooling.rt.ComposeResourcesModelBuilder   : loaded 2 times (x 74B)
Class com.google.common.reflect.TypeToken$2                                           : loaded 2 times (x 106B)
Class com.google.common.collect.AbstractMapBasedMultimap$AsMap$AsMapEntries           : loaded 2 times (x 134B)
Class com.android.builder.model.v2.ide.Library                                        : loaded 2 times (x 66B)
Class com.android.builder.model.v2.ide.ArtifactDependenciesAdjacencyList              : loaded 2 times (x 66B)
Class com.android.builder.model.v2.models.Versions                                    : loaded 2 times (x 66B)
Class com.google.common.cache.LocalCache$Segment                                      : loaded 2 times (x 150B)
Class org.gradle.tooling.internal.adapter.ProtocolToModelAdapter$MethodInvocationCache: loaded 2 times (x 69B)
Class com.android.ide.gradle.model.builder.LegacyAndroidGradlePluginPropertiesModelBuilder: loaded 2 times (x 76B)
Class org.gradle.internal.impldep.com.google.gson.internal.bind.ReflectiveTypeAdapterFactory$BoundField: loaded 2 times (x 71B)
Class com.android.builder.model.v2.ide.BytecodeTransformation                         : loaded 2 times (x 75B)
Class com.google.common.collect.MapMakerInternalMap$AbstractStrongKeyEntry            : loaded 2 times (x 76B)
Class org.jetbrains.plugins.gradle.tooling.builder.VersionCatalogsModelBuilder        : loaded 2 times (x 82B)
Class com.intellij.openapi.externalSystem.model.project.dependencies.AbstractDependencyNode: loaded 2 times (x 83B)
Class com.intellij.gradle.toolingExtension.impl.model.utilDummyModel.DummyModelBuilder: loaded 2 times (x 82B)
Class com.google.common.io.ByteSource$ByteArrayByteSource                             : loaded 2 times (x 81B)
Class [Lcom.google.common.base.Supplier;                                              : loaded 2 times (x 65B)
Class com.google.common.reflect.TypeToken$SimpleTypeToken                             : loaded 2 times (x 69B)
Class com.android.builder.model.v2.models.ndk.NativeModule                            : loaded 2 times (x 66B)
Class com.google.common.collect.AbstractListMultimap                                  : loaded 2 times (x 168B)
Class [Lorg.objectweb.asm.SymbolTable$Entry;                                          : loaded 2 times (x 65B)
Class com.google.common.cache.CacheLoader                                             : loaded 2 times (x 70B)
Class com.intellij.gradle.toolingExtension.impl.util.javaPluginUtil.JavaPluginUtil    : loaded 2 times (x 67B)
Class org.gradle.internal.impldep.com.google.gson.stream.MalformedJsonException       : loaded 2 times (x 78B)
Class org.gradle.internal.installation.GradleInstallation$1                           : loaded 2 times (x 71B)
Class org.gradle.api.internal.classpath.ModuleRegistry                                : loaded 2 times (x 66B)
Class org.gradle.internal.impldep.com.google.gson.annotations.SerializedName          : loaded 2 times (x 66B)
Class org.gradle.internal.impldep.com.google.gson.Gson$FutureTypeAdapter              : loaded 2 times (x 72B)
Class org.jetbrains.plugins.gradle.tooling.MessageBuilder                             : loaded 2 times (x 66B)
Class org.gradle.internal.impldep.com.google.gson.internal.sql.SqlDateTypeAdapter     : loaded 2 times (x 70B)
Class org.gradle.internal.impldep.com.google.gson.internal.ObjectConstructor          : loaded 2 times (x 66B)
Class com.intellij.compose.ide.plugin.gradleTooling.rt.ComposeResourcesExtension      : loaded 2 times (x 68B)
Class org.gradle.tooling.model.UnsupportedMethodException                             : loaded 2 times (x 78B)
Class org.gradle.tooling.internal.adapter.ProtocolToModelAdapter$SupportedPropertyInvoker: loaded 2 times (x 72B)
Class kotlin.Pair                                                                     : loaded 2 times (x 68B)
Class com.google.common.base.Splitter$SplittingIterator                               : loaded 2 times (x 80B)
Class com.android.builder.model.v2.ide.PrivacySandboxSdkInfo                          : loaded 2 times (x 66B)
Class com.google.common.util.concurrent.internal.InternalFutureFailureAccess          : loaded 2 times (x 68B)
Class com.android.ide.common.repository.AgpVersion$PreviewKind$Companion              : loaded 2 times (x 67B)
Class kotlin.sequences.TransformingSequence$iterator$1                                : loaded 2 times (x 75B)
Class com.google.common.collect.ImmutableSet$JdkBackedSetBuilderImpl                  : loaded 2 times (x 72B)
Class org.gradle.tooling.internal.adapter.ObjectGraphAdapter                          : loaded 2 times (x 66B)
Class Build_gradle$1$2$1                                                              : loaded 2 times (x 75B)
Class org.gradle.internal.impldep.com.google.gson.internal.reflect.ReflectionHelper$RecordSupportedHelper: loaded 2 times (x 74B)
Class com.google.common.collect.Iterators$SingletonIterator                           : loaded 2 times (x 77B)
Class com.google.common.cache.LocalCache$1                                            : loaded 2 times (x 85B)
Class com.google.common.collect.SingletonImmutableBiMap                               : loaded 2 times (x 139B)
Class com.google.common.base.Ascii                                                    : loaded 2 times (x 67B)
Class org.gradle.internal.impldep.com.google.common.collect.Iterators                 : loaded 2 times (x 67B)
Class com.google.common.collect.Iterators$6                                           : loaded 2 times (x 77B)
Class com.google.common.collect.ImmutableMultimap$Values                              : loaded 2 times (x 122B)
Class com.android.builder.model.v2.ide.Installation                                   : loaded 2 times (x 66B)
Class com.google.common.util.concurrent.AbstractFuture$UnsafeAtomicHelper             : loaded 2 times (x 74B)
Class com.google.common.cache.LocalCache$LocalManualCache$1                           : loaded 2 times (x 71B)
Class org.jetbrains.kotlin.tooling.core.InternerImpl$Store$Strong                     : loaded 2 times (x 72B)
Class com.google.common.collect.ImmutableSortedAsList                                 : loaded 2 times (x 217B)
Class kotlin.text.RegexKt                                                             : loaded 2 times (x 67B)
Class kotlin.coroutines.intrinsics.IntrinsicsKt__IntrinsicsKt                         : loaded 2 times (x 67B)
Class org.jetbrains.kotlin.idea.gradleTooling.reflect.KotlinCompilerArgumentsResolverReflection: loaded 2 times (x 66B)
Class org.jetbrains.plugins.gradle.tooling.serialization.ExternalTestsSerializationService$1: loaded 2 times (x 72B)
Class org.gradle.internal.service.ServiceLocator                                      : loaded 2 times (x 66B)
Class kotlin.Result                                                                   : loaded 2 times (x 68B)
Class [Lorg.objectweb.asm.Type;                                                       : loaded 2 times (x 65B)
Class com.android.builder.model.v2.models.ModelBuilderParameter                       : loaded 2 times (x 66B)
Class com.android.builder.model.v2.ide.TestInfo$Execution                             : loaded 2 times (x 75B)
Class [Lorg.objectweb.asm.Attribute;                                                  : loaded 2 times (x 65B)
Class kotlin.io.FilesKt__UtilsKt                                                      : loaded 2 times (x 67B)
Class com.google.common.collect.Lists$TransformingRandomAccessList                    : loaded 2 times (x 195B)
Class kotlin.collections.CollectionsKt__CollectionsJVMKt                              : loaded 2 times (x 67B)
Class org.gradle.api.internal.classpath.DefaultModuleRegistry                         : loaded 2 times (x 82B)
Class com.android.ide.gradle.model.dependencies.CoordinatesImpl                       : loaded 2 times (x 73B)
Class com.android.ide.gradle.model.dependencies.DeclaredDependenciesModelBuilder$Companion: loaded 2 times (x 67B)
Class org.jetbrains.plugins.gradle.model.DefaultExternalLibraryDependency             : loaded 2 times (x 107B)
Class org.gradle.internal.impldep.com.google.common.collect.AbstractIterator          : loaded 2 times (x 78B)
Class org.gradle.internal.impldep.com.google.gson.internal.bind.ArrayTypeAdapter      : loaded 2 times (x 70B)
Class kotlin.collections.CollectionsKt__IteratorsJVMKt                                : loaded 2 times (x 67B)
Class kotlin.comparisons.ComparisonsKt___ComparisonsJvmKt                             : loaded 2 times (x 67B)
Class com.google.common.util.concurrent.ListenableFuture                              : loaded 2 times (x 66B)
Class com.google.common.cache.ReferenceEntry                                          : loaded 2 times (x 66B)
Class com.google.common.base.Converter                                                : loaded 2 times (x 86B)
Class com.google.common.base.MoreObjects                                              : loaded 2 times (x 67B)
Class kotlin.sequences.SequencesKt                                                    : loaded 2 times (x 67B)
Class kotlin.collections.CollectionsKt__IteratorsKt                                   : loaded 2 times (x 67B)
Class com.android.ide.gradle.model.builder.AndroidStudioToolingPlugin                 : loaded 2 times (x 71B)
Class org.gradle.internal.impldep.com.google.gson.internal.bind.MapTypeAdapterFactory : loaded 2 times (x 71B)
Class org.gradle.internal.impldep.com.google.gson.JsonArray                           : loaded 2 times (x 96B)
Class org.gradle.internal.impldep.com.google.gson.internal.bind.JsonTreeWriter        : loaded 2 times (x 94B)
Class org.gradle.internal.impldep.com.google.gson.TypeAdapter                         : loaded 2 times (x 69B)
Class com.google.common.collect.EmptyImmutableListMultimap                            : loaded 2 times (x 172B)
Class com.google.common.reflect.TypeResolver$TypeVariableKey                          : loaded 2 times (x 68B)
Class com.intellij.gradle.toolingExtension.impl.model.sourceSetModel.GradleSourceSetModelBuilder: loaded 2 times (x 82B)
Class org.jetbrains.kotlin.idea.gradleTooling.model.annotation.AnnotationBasedPluginModelBuilderService: loaded 2 times (x 81B)
Class com.intellij.gradle.toolingExtension.impl.model.taskModel.GradleTaskModelBuilder: loaded 2 times (x 82B)
Class [Lcom.android.builder.model.v2.ide.CodeShrinker;                                : loaded 2 times (x 65B)
Class com.google.common.collect.AbstractMapBasedMultimap                              : loaded 2 times (x 135B)
Class com.google.common.util.concurrent.AbstractFuture                                : loaded 2 times (x 102B)
Class com.google.common.base.FunctionalEquivalence                                    : loaded 2 times (x 79B)
Class org.jetbrains.kotlin.idea.gradleTooling.model.samWithReceiver.SamWithReceiverModelBuilderService: loaded 2 times (x 81B)
Class org.jetbrains.kotlin.idea.gradleTooling.ModelBuilderUtilsKt                     : loaded 2 times (x 67B)
Class kotlin.text.StringsKt                                                           : loaded 2 times (x 67B)
Class org.gradle.internal.impldep.com.google.gson.internal.bind.CollectionTypeAdapterFactory: loaded 2 times (x 71B)
Class kotlin.enums.EnumEntriesList                                                    : loaded 2 times (x 219B)
Class kotlin.jvm.internal.FunctionBase                                                : loaded 2 times (x 66B)
Class [Lkotlin.coroutines.intrinsics.CoroutineSingletons;                             : loaded 2 times (x 65B)
Class kotlin.jvm.internal.FunctionReference                                           : loaded 2 times (x 118B)
Class com.google.common.cache.CacheLoader$FunctionToCacheLoader                       : loaded 2 times (x 71B)
Class com.google.common.reflect.TypeResolver$TypeTable                                : loaded 2 times (x 69B)
Class com.google.common.io.CharStreams                                                : loaded 2 times (x 67B)
Class com.google.common.collect.ImmutableMultiset                                     : loaded 2 times (x 159B)
Class org.objectweb.asm.RecordComponentVisitor                                        : loaded 2 times (x 73B)
Class com.google.common.cache.CacheLoader$SupplierToCacheLoader                       : loaded 2 times (x 71B)
Class kotlin.coroutines.jvm.internal.RestrictedContinuationImpl                       : loaded 2 times (x 83B)
Class org.gradle.util.internal.DefaultGradleVersion$Stage                             : loaded 2 times (x 71B)
Class org.jetbrains.plugins.gradle.model.DefaultGradleProperty                        : loaded 2 times (x 74B)
Class org.jetbrains.kotlin.idea.gradleTooling.GetAdditionalVisibleSourceSetsKt        : loaded 2 times (x 67B)
Class org.gradle.internal.impldep.com.google.gson.internal.bind.DateTypeAdapter       : loaded 2 times (x 70B)
Class [Lorg.gradle.internal.impldep.com.google.gson.ToNumberStrategy;                 : loaded 2 times (x 65B)
Class org.gradle.internal.impldep.com.google.gson.Gson                                : loaded 2 times (x 68B)
Class com.google.common.collect.ImmutableListMultimap                                 : loaded 2 times (x 172B)
Class com.google.common.collect.Maps$IteratorBasedAbstractMap$1                       : loaded 2 times (x 134B)
Class com.google.common.reflect.Types$ParameterizedTypeImpl                           : loaded 2 times (x 77B)
Class com.google.common.reflect.TypeResolver$TypeTable$1                              : loaded 2 times (x 69B)
Class com.google.common.collect.Maps$EntryTransformer                                 : loaded 2 times (x 66B)
Class [Lkotlin.Pair;                                                                  : loaded 2 times (x 65B)
Class kotlin.text.StringsKt__StringNumberConversionsKt                                : loaded 2 times (x 67B)
Class kotlin.io.FilesKt__FileReadWriteKt                                              : loaded 2 times (x 67B)
Class com.google.common.collect.UsingToStringOrdering                                 : loaded 2 times (x 110B)
Class kotlin.text.MatchNamedGroupCollection                                           : loaded 2 times (x 66B)
Class kotlin.jvm.internal.markers.KMutableList                                        : loaded 2 times (x 66B)
Class org.gradle.internal.time.MonotonicClock                                         : loaded 2 times (x 73B)
Class org.gradle.internal.service.ServiceLookupException                              : loaded 2 times (x 78B)
Class org.gradle.internal.impldep.com.google.common.base.ExtraObjectsMethodsForWeb    : loaded 2 times (x 67B)
Class [Lorg.jetbrains.kotlin.tooling.core.KotlinToolingVersion$Maturity;              : loaded 2 times (x 65B)
Class org.gradle.internal.impldep.com.google.gson.internal.bind.NumberTypeAdapter     : loaded 2 times (x 70B)
Class org.gradle.internal.impldep.com.google.gson.internal.LazilyParsedNumber         : loaded 2 times (x 74B)
Class org.gradle.internal.impldep.com.google.common.collect.Iterators$9               : loaded 2 times (x 77B)
Class org.jetbrains.kotlin.idea.gradleTooling.KotlinTaskPropertiesImpl                : loaded 2 times (x 74B)
Class org.jetbrains.plugins.gradle.tooling.serialization.GradleExtensionsSerializationService$3: loaded 2 times (x 72B)
Class org.jetbrains.plugins.gradle.tooling.builder.ProjectExtensionsDataBuilderImpl$Companion: loaded 2 times (x 67B)
Class com.google.common.base.CharMatcher$JavaLetter                                   : loaded 2 times (x 107B)
Class com.google.common.collect.Lists$ReverseList                                     : loaded 2 times (x 196B)
Class com.android.ide.gradle.model.dependencies.DeclaredDependenciesImpl              : loaded 2 times (x 71B)
Class [Lcom.google.common.cache.LocalCache$EntryFactory;                              : loaded 2 times (x 65B)
Class kotlin.sequences.SequencesKt___SequencesKt$sortedWith$1                         : loaded 2 times (x 71B)
Class org.gradle.internal.classloader.ClassLoaderFactory                              : loaded 2 times (x 66B)
Class com.android.ide.gradle.model.builder.LegacyAndroidGradlePluginPropertiesModelBuilder$PluginType: loaded 2 times (x 75B)
Class org.gradle.internal.impldep.com.google.gson.internal.bind.ArrayTypeAdapter$1    : loaded 2 times (x 71B)
Class com.android.ide.gradle.model.composites.BuildMapImpl                            : loaded 2 times (x 71B)
Class org.gradle.internal.classloader.InstrumentingClassLoader                        : loaded 2 times (x 66B)
Class org.gradle.internal.classpath.TransformedClassPath                              : loaded 2 times (x 92B)
Class kotlin.text.Regex$Companion                                                     : loaded 2 times (x 67B)
Class com.google.common.cache.CacheBuilder$NullListener                               : loaded 2 times (x 78B)
Class org.objectweb.asm.FieldWriter                                                   : loaded 2 times (x 74B)
Class com.google.common.collect.MapMaker$Dummy                                        : loaded 2 times (x 75B)
Class com.android.builder.model.v2.ide.LibraryInfo                                    : loaded 2 times (x 66B)
Class com.google.common.base.CommonPattern                                            : loaded 2 times (x 70B)
Class com.google.common.cache.LocalCache$LocalManualCache                             : loaded 2 times (x 95B)
Class com.google.common.reflect.Invokable                                             : loaded 2 times (x 99B)
Class org.gradle.internal.service.CachingServiceLocator                               : loaded 2 times (x 78B)
Class org.jetbrains.kotlin.tooling.core.KotlinToolingVersionKt                        : loaded 2 times (x 67B)
Class org.jetbrains.kotlin.tooling.core.InternerImpl$Store                            : loaded 2 times (x 66B)
Class org.gradle.internal.impldep.com.google.gson.internal.bind.JsonTreeReader        : loaded 2 times (x 94B)
Class org.gradle.internal.impldep.com.google.gson.internal.Streams$AppendableWriter   : loaded 2 times (x 95B)
Class org.gradle.internal.impldep.com.google.gson.internal.Primitives                 : loaded 2 times (x 67B)
Class com.google.common.collect.Streams                                               : loaded 2 times (x 67B)
Class com.google.common.collect.AbstractMapBasedMultimap$KeySet                       : loaded 2 times (x 133B)
Class org.jetbrains.kotlin.idea.gradleTooling.reflect.ParameterList                   : loaded 2 times (x 169B)
Class com.google.common.math.IntMath                                                  : loaded 2 times (x 67B)
Class kotlin.jvm.internal.Intrinsics$Kotlin                                           : loaded 2 times (x 67B)
Class kotlin.collections.AbstractList$SubList                                         : loaded 2 times (x 194B)
Class kotlin.jvm.internal.CallableReference                                           : loaded 2 times (x 102B)
Class com.intellij.gradle.toolingExtension.impl.model.buildScriptClasspathModel.GradleBuildScriptClasspathSerializationService$1: loaded 2 times (x 72B)
Class org.gradle.internal.impldep.com.google.gson.internal.bind.SerializationDelegatingTypeAdapter: loaded 2 times (x 70B)
Class org.jetbrains.plugins.gradle.tooling.serialization.GradleExtensionsSerializationService$2: loaded 2 times (x 72B)
Class com.android.ide.gradle.model.artifacts.builder.AdditionalClassifierArtifactsModelBuilder: loaded 2 times (x 75B)
Class kotlin.collections.CollectionsKt__CollectionsKt                                 : loaded 2 times (x 67B)
Class com.intellij.gradle.toolingExtension.impl.modelBuilder.DefaultMessageReporter   : loaded 2 times (x 71B)
Class org.gradle.internal.impldep.com.google.common.collect.UnmodifiableIterator      : loaded 2 times (x 76B)
Class com.google.common.reflect.Types$TypeVariableInvocationHandler                   : loaded 2 times (x 71B)
Class com.google.common.collect.MapMakerInternalMap$InternalEntry                     : loaded 2 times (x 66B)
Class org.objectweb.asm.commons.InstructionAdapter                                    : loaded 2 times (x 184B)
Class kotlin.collections.ArraysKt___ArraysJvmKt                                       : loaded 2 times (x 67B)
Class [Lorg.gradle.api.JavaVersion;                                                   : loaded 2 times (x 65B)
Class kotlin.ranges.IntRange                                                          : loaded 2 times (x 89B)
Class org.gradle.tooling.model.idea.IdeaDependencyScope                               : loaded 2 times (x 66B)
Class org.gradle.internal.time.TimeSource                                             : loaded 2 times (x 66B)
Class org.gradle.tooling.model.kotlin.dsl.KotlinDslScriptsModel                       : loaded 2 times (x 66B)
Class org.gradle.internal.impldep.com.google.gson.internal.sql.SqlTimeTypeAdapter$1   : loaded 2 times (x 71B)
Class com.google.common.collect.AllEqualOrdering                                      : loaded 2 times (x 110B)
Class kotlin.text.StringsKt__RegexExtensionsJVMKt                                     : loaded 2 times (x 67B)
Class com.google.common.collect.MapDifference                                         : loaded 2 times (x 66B)
Class org.jetbrains.plugins.gradle.tooling.ModelBuilderService$ParameterizedModelBuilderService: loaded 2 times (x 66B)
Class org.jetbrains.plugins.gradle.tooling.builder.EarModelBuilderImpl                : loaded 2 times (x 82B)
Class com.google.common.base.Predicates                                               : loaded 2 times (x 67B)
Class com.google.common.cache.LocalCache$Strength$3                                   : loaded 2 times (x 77B)
Class com.android.builder.model.v2.ide.TestInfo                                       : loaded 2 times (x 66B)
Class com.google.common.base.Equivalence                                              : loaded 2 times (x 78B)
Class com.android.builder.model.v2.ide.AbstractArtifact                               : loaded 2 times (x 66B)
Class com.google.common.io.ByteStreams                                                : loaded 2 times (x 67B)
Class org.gradle.tooling.internal.gradle.GradleBuildIdentity                          : loaded 2 times (x 66B)
Class kotlin.enums.EnumEntries                                                        : loaded 2 times (x 66B)
Class org.gradle.kotlin.dsl.Accessors377twfxlhpj2n65rquy9ybeqsKt                      : loaded 2 times (x 67B)
Class org.jetbrains.kotlin.idea.gradleTooling.reflect.TypeToken                       : loaded 2 times (x 68B)
Class com.google.common.base.Splitter$1                                               : loaded 2 times (x 73B)
Class com.google.common.collect.Interner                                              : loaded 2 times (x 66B)
Class org.jetbrains.kotlin.idea.gradleTooling.KotlinDslScriptTaskModelBuilder$Companion: loaded 2 times (x 67B)
Class com.intellij.gradle.toolingExtension.impl.javaModel.manifestModel.JavaGradleManifestModelBuilder: loaded 2 times (x 82B)
Class com.google.common.collect.IndexedImmutableSet$1                                 : loaded 2 times (x 209B)
Class com.android.builder.model.v2.ide.JavaCompileOptions                             : loaded 2 times (x 66B)
Class com.google.common.cache.CacheBuilder$OneWeigher                                 : loaded 2 times (x 78B)
Class com.google.common.collect.Interners$InternerImpl                                : loaded 2 times (x 71B)
Class org.gradle.tooling.internal.adapter.ProtocolToModelAdapter$MixInMappingAction   : loaded 2 times (x 76B)
Class org.gradle.internal.exceptions.ResolutionProvider                               : loaded 2 times (x 66B)
Class org.gradle.kotlin.dsl.TestImplementationConfigurationAccessorsKt                : loaded 2 times (x 67B)
Class org.gradle.internal.impldep.com.google.gson.reflect.TypeToken                   : loaded 2 times (x 71B)
Class org.jetbrains.kotlin.idea.gradleTooling.AndroidAwareGradleModelProvider$Result  : loaded 2 times (x 68B)
Class org.jetbrains.kotlin.idea.gradleTooling.reflect.ReflectionKt                    : loaded 2 times (x 67B)
Class com.google.common.collect.TransformedIterator                                   : loaded 2 times (x 76B)
Class [Lcom.google.common.collect.Maps$EntryFunction;                                 : loaded 2 times (x 65B)
Class com.google.common.reflect.Types$ClassOwnership$1LocalClass                      : loaded 2 times (x 67B)
Class com.google.common.collect.Maps$EntryFunction                                    : loaded 2 times (x 87B)
Class kotlin.text.MatchResult$DefaultImpls                                            : loaded 2 times (x 67B)
Class org.gradle.tooling.model.idea.IdeaCompilerOutput                                : loaded 2 times (x 66B)
Class org.gradle.tooling.model.ProjectIdentifier                                      : loaded 2 times (x 66B)
Class org.gradle.internal.classloader.ClasspathUtil                                   : loaded 2 times (x 67B)
Class [Lcom.android.ide.gradle.model.builder.LegacyAndroidGradlePluginPropertiesModelBuilder$PluginType;: loaded 2 times (x 65B)
Class com.intellij.gradle.toolingExtension.impl.model.buildScriptClasspathModel.DefaultGradleBuildScriptClasspathModel: loaded 2 times (x 79B)
Class org.jetbrains.kotlin.idea.gradleTooling.reflect.KotlinSourceSetReflectionImpl$Companion: loaded 2 times (x 67B)
Class org.gradle.internal.impldep.com.google.gson.internal.bind.TypeAdapters$1        : loaded 2 times (x 71B)
Class com.intellij.gradle.toolingExtension.impl.model.sourceSetDependencyModel.GradleSourceSetDependencyResolver: loaded 2 times (x 68B)
Class org.jetbrains.plugins.gradle.model.DefaultExternalProject                       : loaded 2 times (x 91B)
Class JetGradlePlugin$getJetModelBuilderOrRegisterIfAbsent                            : loaded 2 times (x 142B)
Class com.intellij.gradle.toolingExtension.impl.model.sourceSetDependencyModel.GradleSourceSetDependencyModelBuilder: loaded 2 times (x 82B)
Class com.android.builder.model.v2.ide.ComponentInfo                                  : loaded 2 times (x 66B)
Class org.objectweb.asm.tree.MethodNode                                               : loaded 2 times (x 106B)
Class org.jetbrains.kotlin.tooling.core.HasExtras                                     : loaded 2 times (x 66B)
Class com.google.common.base.Charsets                                                 : loaded 2 times (x 67B)
Class com.google.common.util.concurrent.Uninterruptibles                              : loaded 2 times (x 67B)
Class com.android.builder.model.v2.ide.ProjectType                                    : loaded 2 times (x 75B)
Class kotlin.io.FileSystemException                                                   : loaded 2 times (x 78B)
Class com.intellij.gradle.toolingExtension.impl.model.dependencyModel.auxiliary.LegacyAuxiliaryArtifactResolver: loaded 2 times (x 72B)
Class org.gradle.internal.impldep.com.google.gson.internal.bind.TypeAdapters$2        : loaded 2 times (x 71B)
Class com.intellij.gradle.toolingExtension.impl.util.GradleProjectUtil                : loaded 2 times (x 67B)
Class org.gradle.internal.impldep.com.google.gson.internal.sql.SqlTimestampTypeAdapter: loaded 2 times (x 72B)
Class org.jetbrains.kotlin.idea.gradleTooling.reflect.ReflectionReceiver              : loaded 2 times (x 66B)
Class org.jetbrains.plugins.gradle.tooling.AbstractModelBuilderService                : loaded 2 times (x 82B)
Class org.gradle.internal.impldep.com.google.common.collect.ImmutableList             : loaded 2 times (x 202B)
Class com.google.common.io.CharSource                                                 : loaded 2 times (x 81B)
Class com.android.builder.model.v2.dsl.BaseConfig                                     : loaded 2 times (x 66B)
Class com.google.common.collect.Maps                                                  : loaded 2 times (x 67B)
Class org.gradle.internal.time.TimeSource$1                                           : loaded 2 times (x 73B)
Class kotlin.jvm.internal.DefaultConstructorMarker                                    : loaded 2 times (x 67B)
Class org.gradle.api.specs.Spec                                                       : loaded 2 times (x 66B)
Class org.gradle.internal.impldep.com.google.gson.internal.bind.TypeAdapters$3        : loaded 2 times (x 71B)
Class org.gradle.internal.impldep.com.google.gson.internal.ConstructorConstructor     : loaded 2 times (x 68B)
Class org.jetbrains.kotlin.tooling.core.InternerImpl                                  : loaded 2 times (x 72B)
Class org.jetbrains.plugins.gradle.tooling.serialization.GradleExtensionsSerializationService$1: loaded 2 times (x 72B)
Class org.gradle.tooling.model.Dependency                                             : loaded 2 times (x 66B)
Class org.gradle.api.JavaVersion                                                      : loaded 2 times (x 75B)
Class com.google.common.reflect.Types$JavaVersion                                     : loaded 2 times (x 79B)
Class com.google.common.collect.MapMaker                                              : loaded 2 times (x 68B)
Class com.google.common.cache.LocalCache$Strength$2                                   : loaded 2 times (x 77B)
Class com.google.common.util.concurrent.SettableFuture                                : loaded 2 times (x 110B)
Class com.google.common.collect.Collections2$FilteredCollection                       : loaded 2 times (x 115B)
Class org.gradle.internal.impldep.com.google.gson.internal.bind.TypeAdapters$4        : loaded 2 times (x 71B)
Class org.gradle.internal.impldep.com.google.gson.internal.bind.DefaultDateTypeAdapter$DateType: loaded 2 times (x 69B)
Class com.google.common.reflect.Types$ClassOwnership$3                                : loaded 2 times (x 67B)
Class org.jetbrains.plugins.gradle.tooling.builder.DependencyAccessorsModelBuilder    : loaded 2 times (x 77B)
Class com.intellij.gradle.toolingExtension.impl.util.GradleIdeaPluginUtil             : loaded 2 times (x 67B)
Class org.jetbrains.plugins.gradle.tooling.builder.WarModelBuilderImpl                : loaded 2 times (x 82B)
Class com.intellij.gradle.toolingExtension.impl.modelBuilder.ExtraModelBuilder        : loaded 2 times (x 81B)
Class com.google.common.cache.LocalCache$LoadingValueReference                        : loaded 2 times (x 92B)
Class org.gradle.internal.impldep.com.google.gson.internal.reflect.ReflectionHelper   : loaded 2 times (x 67B)
Class org.jetbrains.kotlin.idea.gradleTooling.reflect.Parameter                       : loaded 2 times (x 68B)
Class org.gradle.internal.impldep.com.google.gson.internal.bind.TypeAdapters$5        : loaded 2 times (x 71B)
Class com.android.ide.gradle.model.impl.GradlePluginModelImpl$Companion               : loaded 2 times (x 67B)
Class com.google.common.cache.LocalCache$Strength$1                                   : loaded 2 times (x 77B)
Class org.objectweb.asm.ModuleVisitor                                                 : loaded 2 times (x 77B)
Class org.jetbrains.kotlin.idea.gradleTooling.PrepareKotlinIdeaImportTaskModelBuilder$KotlinNativePlatformDependenciesKt: loaded 2 times (x 67B)
Class com.google.common.collect.Sets$4                                                : loaded 2 times (x 135B)
Class com.intellij.gradle.toolingExtension.impl.model.buildScriptClasspathModel.GradleBuildScriptClasspathModelBuilder: loaded 2 times (x 82B)
Class com.google.common.io.ByteArrayDataInput                                         : loaded 2 times (x 66B)
Class com.google.common.reflect.Invokable$MethodInvokable                             : loaded 2 times (x 103B)
Class com.google.common.collect.MapMakerInternalMap$StrongKeyDummyValueEntry          : loaded 2 times (x 78B)
Class com.google.common.io.LineReader$1                                               : loaded 2 times (x 71B)
Class com.google.common.collect.CollectSpliterators                                   : loaded 2 times (x 67B)
Class com.google.common.collect.AbstractMapBasedMultimap$AsMap                        : loaded 2 times (x 124B)
Class com.google.common.base.Platform                                                 : loaded 2 times (x 67B)
Class kotlin.collections.EmptyIterator                                                : loaded 2 times (x 85B)
Class kotlin.text.StringsKt__RegexExtensionsKt                                        : loaded 2 times (x 67B)
Class org.gradle.internal.time.Clock                                                  : loaded 2 times (x 66B)
Class Build_gradle$2                                                                  : loaded 2 times (x 75B)
Class org.jetbrains.kotlin.idea.gradleTooling.KotlinGradlePluginVersionImpl           : loaded 2 times (x 74B)
Class org.gradle.internal.impldep.com.google.gson.internal.bind.TypeAdapters$6        : loaded 2 times (x 71B)
Class org.gradle.internal.impldep.com.google.gson.JsonParseException                  : loaded 2 times (x 78B)
Class org.jetbrains.plugins.gradle.tooling.serialization.RepositoriesModelSerializationService$1: loaded 2 times (x 72B)
Class com.google.common.collect.MapMakerInternalMap$StrongValueEntry                  : loaded 2 times (x 66B)
Class com.google.common.reflect.TypeResolver                                          : loaded 2 times (x 68B)
Class org.gradle.internal.impldep.com.google.common.collect.ImmutableCollection       : loaded 2 times (x 121B)
Class com.google.common.collect.AbstractMapBasedMultimap$WrappedList                  : loaded 2 times (x 201B)
Class com.android.builder.model.v2.dsl.ProductFlavor                                  : loaded 2 times (x 66B)
Class [Lcom.android.builder.model.v2.ide.TestInfo$Execution;                          : loaded 2 times (x 65B)
Class [Lorg.objectweb.asm.AnnotationWriter;                                           : loaded 2 times (x 65B)
Class com.google.common.collect.Maps$8                                                : loaded 2 times (x 78B)
Class kotlin.io.FilePathComponents                                                    : loaded 2 times (x 68B)
Class com.google.common.collect.CompoundOrdering                                      : loaded 2 times (x 111B)
Class kotlin.sequences.SequencesKt__SequencesJVMKt                                    : loaded 2 times (x 67B)
Class kotlin.coroutines.jvm.internal.RestrictedSuspendLambda                          : loaded 2 times (x 87B)
Class org.gradle.tooling.internal.adapter.TypeInspector                               : loaded 2 times (x 69B)
Class org.gradle.tooling.internal.adapter.ProtocolToModelAdapter$NoOpDecoration       : loaded 2 times (x 75B)
Class org.gradle.tooling.model.Element                                                : loaded 2 times (x 66B)
Class kotlin.collections.AbstractList                                                 : loaded 2 times (x 193B)
Class kotlin.collections.AbstractCollection                                           : loaded 2 times (x 113B)
Class com.google.common.reflect.Types$ClassOwnership$2                                : loaded 2 times (x 76B)
Class com.android.ide.gradle.model.builder.GradlePropertiesModelBuilder               : loaded 2 times (x 71B)
Class org.jetbrains.kotlin.idea.gradleTooling.reflect.KotlinMultiplatformImportReflectionImpl$Companion: loaded 2 times (x 67B)
Class org.gradle.internal.impldep.com.google.gson.internal.bind.TypeAdapters$10       : loaded 2 times (x 71B)
Class org.gradle.internal.impldep.com.google.gson.internal.bind.TypeAdapters$7        : loaded 2 times (x 71B)
Class org.gradle.internal.impldep.com.google.common.collect.Iterators$5               : loaded 2 times (x 78B)
Class com.intellij.openapi.externalSystem.model.project.dependencies.UnknownDependencyNode: loaded 2 times (x 83B)
Class com.intellij.gradle.toolingExtension.impl.model.sourceSetModel.GradleSourceSetResolutionContext: loaded 2 times (x 69B)
Class [Lcom.google.common.collect.Iterators$EmptyModifiableIterator;                  : loaded 2 times (x 65B)
Class com.google.common.base.Predicates$CompositionPredicate                          : loaded 2 times (x 84B)
Class com.google.common.collect.Lists$ReverseList$1                                   : loaded 2 times (x 95B)
Class [Lorg.gradle.internal.impldep.com.google.gson.LongSerializationPolicy;          : loaded 2 times (x 65B)
Class org.jetbrains.kotlin.tooling.core.Extras                                        : loaded 2 times (x 66B)
Class com.google.common.collect.Sets$SetView                                          : loaded 2 times (x 134B)
Class com.google.common.cache.LocalCache$StrongValueReference                         : loaded 2 times (x 86B)
Class com.google.common.util.concurrent.AbstractFuture$SynchronizedHelper             : loaded 2 times (x 74B)
Class kotlin.text.StringsKt__StringBuilderJVMKt                                       : loaded 2 times (x 67B)
Class kotlin.text.Regex                                                               : loaded 2 times (x 68B)
Class kotlin.sequences.SequencesKt__SequenceBuilderKt$sequence$$inlined$Sequence$1    : loaded 2 times (x 71B)
Class kotlin.Triple                                                                   : loaded 2 times (x 68B)
Class org.jetbrains.plugins.gradle.model.DefaultUnresolvedExternalDependency          : loaded 2 times (x 107B)
Class org.gradle.internal.impldep.com.google.gson.ReflectionAccessFilter$FilterResult : loaded 2 times (x 75B)
Class org.gradle.internal.impldep.com.google.gson.internal.bind.TypeAdapters$8        : loaded 2 times (x 71B)
Class org.gradle.internal.impldep.com.google.gson.internal.bind.TypeAdapters$11       : loaded 2 times (x 71B)
Class [Lorg.jetbrains.plugins.gradle.tooling.Message$Kind;                            : loaded 2 times (x 65B)
Class com.intellij.compose.ide.plugin.gradleTooling.rt.ComposeResourcesExtension$Companion: loaded 2 times (x 67B)
Class org.gradle.internal.service.UnknownServiceException                             : loaded 2 times (x 79B)
Class com.google.common.graph.SuccessorsFunction                                      : loaded 2 times (x 66B)
Class org.objectweb.asm.Type                                                          : loaded 2 times (x 68B)
Class org.gradle.tooling.model.internal.ImmutableDomainObjectSet                      : loaded 2 times (x 151B)
Class org.gradle.internal.classloader.VisitableURLClassLoader$InstrumentingVisitableURLClassLoader: loaded 2 times (x 119B)
Class org.gradle.kotlin.dsl.AndroidTestImplementationConfigurationAccessorsKt         : loaded 2 times (x 67B)
Class org.gradle.kotlin.dsl.Accessors6ijptz36i787i38pli2t3331aKt                      : loaded 2 times (x 67B)
Class org.gradle.internal.impldep.com.google.gson.JsonObject                          : loaded 2 times (x 89B)
Class org.gradle.internal.impldep.com.google.gson.internal.bind.TypeAdapters$9        : loaded 2 times (x 71B)
Class org.gradle.internal.impldep.com.google.gson.internal.bind.TypeAdapters$12       : loaded 2 times (x 71B)
Class com.intellij.util.ExceptionUtilRt                                               : loaded 2 times (x 67B)
Class kotlin.collections.CollectionsKt___CollectionsKt$asSequence$$inlined$Sequence$1 : loaded 2 times (x 71B)
Class com.google.common.cache.LocalCache$LocalLoadingCache                            : loaded 2 times (x 130B)
Class com.google.common.collect.MapMakerInternalMap$StrongKeyDummyValueEntry$Helper   : loaded 2 times (x 75B)
Class com.google.common.io.Files$FileByteSink                                         : loaded 2 times (x 73B)
Class com.android.builder.model.v2.ide.AndroidGradlePluginProjectFlags                : loaded 2 times (x 66B)
Class [Lcom.android.builder.model.v2.ide.AndroidGradlePluginProjectFlags$BooleanFlag; : loaded 2 times (x 65B)
Class com.android.builder.model.v2.ide.BasicVariant                                   : loaded 2 times (x 66B)
Class org.objectweb.asm.ByteVector                                                    : loaded 2 times (x 75B)
Class [Lcom.google.common.cache.CacheBuilder$NullListener;                            : loaded 2 times (x 65B)
Class com.google.common.math.IntMath$1                                                : loaded 2 times (x 67B)
Class kotlin.comparisons.ComparisonsKt__ComparisonsKt                                 : loaded 2 times (x 67B)
Class kotlin.ranges.RangesKt__RangesKt                                                : loaded 2 times (x 67B)
Class kotlin.collections.SetsKt___SetsKt                                              : loaded 2 times (x 67B)
Class kotlin.sequences.SequencesKt__SequencesKt                                       : loaded 2 times (x 67B)
Class kotlin.coroutines.Continuation                                                  : loaded 2 times (x 66B)
Class org.gradle.internal.classloader.VisitableURLClassLoader$Spec                    : loaded 2 times (x 70B)
Class org.gradle.internal.classpath.DefaultClassPath                                  : loaded 2 times (x 86B)
Class org.jetbrains.plugins.gradle.tooling.util.BooleanBiFunction                     : loaded 2 times (x 66B)
Class org.gradle.internal.impldep.com.google.gson.internal.bind.TypeAdapters$13       : loaded 2 times (x 71B)
Class com.google.common.util.concurrent.AbstractFuture$SafeAtomicHelper               : loaded 2 times (x 75B)
Class com.google.common.collect.Sets$3                                                : loaded 2 times (x 135B)
Class com.intellij.gradle.toolingExtension.impl.model.sourceSetArtifactIndex.GradleSourceSetArtifactIndex: loaded 2 times (x 74B)
Class org.jetbrains.kotlin.idea.gradleTooling.KotlinMPPGradleModelBinary              : loaded 2 times (x 66B)
Class [Lorg.objectweb.asm.AnnotationVisitor;                                          : loaded 2 times (x 65B)
Class com.intellij.openapi.externalSystem.model.project.dependencies.ArtifactDependencyNode: loaded 2 times (x 66B)
Class org.gradle.internal.impldep.com.google.common.collect.Iterators$MergingIterator : loaded 2 times (x 77B)
Class com.google.common.reflect.Types$ClassOwnership                                  : loaded 2 times (x 76B)
Class com.google.common.base.AbstractIterator                                         : loaded 2 times (x 76B)
Class com.android.builder.model.v2.ide.BundleInfo                                     : loaded 2 times (x 66B)
Class com.android.builder.model.v2.ide.SourceProvider                                 : loaded 2 times (x 66B)
Class org.objectweb.asm.Symbol                                                        : loaded 2 times (x 69B)
Class kotlin.sequences.FilteringSequence                                              : loaded 2 times (x 71B)
Class kotlin.text.CharsKt__CharJVMKt                                                  : loaded 2 times (x 67B)
Class kotlin.comparisons.ComparisonsKt                                                : loaded 2 times (x 67B)
Class kotlin.comparisons.ComparisonsKt___ComparisonsKt                                : loaded 2 times (x 67B)
Class kotlin.coroutines.jvm.internal.BaseContinuationImpl                             : loaded 2 times (x 83B)
Class kotlin.Result$Companion                                                         : loaded 2 times (x 67B)
Class org.gradle.util.internal.DefaultGradleVersion                                   : loaded 2 times (x 76B)
Class org.gradle.internal.impldep.com.google.gson.internal.bind.TypeAdapters$14       : loaded 2 times (x 71B)
Class org.jetbrains.kotlin.idea.gradleTooling.UtilsKt                                 : loaded 2 times (x 67B)
Class org.jetbrains.kotlin.idea.gradleTooling.KotlinDslScriptTaskModelBuilder         : loaded 2 times (x 82B)
Class org.gradle.internal.impldep.com.google.common.collect.Lists                     : loaded 2 times (x 67B)
Class com.google.common.collect.Sets$FilteredSet                                      : loaded 2 times (x 133B)
Class com.google.common.io.Java8Compatibility                                         : loaded 2 times (x 67B)
Class com.google.common.io.Closer                                                     : loaded 2 times (x 74B)
Class com.google.common.base.CharMatcher$Ascii                                        : loaded 2 times (x 108B)
Class com.google.common.base.AbstractIterator$State                                   : loaded 2 times (x 75B)
Class com.google.common.collect.MapMakerInternalMap$Strength$2                        : loaded 2 times (x 76B)
Class com.google.common.reflect.Types$ClassOwnership$1                                : loaded 2 times (x 76B)
Class org.gradle.internal.classloader.ClassLoaderSpec                                 : loaded 2 times (x 67B)
Class org.jetbrains.plugins.gradle.model.DefaultExternalProjectDependency             : loaded 2 times (x 116B)
Class org.gradle.internal.impldep.com.google.gson.internal.Streams                    : loaded 2 times (x 67B)
Class org.gradle.internal.impldep.com.google.gson.internal.bind.ObjectTypeAdapter     : loaded 2 times (x 70B)
Class org.gradle.internal.impldep.com.google.gson.internal.bind.TypeAdapters$15       : loaded 2 times (x 71B)
Class org.gradle.internal.impldep.com.google.gson.internal.Excluder$1                 : loaded 2 times (x 70B)
Class org.jetbrains.kotlin.tooling.core.InternerKt                                    : loaded 2 times (x 67B)
Class org.gradle.internal.impldep.com.google.common.collect.Iterators$4               : loaded 2 times (x 78B)
Class org.gradle.internal.impldep.com.google.gson.TypeAdapterFactory                  : loaded 2 times (x 66B)
Class org.jetbrains.plugins.gradle.tooling.builder.IntelliJProjectSettingsBuilder     : loaded 2 times (x 74B)
Class org.gradle.internal.impldep.com.google.common.collect.Iterators$SingletonIterator: loaded 2 times (x 77B)
Class com.google.common.io.ByteSource$EmptyByteSource                                 : loaded 2 times (x 81B)
Class org.objectweb.asm.AnnotationWriter                                              : loaded 2 times (x 75B)
Class com.google.common.cache.CacheStats                                              : loaded 2 times (x 67B)
Class kotlin.jvm.internal.FunctionReferenceImpl                                       : loaded 2 times (x 118B)
Class kotlin.collections.CollectionsKt___CollectionsJvmKt                             : loaded 2 times (x 67B)
Class org.gradle.internal.impldep.com.google.gson.internal.bind.TypeAdapters$16       : loaded 2 times (x 71B)
Class org.gradle.internal.impldep.com.google.gson.annotations.JsonAdapter             : loaded 2 times (x 66B)
Class com.intellij.gradle.toolingExtension.impl.model.resourceFilterModel.GradleResourceFilterModelBuilder: loaded 2 times (x 67B)
Class org.jetbrains.kotlin.idea.gradleTooling.reflect.KotlinMultiplatformImportReflection: loaded 2 times (x 66B)
Class org.jetbrains.kotlin.idea.gradleTooling.KotlinGradleModelBuilder                : loaded 2 times (x 82B)
Class com.google.common.collect.Interners                                             : loaded 2 times (x 67B)
Class com.google.common.collect.ImmutableMultisetGwtSerializationDependencies         : loaded 2 times (x 121B)
Class com.google.common.io.Closer$Suppressor                                          : loaded 2 times (x 66B)
Class com.google.common.io.LineProcessor                                              : loaded 2 times (x 66B)
Class org.objectweb.asm.RecordComponentWriter                                         : loaded 2 times (x 74B)
Class com.google.common.util.concurrent.AbstractFuture$Listener                       : loaded 2 times (x 68B)
Class [Lcom.android.builder.model.v2.ide.ProjectType;                                 : loaded 2 times (x 65B)
Class com.android.ide.gradle.model.builder.LegacyV1AgpVersionModelBuilder             : loaded 2 times (x 71B)
Class Settings_gradle$1$1                                                             : loaded 2 times (x 70B)
Class kotlin.TuplesKt                                                                 : loaded 2 times (x 67B)
Class kotlin.jvm.internal.markers.KMutableIterable                                    : loaded 2 times (x 66B)
Class kotlin.sequences.SequencesKt___SequencesJvmKt                                   : loaded 2 times (x 67B)
Class org.gradle.tooling.internal.adapter.ProtocolToModelAdapter$DefaultViewBuilder   : loaded 2 times (x 76B)
Class kotlin.Unit                                                                     : loaded 2 times (x 67B)
Class com.android.ide.gradle.model.composites.BuildMapModelBuilder                    : loaded 2 times (x 71B)
Class org.jetbrains.kotlin.idea.gradleTooling.reflect.KotlinSourceSetReflectionKt     : loaded 2 times (x 67B)
Class org.gradle.internal.impldep.com.google.gson.internal.bind.TypeAdapters$17       : loaded 2 times (x 71B)
Class com.intellij.gradle.toolingExtension.impl.model.warmUp.GradleTaskWarmUpService  : loaded 2 times (x 82B)
Class com.intellij.gradle.toolingExtension.impl.modelBuilder.DefaultModelBuilderContext: loaded 2 times (x 73B)
Class [Lcom.android.builder.model.v2.ide.AaptOptions$Namespacing;                     : loaded 2 times (x 65B)
Class [Lorg.objectweb.asm.Label;                                                      : loaded 2 times (x 65B)
Class com.android.ide.common.gradle.Version$Companion$ParseState                      : loaded 2 times (x 66B)
Class org.objectweb.asm.Attribute                                                     : loaded 2 times (x 73B)
Class com.google.common.base.Supplier                                                 : loaded 2 times (x 66B)
Class kotlin.ranges.RangesKt                                                          : loaded 2 times (x 67B)
Class org.gradle.tooling.internal.adapter.ProtocolToModelAdapter$ViewGraphDetails$1   : loaded 2 times (x 73B)
Class org.gradle.internal.classloader.VisitableURLClassLoader                         : loaded 2 times (x 113B)
Class com.android.ide.gradle.model.dependencies.DeclaredDependenciesModelBuilderKt    : loaded 2 times (x 67B)
Class org.gradle.internal.impldep.com.google.gson.internal.bind.TypeAdapters$18       : loaded 2 times (x 71B)
Class org.gradle.internal.impldep.com.google.gson.stream.JsonReader                   : loaded 2 times (x 93B)
Class org.gradle.internal.impldep.com.google.gson.FieldNamingPolicy$1                 : loaded 2 times (x 79B)
Class org.gradle.api.internal.ClassPathProvider                                       : loaded 2 times (x 66B)
Class [Lorg.gradle.api.internal.ClassPathProvider;                                    : loaded 2 times (x 65B)
Class org.gradle.tooling.ToolingModelContract                                         : loaded 2 times (x 66B)
Class kotlin.sequences.Sequence                                                       : loaded 2 times (x 66B)
Class kotlin.sequences.SequenceScope                                                  : loaded 2 times (x 69B)
Class org.jetbrains.kotlin.idea.gradleTooling.model.allopen.AllOpenModelBuilderService: loaded 2 times (x 81B)
Class kotlin.text.MatchResult                                                         : loaded 2 times (x 66B)
Class com.google.common.util.concurrent.AbstractFuture$Waiter                         : loaded 2 times (x 68B)
Class com.android.ide.common.repository.AgpVersion$Companion                          : loaded 2 times (x 67B)
Class Settings_gradle                                                                 : loaded 2 times (x 124B)
Class kotlin.sequences.FlatteningSequence$iterator$1                                  : loaded 2 times (x 75B)
Class kotlin.jvm.functions.Function0                                                  : loaded 2 times (x 66B)
Class kotlin.collections.ArraysUtilJVM                                                : loaded 2 times (x 67B)
Class com.google.common.collect.NaturalOrdering                                       : loaded 2 times (x 111B)
Class kotlin.text.StringsKt__StringNumberConversionsJVMKt                             : loaded 2 times (x 67B)
Class org.gradle.tooling.model.idea.IdeaDependency                                    : loaded 2 times (x 66B)
Class com.intellij.gradle.toolingExtension.impl.model.dependencyModel.GradleDependencyResolver$1: loaded 2 times (x 73B)
Class org.gradle.internal.impldep.com.google.gson.internal.bind.TypeAdapters$19       : loaded 2 times (x 71B)
Class org.gradle.internal.impldep.com.google.gson.FieldNamingPolicy$2                 : loaded 2 times (x 79B)
Class com.google.common.collect.Sets$2                                                : loaded 2 times (x 135B)
Class org.jetbrains.kotlin.idea.gradleTooling.PrepareKotlinIdeaImportTaskModelBuilder : loaded 2 times (x 82B)
Class org.gradle.internal.impldep.com.google.common.collect.Lists$StringAsImmutableList: loaded 2 times (x 203B)
Class com.google.common.collect.MapMakerInternalMap                                   : loaded 2 times (x 157B)
Class com.android.builder.model.v2.ide.AaptOptions                                    : loaded 2 times (x 66B)
Class [Lcom.android.builder.model.v2.ide.BytecodeTransformation;                      : loaded 2 times (x 65B)
Class com.google.common.base.Strings                                                  : loaded 2 times (x 67B)
Class com.android.ide.common.gradle.Version$Companion                                 : loaded 2 times (x 67B)
Class com.google.common.collect.Sets                                                  : loaded 2 times (x 67B)
Class org.objectweb.asm.Handler                                                       : loaded 2 times (x 68B)
Class com.google.common.base.Ticker                                                   : loaded 2 times (x 68B)
Class com.android.builder.model.v2.models.BasicAndroidProject                         : loaded 2 times (x 66B)
Class kotlin.collections.AbstractMutableList                                          : loaded 2 times (x 202B)
Class kotlin.jvm.functions.Function1                                                  : loaded 2 times (x 66B)
Class org.jetbrains.plugins.gradle.model.DefaultExternalTask                          : loaded 2 times (x 79B)
Class org.gradle.internal.impldep.com.google.gson.internal.sql.SqlDateTypeAdapter$1   : loaded 2 times (x 71B)
Class org.gradle.internal.impldep.com.google.gson.ToNumberPolicy$1                    : loaded 2 times (x 79B)
Class org.gradle.internal.impldep.com.google.gson.FieldNamingPolicy$3                 : loaded 2 times (x 79B)
Class com.google.common.collect.Maps$ViewCachingAbstractMap                           : loaded 2 times (x 121B)
Class com.google.common.collect.MapMakerInternalMap$Strength$1                        : loaded 2 times (x 76B)
Class [Lcom.google.common.base.Function;                                              : loaded 2 times (x 65B)
Class org.jetbrains.plugins.gradle.tooling.builder.WarModelBuilderImplKt              : loaded 2 times (x 67B)
Class com.intellij.gradle.toolingExtension.impl.model.utilTurnOffDefaultTasksModel.TurnOffDefaultTasksModelBuilder: loaded 2 times (x 82B)
Class com.google.common.cache.RemovalCause$1                                          : loaded 2 times (x 76B)
Class com.android.builder.model.v2.models.ndk.NativeModelBuilderParameter             : loaded 2 times (x 66B)
Class [Lcom.google.common.cache.LocalCache$Segment;                                   : loaded 2 times (x 65B)
Class [Lcom.google.common.cache.LocalCache$Strength;                                  : loaded 2 times (x 65B)
Class com.google.common.cache.CacheBuilder$1                                          : loaded 2 times (x 81B)
Class org.jetbrains.kotlin.idea.gradleTooling.KotlinMPPGradleModelBuilder             : loaded 2 times (x 82B)
Class org.jetbrains.plugins.gradle.tooling.serialization.internal.adapter.InternalProjectIdentifier: loaded 2 times (x 72B)
Class kotlin.KotlinNothingValueException                                              : loaded 2 times (x 78B)
Class kotlin.jvm.functions.Function2                                                  : loaded 2 times (x 66B)
Class org.gradle.internal.classpath.DefaultClassPath$ImmutableUniqueList$Builder      : loaded 2 times (x 71B)
Class com.intellij.util.ExceptionUtilRt$1                                             : loaded 2 times (x 125B)
Class org.jetbrains.plugins.gradle.tooling.internal.ClasspathEntryModelImpl           : loaded 2 times (x 76B)
Class org.gradle.internal.impldep.com.google.gson.ToNumberPolicy$2                    : loaded 2 times (x 79B)
Class org.gradle.internal.impldep.com.google.gson.FieldNamingPolicy$4                 : loaded 2 times (x 79B)
Class org.gradle.internal.impldep.com.google.gson.LongSerializationPolicy$2           : loaded 2 times (x 76B)
Class com.intellij.gradle.toolingExtension.impl.model.dependencyModel.GradleDependencyTraverser$Itr: loaded 2 times (x 79B)
Class com.intellij.gradle.toolingExtension.impl.initScript.util.GradleTasksUtil       : loaded 2 times (x 67B)
Class com.google.common.cache.RemovalCause$2                                          : loaded 2 times (x 76B)
Class com.google.common.collect.MapMakerInternalMap$WeakValueReference                : loaded 2 times (x 66B)
Class org.gradle.api.internal.DefaultClassPathProvider                                : loaded 2 times (x 72B)
Class com.google.common.cache.LocalCache                                              : loaded 2 times (x 183B)
Class com.google.common.cache.CacheBuilder$2                                          : loaded 2 times (x 75B)
Class com.google.common.collect.ComparatorOrdering                                    : loaded 2 times (x 111B)
Class kotlin.collections.MapsKt___MapsJvmKt                                           : loaded 2 times (x 67B)
Class org.gradle.tooling.internal.adapter.WeakIdentityHashMap$AbsentValueProvider     : loaded 2 times (x 66B)
Class com.intellij.gradle.toolingExtension.impl.model.buildScriptClasspathModel.GradleBuildScriptClasspathCache: loaded 2 times (x 71B)
Class org.gradle.internal.impldep.com.google.gson.internal.sql.SqlTimestampTypeAdapter$1: loaded 2 times (x 71B)
Class org.gradle.internal.impldep.com.google.gson.ToNumberPolicy$3                    : loaded 2 times (x 79B)
Class org.gradle.internal.impldep.com.google.gson.FieldNamingPolicy$5                 : loaded 2 times (x 79B)
Class com.intellij.openapi.externalSystem.model.project.dependencies.ProjectDependenciesImpl: loaded 2 times (x 73B)
Class org.objectweb.asm.AnnotationVisitor                                             : loaded 2 times (x 74B)
Class com.google.common.collect.Sets$1                                                : loaded 2 times (x 135B)
Class org.jetbrains.kotlin.idea.gradleTooling.model.samWithReceiver.SamWithReceiverModel: loaded 2 times (x 66B)
Class com.google.common.cache.RemovalCause$3                                          : loaded 2 times (x 76B)
Class com.google.common.collect.ArrayListMultimap                                     : loaded 2 times (x 168B)
Class com.google.common.cache.CacheBuilder$3                                          : loaded 2 times (x 68B)
Class com.android.ide.common.gradle.Numeric                                           : loaded 2 times (x 73B)
Class com.google.common.base.Splitter                                                 : loaded 2 times (x 68B)
Class kotlin.jvm.functions.Function4                                                  : loaded 2 times (x 66B)
Class kotlin.collections.EmptySet                                                     : loaded 2 times (x 118B)
Class kotlin.annotation.Target                                                        : loaded 2 times (x 66B)
Class kotlin.collections.CollectionsKt___CollectionsKt                                : loaded 2 times (x 67B)
Class com.google.common.collect.Iterators$EmptyModifiableIterator                     : loaded 2 times (x 82B)
Class org.gradle.internal.exceptions.NonGradleCauseExceptionsHolder                   : loaded 2 times (x 66B)
Class org.gradle.tooling.model.idea.IdeaModuleDependency                              : loaded 2 times (x 66B)
Class org.gradle.tooling.internal.adapter.ViewBuilder                                 : loaded 2 times (x 66B)
Class org.jetbrains.plugins.gradle.tooling.util.BiFunction                            : loaded 2 times (x 66B)
Class org.jetbrains.plugins.gradle.model.AbstractExternalDependency                   : loaded 2 times (x 102B)
Class org.gradle.internal.impldep.com.google.gson.ToNumberPolicy$4                    : loaded 2 times (x 79B)
Class org.gradle.internal.impldep.com.google.gson.FieldNamingPolicy$6                 : loaded 2 times (x 79B)
Class org.gradle.internal.impldep.com.google.gson.LongSerializationPolicy             : loaded 2 times (x 76B)
Class org.jetbrains.kotlin.idea.gradleTooling.model.kapt.KaptGradleModelImpl          : loaded 2 times (x 73B)
Class org.jetbrains.kotlin.idea.gradleTooling.model.allopen.AllOpenModel              : loaded 2 times (x 66B)
Class org.jetbrains.kotlin.idea.gradleTooling.PrepareKotlinIdeaImportTaskModelBuilder$Messages: loaded 2 times (x 67B)
Class org.jetbrains.plugins.gradle.tooling.Message$FilePosition                       : loaded 2 times (x 71B)
Class org.gradle.internal.impldep.com.google.gson.LongSerializationPolicy$1           : loaded 2 times (x 76B)
Class com.intellij.gradle.toolingExtension.impl.model.dependencyGraphModel.GradleDependencyReportGenerator: loaded 2 times (x 69B)
Class sync_studio_tooling1_51kh3wy35c6lc6sx6qjahimsk                                  : loaded 2 times (x 175B)
Class com.google.common.cache.RemovalCause$4                                          : loaded 2 times (x 76B)
Class com.google.common.base.Suppliers$MemoizingSupplier                              : loaded 2 times (x 75B)
Class com.android.builder.model.v2.ide.AndroidLibraryData                             : loaded 2 times (x 66B)
Class com.android.builder.model.v2.ide.ApiVersion                                     : loaded 2 times (x 66B)
Class com.android.ide.common.gradle.Version                                           : loaded 2 times (x 71B)
Class com.google.common.collect.CollectPreconditions                                  : loaded 2 times (x 67B)
Class kotlin.text.StringsKt___StringsJvmKt                                            : loaded 2 times (x 67B)
Class kotlin.reflect.KDeclarationContainer                                            : loaded 2 times (x 66B)
Class kotlin.annotation.Retention                                                     : loaded 2 times (x 66B)
Class com.intellij.gradle.toolingExtension.impl.initScript.util.GradleDebuggerUtil    : loaded 2 times (x 67B)
Class org.gradle.tooling.internal.gradle.DefaultProjectIdentifier                     : loaded 2 times (x 82B)
Class org.jetbrains.plugins.gradle.model.ModelFactory                                 : loaded 2 times (x 67B)
Class org.gradle.internal.impldep.com.google.gson.internal.ConstructorConstructor$19  : loaded 2 times (x 72B)
Class org.gradle.internal.impldep.com.google.gson.FieldNamingPolicy$7                 : loaded 2 times (x 79B)
Class org.jetbrains.plugins.gradle.tooling.serialization.ToolingStreamApiUtilsKt      : loaded 2 times (x 67B)
Class kotlin.text.StringsKt__AppendableKt                                             : loaded 2 times (x 67B)
Class org.jetbrains.plugins.gradle.tooling.ModelBuilderContext$DataProvider           : loaded 2 times (x 66B)
Class org.gradle.internal.impldep.com.google.common.collect.AbstractIndexedListIterator: loaded 2 times (x 92B)
Class com.google.common.collect.ImmutableEnumMap                                      : loaded 2 times (x 122B)
Class com.google.common.cache.RemovalCause$5                                          : loaded 2 times (x 76B)
Class com.google.common.collect.Maps$AbstractFilteredMap                              : loaded 2 times (x 123B)
Class [Lcom.google.common.collect.MapMakerInternalMap$Strength;                       : loaded 2 times (x 65B)
Class [Lcom.google.common.io.FileWriteMode;                                           : loaded 2 times (x 65B)
Class com.android.builder.model.v2.models.Versions$Version                            : loaded 2 times (x 66B)
Class com.google.common.collect.SortedMapDifference                                   : loaded 2 times (x 66B)
Class kotlin.io.FilesKt                                                               : loaded 2 times (x 67B)
Class kotlin.collections.MapsKt___MapsKt                                              : loaded 2 times (x 67B)
Class kotlin.collections.ArraysKt___ArraysKt                                          : loaded 2 times (x 67B)
Class Build_gradle$1$1                                                                : loaded 2 times (x 74B)
Class org.jetbrains.kotlin.tooling.core.KotlinToolingVersion$Maturity                 : loaded 2 times (x 75B)
Class org.gradle.internal.impldep.com.google.gson.internal.bind.MapTypeAdapterFactory$Adapter: loaded 2 times (x 70B)
Class com.google.common.collect.ListMultimap                                          : loaded 2 times (x 66B)
Class com.android.builder.model.v2.models.AndroidDsl                                  : loaded 2 times (x 66B)
Class org.objectweb.asm.tree.ClassNode                                                : loaded 2 times (x 87B)
Class [Lcom.intellij.openapi.externalSystem.model.project.IExternalSystemSourceType;  : loaded 2 times (x 65B)
Class com.google.common.collect.CollectSpliterators$1WithCharacteristics              : loaded 2 times (x 86B)
Class com.google.common.cache.LocalCache$WriteThroughEntry                            : loaded 2 times (x 75B)
Class com.google.common.cache.LocalCache$HashIterator                                 : loaded 2 times (x 82B)
Class com.google.common.collect.MapMakerInternalMap$StrongKeyDummyValueSegment        : loaded 2 times (x 138B)
Class com.google.common.collect.Iterables$4                                           : loaded 2 times (x 77B)
Class com.google.common.io.Files                                                      : loaded 2 times (x 67B)
Class com.google.common.cache.LocalCache$EntryFactory                                 : loaded 2 times (x 79B)
Class kotlin.collections.MapsKt__MapWithDefaultKt                                     : loaded 2 times (x 67B)
Class org.gradle.tooling.internal.adapter.ProtocolToModelAdapter$ReflectionMethodInvoker: loaded 2 times (x 72B)
Class Build_gradle$1$2                                                                : loaded 2 times (x 75B)
Class [Lorg.jetbrains.kotlin.idea.gradleTooling.reflect.Parameter;                    : loaded 2 times (x 65B)
Class org.gradle.internal.impldep.com.google.gson.internal.bind.ReflectiveTypeAdapterFactory$1: loaded 2 times (x 75B)
Class org.gradle.internal.impldep.com.google.gson.internal.bind.NumberTypeAdapter$1   : loaded 2 times (x 72B)
Class org.gradle.internal.impldep.com.google.gson.JsonIOException                     : loaded 2 times (x 78B)
Class org.gradle.internal.impldep.com.google.gson.internal.Excluder                   : loaded 2 times (x 71B)
Class org.gradle.internal.impldep.com.google.common.collect.Iterators$1               : loaded 2 times (x 77B)
Class com.intellij.openapi.externalSystem.model.project.dependencies.DependencyNode   : loaded 2 times (x 66B)
Class org.gradle.api.internal.classpath.EffectiveClassPath                            : loaded 2 times (x 86B)
Class org.jetbrains.kotlin.idea.gradleTooling.model.assignment.AssignmentModel        : loaded 2 times (x 66B)
Class com.intellij.openapi.externalSystem.model.project.dependencies.ComponentDependencies: loaded 2 times (x 66B)
Class org.jetbrains.plugins.gradle.tooling.ModelBuilderService$Ex                     : loaded 2 times (x 66B)
Class com.google.common.reflect.Types$NativeTypeVariableEquals                        : loaded 2 times (x 67B)
Class com.google.common.reflect.TypeParameter                                         : loaded 2 times (x 68B)
Class com.google.common.collect.Iterables$5                                           : loaded 2 times (x 77B)
Class [Lcom.google.common.collect.MapMaker$Dummy;                                     : loaded 2 times (x 65B)
Class com.google.common.base.CharMatcher$Whitespace                                   : loaded 2 times (x 108B)
Class com.google.common.base.Splitter$1$1                                             : loaded 2 times (x 82B)
Class [Lcom.android.ide.common.gradle.Separator;                                      : loaded 2 times (x 65B)
Class org.jetbrains.kotlin.tooling.core.HasMutableExtras                              : loaded 2 times (x 66B)
Class com.google.common.cache.LocalCache$AbstractReferenceEntry                       : loaded 2 times (x 103B)
Class kotlin.text.StringsKt___StringsKt                                               : loaded 2 times (x 67B)
Class com.google.common.collect.NullsLastOrdering                                     : loaded 2 times (x 111B)
Class kotlin.collections.CollectionsKt__MutableCollectionsJVMKt                       : loaded 2 times (x 67B)
Class kotlin.sequences.SequencesKt___SequencesKt$flatMap$2                            : loaded 2 times (x 121B)
Class kotlin.enums.EnumEntriesKt                                                      : loaded 2 times (x 67B)
Class Build_gradle$1$3                                                                : loaded 2 times (x 74B)
Class org.gradle.internal.impldep.com.google.gson.internal.bind.TypeAdapterRuntimeTypeWrapper: loaded 2 times (x 70B)
Class com.google.common.collect.Ordering                                              : loaded 2 times (x 110B)
Class [Lcom.android.ide.common.repository.AgpVersion$PreviewKind;                     : loaded 2 times (x 65B)
Class org.jetbrains.plugins.gradle.model.web.WebConfiguration                         : loaded 2 times (x 66B)
Class com.google.common.collect.ImmutableMapKeySet                                    : loaded 2 times (x 148B)
Class com.android.builder.model.v2.models.VariantDependencies                         : loaded 2 times (x 66B)
Class org.jetbrains.kotlin.tooling.core.Interner                                      : loaded 2 times (x 66B)
Class org.objectweb.asm.SymbolTable                                                   : loaded 2 times (x 68B)
Class com.google.common.cache.CacheLoader$InvalidCacheLoadException                   : loaded 2 times (x 78B)
Class com.intellij.gradle.toolingExtension.impl.model.dependencyModel.DefaultModuleIdentifier: loaded 2 times (x 74B)
Class org.gradle.internal.classloader.SystemClassLoaderSpec                           : loaded 2 times (x 67B)
Class Build_gradle$1$4                                                                : loaded 2 times (x 70B)
Class org.jetbrains.plugins.gradle.tooling.internal.VersionCatalogsModelImpl          : loaded 2 times (x 72B)
Class org.gradle.internal.impldep.com.google.gson.JsonNull                            : loaded 2 times (x 88B)
Class com.android.ide.gradle.model.builder.GradlePluginModelBuilder                   : loaded 2 times (x 71B)
Class com.intellij.gradle.toolingExtension.impl.model.taskModel.DefaultGradleTaskModel: loaded 2 times (x 71B)
Class JetGradlePlugin$findJetModelBuilder$0                                           : loaded 2 times (x 142B)
Class com.google.common.collect.FluentIterable                                        : loaded 2 times (x 77B)
Class com.android.builder.model.v2.ide.TestedTargetVariant                            : loaded 2 times (x 66B)
Class com.google.common.cache.LocalCache$StrongEntry                                  : loaded 2 times (x 104B)
Class com.google.common.util.concurrent.AbstractFuture$TrustedFuture                  : loaded 2 times (x 110B)
Class com.google.common.cache.LoadingCache                                            : loaded 2 times (x 66B)
Class kotlin.ranges.IntRange$Companion                                                : loaded 2 times (x 67B)
Class kotlin.text.MatcherMatchResult$groups$1                                         : loaded 2 times (x 147B)
Class kotlin.collections.EmptyMap                                                     : loaded 2 times (x 105B)
Class kotlin.reflect.KAnnotatedElement                                                : loaded 2 times (x 66B)
Class kotlin.jvm.internal.markers.KMutableCollection                                  : loaded 2 times (x 66B)
Class kotlin.coroutines.intrinsics.IntrinsicsKt                                       : loaded 2 times (x 67B)
Class org.gradle.internal.exceptions.MultiCauseException                              : loaded 2 times (x 66B)
Class org.gradle.internal.time.CountdownTimer                                         : loaded 2 times (x 66B)
Class kotlin.jvm.internal.Intrinsics                                                  : loaded 2 times (x 67B)
Class org.gradle.kotlin.dsl.ImplementationConfigurationAccessorsKt                    : loaded 2 times (x 67B)
Class org.gradle.internal.impldep.com.google.gson.internal.sql.SqlTypesSupport$1      : loaded 2 times (x 70B)
Class com.intellij.gradle.toolingExtension.impl.model.sourceSetModel.GradleSourceSetModelBuilder$1: loaded 2 times (x 79B)
Class org.gradle.internal.classloader.ClassLoaderVisitor                              : loaded 2 times (x 72B)
Class kotlin.collections.AbstractList$Companion                                       : loaded 2 times (x 67B)
Class org.jetbrains.kotlin.idea.gradleTooling.model.parcelize.ParcelizeGradleModel    : loaded 2 times (x 66B)
Class org.jetbrains.plugins.gradle.tooling.builder.AnnotationProcessingModelBuilder   : loaded 2 times (x 82B)
Class com.google.common.base.Suppliers$NonSerializableMemoizingSupplier               : loaded 2 times (x 75B)
Class com.google.common.io.ByteStreams$LimitedInputStream                             : loaded 2 times (x 88B)
Class org.objectweb.asm.MethodWriter                                                  : loaded 2 times (x 102B)
Class [Lcom.google.common.cache.Weigher;                                              : loaded 2 times (x 65B)
Class kotlin.sequences.SequencesKt___SequencesKt                                      : loaded 2 times (x 67B)
Class kotlin.collections.MapsKt                                                       : loaded 2 times (x 67B)
Class kotlin.coroutines.intrinsics.CoroutineSingletons                                : loaded 2 times (x 75B)
Class kotlin.collections.CollectionsKt__IterablesKt                                   : loaded 2 times (x 67B)
Class org.gradle.tooling.model.ProjectModel                                           : loaded 2 times (x 66B)
Class kotlin.text.MatcherMatchResult$groupValues$1                                    : loaded 2 times (x 194B)
Class org.gradle.internal.impldep.com.google.gson.internal.sql.SqlTypesSupport$2      : loaded 2 times (x 70B)
Class com.google.common.collect.ReverseNaturalOrdering                                : loaded 2 times (x 110B)
Class com.google.common.base.CharMatcher$None                                         : loaded 2 times (x 108B)
Class [Lcom.google.common.collect.AbstractIterator$State;                             : loaded 2 times (x 65B)
Class com.intellij.gradle.toolingExtension.impl.model.sourceSetModel.GradleSourceSetModelBuilder$2: loaded 2 times (x 79B)
Class org.jetbrains.plugins.gradle.tooling.MessageReportBuilder                       : loaded 2 times (x 66B)
Class com.google.common.collect.AbstractMapBasedMultimap$RandomAccessWrappedList      : loaded 2 times (x 201B)
Class com.google.common.collect.ImmutableMultimap$1                                   : loaded 2 times (x 78B)
Class com.android.ide.common.gradle.Version$Companion$ParseState$EMPTY                : loaded 2 times (x 70B)
Class kotlin.ranges.OpenEndRange                                                      : loaded 2 times (x 66B)
Class kotlin.sequences.SequenceBuilderIterator                                        : loaded 2 times (x 81B)
Class kotlin.KotlinNullPointerException                                               : loaded 2 times (x 79B)
Class org.jetbrains.plugins.gradle.tooling.Message$Kind                               : loaded 2 times (x 75B)
Class com.google.common.io.ByteSource$ConcatenatedByteSource                          : loaded 2 times (x 81B)
Class com.intellij.gradle.toolingExtension.impl.model.sourceSetModel.GradleSourceSetModelBuilder$3: loaded 2 times (x 79B)
Class org.jetbrains.plugins.gradle.tooling.builder.ExternalTestsModelBuilderImpl      : loaded 2 times (x 74B)
Class com.google.common.reflect.Types$JavaVersion$1                                   : loaded 2 times (x 79B)
Class com.google.common.collect.AbstractIterator$State                                : loaded 2 times (x 75B)
Class com.google.common.collect.ImmutableMultimap$2                                   : loaded 2 times (x 77B)
Class com.android.ide.common.repository.AgpVersion$Companion$WhenMappings             : loaded 2 times (x 67B)
Class com.google.common.collect.RegularImmutableBiMap                                 : loaded 2 times (x 145B)
Class com.google.common.cache.LocalCache$ValueReference                               : loaded 2 times (x 66B)
Class org.jetbrains.plugins.gradle.tooling.DefaultMessageBuilder                      : loaded 2 times (x 80B)
Class org.gradle.internal.impldep.com.google.gson.internal.bind.DateTypeAdapter$1     : loaded 2 times (x 71B)
Class kotlin.ranges.RangesKt___RangesKt                                               : loaded 2 times (x 67B)
Class org.gradle.tooling.model.idea.IdeaLanguageLevel                                 : loaded 2 times (x 66B)
Class org.gradle.tooling.internal.adapter.ProtocolToModelAdapter$SafeMethodInvoker    : loaded 2 times (x 72B)
Class org.gradle.tooling.internal.adapter.WeakIdentityHashMap$WeakKey                 : loaded 2 times (x 75B)
Class org.gradle.internal.exceptions.DefaultMultiCauseException                       : loaded 2 times (x 91B)
Class org.gradle.internal.impldep.com.google.gson.internal.reflect.ReflectionHelper$RecordHelper: loaded 2 times (x 71B)
Class org.gradle.internal.classloader.DefaultClassLoaderFactory                       : loaded 2 times (x 78B)
Class com.google.common.base.Suppliers                                                : loaded 2 times (x 67B)
Class com.google.common.reflect.Types$JavaVersion$2                                   : loaded 2 times (x 79B)
Class com.google.common.reflect.Types                                                 : loaded 2 times (x 67B)
Class com.google.common.hash.PrimitiveSink                                            : loaded 2 times (x 66B)
Class com.android.builder.model.v2.ide.ProjectInfo                                    : loaded 2 times (x 66B)
Class com.google.common.base.PatternCompiler                                          : loaded 2 times (x 66B)
Class com.google.common.util.concurrent.AbstractFuture$Failure                        : loaded 2 times (x 68B)
Class com.google.common.base.Equivalence$Equals                                       : loaded 2 times (x 78B)
Class com.google.common.collect.Hashing                                               : loaded 2 times (x 67B)
Class [Lcom.google.common.cache.CacheBuilder$OneWeigher;                              : loaded 2 times (x 65B)
Class kotlin.text.CharsKt__CharKt                                                     : loaded 2 times (x 67B)
Class kotlin.collections.ArrayDeque$Companion                                         : loaded 2 times (x 67B)
Class kotlin.collections.ArraysKt                                                     : loaded 2 times (x 67B)
Class org.gradle.tooling.model.HierarchicalElement                                    : loaded 2 times (x 66B)
Class com.android.ide.gradle.model.builder.LegacyAndroidGradlePluginPropertiesModelBuilder$Companion: loaded 2 times (x 67B)
Class com.intellij.gradle.toolingExtension.impl.model.dependencyModel.auxiliary.AuxiliaryConfigurationArtifacts: loaded 2 times (x 70B)
Class org.jetbrains.plugins.gradle.model.DefaultGradleConfiguration                   : loaded 2 times (x 75B)
Class org.gradle.internal.impldep.com.google.gson.internal.bind.ReflectiveTypeAdapterFactory: loaded 2 times (x 71B)
Class org.objectweb.asm.MethodTooLargeException                                       : loaded 2 times (x 79B)
Class com.google.common.base.Platform$JdkPatternCompiler                              : loaded 2 times (x 71B)
Class com.google.common.collect.MapMakerInternalMap$Strength                          : loaded 2 times (x 76B)
Class com.google.common.collect.MapMakerInternalMap$StrongKeyDummyValueEntry$LinkedStrongKeyDummyValueEntry: loaded 2 times (x 78B)
Class org.jetbrains.kotlin.idea.gradleTooling.KotlinMPPGradleModelBinaryBuilder       : loaded 2 times (x 82B)
Class com.google.common.reflect.Types$JavaVersion$3                                   : loaded 2 times (x 79B)
Class org.jetbrains.kotlin.idea.gradleTooling.model.noarg.NoArgModel                  : loaded 2 times (x 66B)
Class com.google.common.io.CharSink                                                   : loaded 2 times (x 75B)
Class com.android.builder.model.v2.dsl.DependenciesInfo                               : loaded 2 times (x 66B)
Class [Lcom.intellij.openapi.externalSystem.model.project.ExternalSystemSourceType;   : loaded 2 times (x 65B)
Class org.objectweb.asm.Label                                                         : loaded 2 times (x 69B)
Class org.objectweb.asm.CurrentFrame                                                  : loaded 2 times (x 69B)
Class org.objectweb.asm.ClassTooLargeException                                        : loaded 2 times (x 79B)
Class org.gradle.internal.impldep.com.google.gson.ToNumberStrategy                    : loaded 2 times (x 66B)
Class org.gradle.internal.impldep.com.google.gson.internal.sql.SqlTypesSupport        : loaded 2 times (x 67B)
Class com.google.common.collect.ByFunctionOrdering                                    : loaded 2 times (x 111B)
Class kotlin.collections.SetsKt__SetsKt                                               : loaded 2 times (x 67B)
Class kotlin.coroutines.EmptyCoroutineContext                                         : loaded 2 times (x 73B)
Class org.gradle.internal.time.Time                                                   : loaded 2 times (x 67B)
Class org.jetbrains.plugins.gradle.model.tests.DefaultExternalTestsModel              : loaded 2 times (x 73B)
Class org.jetbrains.kotlin.idea.gradleTooling.reflect.TypeToken$Companion             : loaded 2 times (x 67B)
Class org.gradle.internal.operations.MultipleBuildOperationFailures                   : loaded 2 times (x 91B)
Class org.gradle.tooling.internal.adapter.MethodInvocation                            : loaded 2 times (x 81B)
Class kotlin.sequences.TransformingSequence                                           : loaded 2 times (x 71B)
Class org.objectweb.asm.ClassVisitor                                                  : loaded 2 times (x 84B)
Class org.jetbrains.kotlin.idea.gradleTooling.model.parcelize.ParcelizeModelBuilderService: loaded 2 times (x 77B)
Class JetGradlePlugin                                                                 : loaded 2 times (x 92B)
Class com.google.common.reflect.Types$JavaVersion$4                                   : loaded 2 times (x 79B)
Class com.google.common.io.ByteSource$AsCharSource                                    : loaded 2 times (x 82B)
Class com.google.common.collect.Maps$IteratorBasedAbstractMap                         : loaded 2 times (x 121B)
Class com.google.common.collect.Table                                                 : loaded 2 times (x 66B)
Class com.google.common.collect.MapMakerInternalMap$InternalEntryHelper               : loaded 2 times (x 66B)
Class com.android.builder.model.v2.models.ProjectGraph                                : loaded 2 times (x 66B)
Class com.android.ide.common.gradle.Version$Companion$ParseState$NUMERIC              : loaded 2 times (x 70B)
Class [Lorg.objectweb.asm.Symbol;                                                     : loaded 2 times (x 65B)
Class com.android.utils.FileUtils                                                     : loaded 2 times (x 67B)
Class org.objectweb.asm.Frame                                                         : loaded 2 times (x 69B)
Class org.objectweb.asm.MethodVisitor                                                 : loaded 2 times (x 101B)
Class com.google.common.cache.LocalCache$EntryFactory$1                               : loaded 2 times (x 79B)
Class [Lcom.google.common.cache.RemovalListener;                                      : loaded 2 times (x 65B)
Class com.android.builder.model.v2.ide.AaptOptions$Namespacing                        : loaded 2 times (x 75B)
Class com.google.common.cache.LocalCache$Values                                       : loaded 2 times (x 114B)
Class com.android.ide.common.repository.AgpVersion$PreviewKind                        : loaded 2 times (x 75B)
Class sync_studio_tooling_254udzgg0cg3bzbbkg7lnkc3x                                   : loaded 2 times (x 175B)
Class kotlin.collections.ArraysKt__ArraysJVMKt                                        : loaded 2 times (x 67B)
Class com.google.common.reflect.TypeCapture                                           : loaded 2 times (x 67B)
Class com.google.common.collect.TransformedListIterator                               : loaded 2 times (x 89B)
Class org.jetbrains.plugins.gradle.model.ear.EarConfiguration                         : loaded 2 times (x 66B)
Class org.gradle.internal.impldep.com.google.gson.internal.bind.ReflectiveTypeAdapterFactory$FieldReflectionAdapter: loaded 2 times (x 73B)
Class org.jetbrains.kotlin.idea.gradleTooling.OrphanSourceSetImportingChecker         : loaded 2 times (x 70B)
Class com.google.common.reflect.Types$JavaVersion$5                                   : loaded 2 times (x 67B)
Class [Lcom.google.common.reflect.Types$ClassOwnership;                               : loaded 2 times (x 65B)
Class org.jetbrains.kotlin.idea.gradleTooling.reflect.KotlinCompilerArgumentsResolverReflectionKt: loaded 2 times (x 67B)
Class com.google.common.cache.LocalCache$EntryFactory$2                               : loaded 2 times (x 79B)
Class kotlin.text.StringsKt__StringBuilderKt                                          : loaded 2 times (x 67B)
Class kotlin.jvm.internal.CallableReference$NoReceiver                                : loaded 2 times (x 67B)
Class org.gradle.api.internal.classpath.GlobalCacheRootsProvider                      : loaded 2 times (x 66B)
Class org.gradle.internal.impldep.com.google.common.base.Objects                      : loaded 2 times (x 67B)
Class org.gradle.internal.impldep.com.google.gson.internal.bind.ReflectiveTypeAdapterFactory$Adapter: loaded 2 times (x 73B)
Class org.gradle.tooling.internal.adapter.TargetTypeProvider                          : loaded 2 times (x 66B)
Class kotlin.ranges.IntProgression$Companion                                          : loaded 2 times (x 67B)
Class com.android.builder.model.v2.ide.AndroidArtifact                                : loaded 2 times (x 66B)
Class com.google.common.io.ByteArrayDataOutput                                        : loaded 2 times (x 66B)
Class com.intellij.openapi.externalSystem.model.project.dependencies.ProjectDependencyNode: loaded 2 times (x 66B)
Class org.jetbrains.kotlin.idea.gradleTooling.model.lombok.LombokModelBuilderService  : loaded 2 times (x 83B)
Class com.intellij.gradle.toolingExtension.impl.modelBuilder.DefaultMessageReportBuilder: loaded 2 times (x 90B)
Class com.google.common.collect.CollectCollectors                                     : loaded 2 times (x 67B)
Class org.objectweb.asm.ModuleWriter                                                  : loaded 2 times (x 78B)
Class com.google.common.cache.LocalCache$EntryFactory$3                               : loaded 2 times (x 79B)
Class com.google.common.base.Ticker$1                                                 : loaded 2 times (x 68B)
Class com.google.common.collect.Maps$BiMapConverter                                   : loaded 2 times (x 86B)
Class org.gradle.internal.impldep.com.google.gson.FieldNamingStrategy                 : loaded 2 times (x 66B)
Class kotlin.NoWhenBranchMatchedException                                             : loaded 2 times (x 78B)
Class org.gradle.tooling.model.BuildIdentifier                                        : loaded 2 times (x 66B)
Class org.jetbrains.kotlin.idea.gradleTooling.reflect.GradleReflectionLogger          : loaded 2 times (x 71B)
Class org.gradle.internal.impldep.com.google.gson.stream.JsonWriter                   : loaded 2 times (x 94B)
Class org.gradle.internal.impldep.com.google.gson.internal.bind.TypeAdapters$29       : loaded 2 times (x 71B)
Class com.intellij.gradle.toolingExtension.impl.model.dependencyModel.GradleDependencyResolver: loaded 2 times (x 68B)
Class org.gradle.api.internal.classpath.ManifestUtil                                  : loaded 2 times (x 67B)
Class com.google.common.collect.CollectSpliterators$1                                 : loaded 2 times (x 86B)
Class com.android.builder.model.v2.ide.VectorDrawablesOptions                         : loaded 2 times (x 66B)
Class com.google.common.cache.LocalCache$EntryFactory$4                               : loaded 2 times (x 79B)
Class org.gradle.tooling.internal.adapter.ProtocolToModelAdapter$InvocationHandlerImpl: loaded 2 times (x 73B)
Class org.gradle.tooling.model.build.GradleEnvironment                                : loaded 2 times (x 66B)
Class com.google.common.util.concurrent.ExecutionError                                : loaded 2 times (x 78B)
Class com.intellij.gradle.toolingExtension.impl.model.dependencyModel.GradleDependencyTraverser: loaded 2 times (x 76B)
Class com.google.common.collect.ImmutableEnumSet                                      : loaded 2 times (x 142B)
Class com.intellij.gradle.toolingExtension.impl.model.sourceSetDependencyModel.DefaultGradleSourceSetDependencyModel: loaded 2 times (x 73B)
Class org.jetbrains.kotlin.idea.gradleTooling.AbstractKotlinGradleModelBuilder$Companion: loaded 2 times (x 67B)
Class com.android.builder.model.v2.ide.Edge                                           : loaded 2 times (x 66B)
Class com.google.common.io.ByteStreams$1                                              : loaded 2 times (x 81B)
Class com.android.builder.model.v2.models.VariantDependenciesFlatList                 : loaded 2 times (x 66B)
Class com.google.common.cache.LocalCache$EntryFactory$5                               : loaded 2 times (x 79B)
Class com.google.common.collect.ReverseOrdering                                       : loaded 2 times (x 111B)
Class org.gradle.tooling.model.build.JavaEnvironment                                  : loaded 2 times (x 66B)
Class com.android.builder.model.v2.models.VariantDependenciesAdjacencyList            : loaded 2 times (x 66B)
Class com.google.common.collect.AbstractMapBasedMultimap$WrappedCollection            : loaded 2 times (x 120B)
Class [Lorg.gradle.internal.impldep.com.google.gson.ReflectionAccessFilter$FilterResult;: loaded 2 times (x 65B)
Class org.gradle.internal.impldep.com.google.gson.internal.bind.ReflectiveTypeAdapterFactory$RecordAdapter: loaded 2 times (x 73B)
Class org.gradle.internal.impldep.com.google.gson.internal.bind.DefaultDateTypeAdapter: loaded 2 times (x 70B)
Class [Lcom.google.common.cache.RemovalCause;                                         : loaded 2 times (x 65B)
Class com.intellij.gradle.toolingExtension.impl.model.utilDummyModel.DefaultDummyModel: loaded 2 times (x 69B)
Class com.android.builder.model.v2.ide.SourceSetContainer                             : loaded 2 times (x 66B)
Class com.google.common.cache.LocalCache$EntryFactory$6                               : loaded 2 times (x 79B)
Class org.gradle.internal.time.Timer                                                  : loaded 2 times (x 66B)
Class kotlin.jvm.internal.markers.KMappedMarker                                       : loaded 2 times (x 66B)
Class org.gradle.internal.installation.CurrentGradleInstallationLocator               : loaded 2 times (x 67B)
Class com.android.ide.gradle.model.impl.GradlePluginModelImpl                         : loaded 2 times (x 72B)
Class org.gradle.internal.impldep.com.google.gson.internal.bind.TreeTypeAdapter       : loaded 2 times (x 71B)
Class org.gradle.internal.impldep.com.google.gson.internal.bind.DefaultDateTypeAdapter$DateType$1: loaded 2 times (x 69B)
Class [Lorg.gradle.internal.impldep.com.google.gson.FieldNamingStrategy;              : loaded 2 times (x 65B)
Class org.gradle.internal.impldep.com.google.gson.JsonPrimitive                       : loaded 2 times (x 89B)
Class org.gradle.internal.impldep.com.google.gson.JsonSyntaxException                 : loaded 2 times (x 78B)
Class com.google.common.io.ByteSource$SlicedByteSource                                : loaded 2 times (x 81B)
Class com.google.common.collect.ImmutableMultimap$Builder                             : loaded 2 times (x 82B)
Class com.android.builder.model.v2.ide.LintOptions                                    : loaded 2 times (x 66B)
Class org.objectweb.asm.ClassReader                                                   : loaded 2 times (x 90B)
Class com.google.common.collect.Maps$KeySet                                           : loaded 2 times (x 133B)
Class com.google.common.cache.LocalCache$EntryFactory$7                               : loaded 2 times (x 79B)
Class com.google.common.collect.ImmutableSet$EmptySetBuilderImpl                      : loaded 2 times (x 72B)
Class org.gradle.internal.impldep.com.google.gson.internal.bind.TypeAdapters$28       : loaded 2 times (x 71B)
Class org.gradle.tooling.internal.adapter.ProtocolToModelAdapter$ViewGraphDetails     : loaded 2 times (x 68B)
Class org.gradle.tooling.model.idea.IdeaProject                                       : loaded 2 times (x 66B)
Class org.gradle.tooling.model.DomainObjectSet                                        : loaded 2 times (x 66B)
Class org.gradle.internal.service.DefaultServiceLocator                               : loaded 2 times (x 79B)
Class com.android.ide.gradle.model.dependencies.DeclaredDependenciesModelBuilder      : loaded 2 times (x 71B)
Class org.jetbrains.kotlin.idea.gradleTooling.KotlinGradlePluginVersion$Companion     : loaded 2 times (x 67B)
Class org.gradle.internal.impldep.com.google.gson.internal.bind.TypeAdapters$20       : loaded 2 times (x 71B)
Class org.gradle.internal.impldep.com.google.gson.FieldNamingPolicy                   : loaded 2 times (x 79B)
Class org.gradle.internal.impldep.com.google.gson.JsonElement                         : loaded 2 times (x 88B)
Class com.intellij.gradle.toolingExtension.impl.initScript.util.GradleLifecycleUtil   : loaded 2 times (x 67B)
Class org.gradle.internal.classloader.ClassLoaderHierarchy                            : loaded 2 times (x 66B)
Class kotlin.collections.CollectionsKt__ReversedViewsKt                               : loaded 2 times (x 67B)
Class kotlin.sequences.SequencesKt__SequenceBuilderKt                                 : loaded 2 times (x 67B)
Class kotlin.jvm.internal.CollectionToArray                                           : loaded 2 times (x 67B)
Class org.jetbrains.plugins.gradle.tooling.builder.ScalaModelBuilderImpl              : loaded 2 times (x 77B)
Class org.jetbrains.plugins.gradle.tooling.ModelBuilderContext                        : loaded 2 times (x 66B)
Class com.google.common.cache.LocalCache$SoftValueReference                           : loaded 2 times (x 93B)
Class com.google.common.collect.Maps$EntrySet                                         : loaded 2 times (x 132B)
Class com.google.common.collect.ImmutableMultimap$EntryCollection                     : loaded 2 times (x 124B)
Class com.android.builder.model.v2.ide.BasicArtifact                                  : loaded 2 times (x 66B)
Class com.google.common.cache.LocalCache$EntryFactory$8                               : loaded 2 times (x 79B)
Class kotlin.io.FilesKt__FileTreeWalkKt                                               : loaded 2 times (x 67B)
Class kotlin.coroutines.jvm.internal.SuspendFunction                                  : loaded 2 times (x 66B)
Class org.gradle.util.GradleVersion                                                   : loaded 2 times (x 75B)
Class org.gradle.internal.installation.CurrentGradleInstallation                      : loaded 2 times (x 69B)
Class org.jetbrains.kotlin.idea.gradleTooling.KotlinTasksPropertyUtilsKt              : loaded 2 times (x 67B)
Class org.gradle.internal.impldep.com.google.gson.internal.bind.TypeAdapters$21       : loaded 2 times (x 71B)
Class kotlin.sequences.FilteringSequence$iterator$1                                   : loaded 2 times (x 75B)
Class com.google.common.io.FileWriteMode                                              : loaded 2 times (x 75B)
Class [Lcom.google.common.base.AbstractIterator$State;                                : loaded 2 times (x 65B)
Class [Lcom.google.common.collect.MapMakerInternalMap$Segment;                        : loaded 2 times (x 65B)
Class com.google.common.cache.LocalCache$ValueIterator                                : loaded 2 times (x 82B)
Class org.jetbrains.plugins.gradle.model.scala.ScalaModel                             : loaded 2 times (x 66B)
Class com.intellij.openapi.externalSystem.model.project.dependencies.ProjectDependencyNodeImpl: loaded 2 times (x 89B)
Class com.google.common.cache.CacheLoader$1                                           : loaded 2 times (x 71B)
Class com.intellij.gradle.toolingExtension.impl.util.collectionUtil.GradleCollectionVisitor: loaded 2 times (x 66B)
Class com.intellij.gradle.toolingExtension.impl.model.dependencyGraphModel.GradleDependencyGraphModelBuilder: loaded 2 times (x 78B)
Class kotlin.jvm.internal.Ref$BooleanRef                                              : loaded 2 times (x 67B)
Class kotlin.jvm.internal.StringCompanionObject                                       : loaded 2 times (x 67B)
Class kotlin.coroutines.intrinsics.IntrinsicsKt__IntrinsicsJvmKt                      : loaded 2 times (x 67B)
Class kotlin.coroutines.jvm.internal.CoroutineStackFrame                              : loaded 2 times (x 66B)
Class org.gradle.tooling.internal.adapter.ProtocolToModelAdapter$MethodInvocationCache$MethodInvocationKey: loaded 2 times (x 69B)
Class org.gradle.util.internal.GUtil                                                  : loaded 2 times (x 67B)
Class org.jetbrains.plugins.gradle.model.DefaultGradleExtensions                      : loaded 2 times (x 84B)
Class org.gradle.internal.impldep.com.google.gson.internal.bind.TypeAdapters$22       : loaded 2 times (x 71B)
Class org.gradle.internal.impldep.com.google.gson.ToNumberPolicy                      : loaded 2 times (x 79B)
Class com.intellij.gradle.toolingExtension.impl.model.utilTurnOffDefaultTasksModel.DefaultTurnOffDefaultTasks: loaded 2 times (x 67B)
Class org.gradle.internal.impldep.com.google.gson.internal.bind.TypeAdapters$27       : loaded 2 times (x 71B)
Class org.gradle.internal.impldep.com.google.gson.internal.reflect.ReflectionHelper$RecordNotSupportedHelper: loaded 2 times (x 74B)
Class com.intellij.gradle.toolingExtension.impl.model.dependencyDownloadPolicyModel.DefaultGradleDependencyDownloadPolicy: loaded 2 times (x 73B)
Class org.gradle.internal.classloader.FilteringClassLoader                            : loaded 2 times (x 101B)
Class kotlin.NotImplementedError                                                      : loaded 2 times (x 78B)
Class kotlin.sequences.FlatteningSequence                                             : loaded 2 times (x 71B)
Class com.google.common.io.ByteSource                                                 : loaded 2 times (x 80B)
Class com.google.common.util.concurrent.AbstractFuture$SetFuture                      : loaded 2 times (x 71B)
Class com.android.utils.StringHelper                                                  : loaded 2 times (x 67B)
Class com.google.common.cache.AbstractCache$StatsCounter                              : loaded 2 times (x 66B)
Class kotlin.io.NoSuchFileException                                                   : loaded 2 times (x 78B)
Class kotlin.collections.CollectionsKt                                                : loaded 2 times (x 67B)
Class org.jetbrains.kotlin.idea.gradleTooling.reflect.KotlinSourceSetReflectionImpl   : loaded 2 times (x 78B)
Class org.gradle.internal.impldep.com.google.gson.internal.bind.TypeAdapters$23       : loaded 2 times (x 71B)
Class com.intellij.gradle.toolingExtension.impl.model.sourceSetModel.DefaultGradleSourceSetModel: loaded 2 times (x 76B)
Class kotlin.text.MatcherMatchResult                                                  : loaded 2 times (x 76B)
Class com.google.common.reflect.Types$TypeVariableImpl                                : loaded 2 times (x 68B)
Class com.google.common.collect.MapMakerInternalMap$1                                 : loaded 2 times (x 79B)
Class com.google.common.io.LineBuffer                                                 : loaded 2 times (x 71B)
Class com.android.builder.model.v2.dsl.BuildType                                      : loaded 2 times (x 66B)
Class org.objectweb.asm.Context                                                       : loaded 2 times (x 68B)
Class kotlin.text.MatchGroupCollection                                                : loaded 2 times (x 66B)
Class kotlin.text.StringsKt__StringsKt                                                : loaded 2 times (x 67B)
Class kotlin.ranges.IntProgressionIterator                                            : loaded 2 times (x 78B)
Class kotlin.coroutines.CoroutineContext                                              : loaded 2 times (x 66B)
Class kotlin.coroutines.jvm.internal.DebugProbesKt                                    : loaded 2 times (x 67B)
Class org.gradle.tooling.internal.adapter.WeakIdentityHashMap                         : loaded 2 times (x 72B)
Class org.gradle.tooling.GradleConnectionException                                    : loaded 2 times (x 79B)
Class org.gradle.tooling.internal.adapter.ProtocolToModelAdapter$1                    : loaded 2 times (x 71B)
Class org.gradle.tooling.internal.adapter.ProtocolToModelAdapter$ViewDecoration       : loaded 2 times (x 66B)
Class org.gradle.internal.installation.GradleInstallation                             : loaded 2 times (x 71B)
Class org.jetbrains.plugins.gradle.model.DefaultFileCollectionDependency              : loaded 2 times (x 106B)
Class org.gradle.internal.impldep.com.google.gson.internal.bind.TypeAdapters$24       : loaded 2 times (x 71B)
Class com.intellij.util.ExceptionUtilRt$RethrownStack                                 : loaded 2 times (x 78B)
Class com.google.common.base.Equivalence$Identity                                     : loaded 2 times (x 78B)
Class com.google.common.base.PairwiseEquivalence                                      : loaded 2 times (x 79B)
Class com.intellij.gradle.toolingExtension.impl.util.javaPluginUtil.ExtensionJavaPluginAccessor: loaded 2 times (x 78B)
Class com.android.builder.model.v2.ide.ViewBindingOptions                             : loaded 2 times (x 66B)
Class com.google.common.base.Splitter$Strategy                                        : loaded 2 times (x 66B)
Class com.google.common.io.LineReader                                                 : loaded 2 times (x 68B)
Class com.google.common.collect.ForwardingCollection                                  : loaded 2 times (x 126B)
Class com.google.common.collect.LexicographicalOrdering                               : loaded 2 times (x 111B)
Class org.gradle.tooling.internal.adapter.MethodInvoker                               : loaded 2 times (x 66B)
Class org.jetbrains.plugins.gradle.tooling.Message                                    : loaded 2 times (x 68B)
Class org.jetbrains.plugins.gradle.tooling.util.GradleContainerUtil                   : loaded 2 times (x 67B)
Class org.jetbrains.plugins.gradle.model.DefaultGradleExtension                       : loaded 2 times (x 76B)
Class org.jetbrains.kotlin.idea.gradleTooling.reflect.KotlinCompilerArgumentsResolverReflectionImpl: loaded 2 times (x 71B)
Class org.gradle.internal.impldep.com.google.gson.internal.bind.TypeAdapters$25       : loaded 2 times (x 71B)
Class org.gradle.internal.impldep.com.google.gson.TypeAdapter$1                       : loaded 2 times (x 70B)
Class org.gradle.internal.impldep.com.google.gson.internal.bind.TypeAdapters          : loaded 2 times (x 67B)
Class org.gradle.internal.impldep.com.google.gson.internal.bind.TypeAdapters$26       : loaded 2 times (x 71B)
Class org.gradle.internal.impldep.com.google.gson.internal.bind.CollectionTypeAdapterFactory$Adapter: loaded 2 times (x 70B)
Class com.intellij.gradle.toolingExtension.impl.model.dependencyModel.DefaultModuleComponentIdentifier: loaded 2 times (x 82B)
Class com.android.ide.gradle.model.builder.AndroidStudioToolingPluginKt               : loaded 2 times (x 67B)
Class org.jetbrains.kotlin.idea.gradleTooling.reflect.ReflectionLogger                : loaded 2 times (x 66B)
Class org.jetbrains.kotlin.idea.gradleTooling.AbstractKotlinGradleModelBuilder        : loaded 2 times (x 77B)
Class com.android.ide.common.gradle.Part                                              : loaded 2 times (x 73B)
Class com.google.common.collect.Lists$RandomAccessReverseList                         : loaded 2 times (x 196B)
Class kotlin.ranges.IntProgression                                                    : loaded 2 times (x 77B)
Class kotlin.jvm.KotlinReflectionNotSupportedError                                    : loaded 2 times (x 78B)
Class org.gradle.tooling.model.gradle.GradleScript                                    : loaded 2 times (x 66B)

---------------  S Y S T E M  ---------------

OS:
 Windows 10 , 64 bit Build 19041 (10.0.19041.5915)
OS uptime: 0 days 4:42 hours
Hyper-V role detected

CPU: total 4 (initial active 4) (2 cores per cpu, 2 threads per core) family 6 model 78 stepping 3 microcode 0xea, cx8, cmov, fxsr, ht, mmx, 3dnowpref, sse, sse2, sse3, ssse3, sse4.1, sse4.2, popcnt, lzcnt, tsc, tscinvbit, avx, avx2, aes, erms, clmul, bmi1, bmi2, rtm, adx, fma, vzeroupper, clflush, clflushopt, hv, rdtscp, f16c
Processor Information for processor 0
  Max Mhz: 2496, Current Mhz: 1497, Mhz Limit: 2396
Processor Information for processor 1
  Max Mhz: 2496, Current Mhz: 1497, Mhz Limit: 2396
Processor Information for processor 2
  Max Mhz: 2496, Current Mhz: 1497, Mhz Limit: 2396
Processor Information for processor 3
  Max Mhz: 2496, Current Mhz: 2396, Mhz Limit: 2396

Memory: 4k page, system-wide physical 8072M (542M free)
TotalPageFile size 12168M (AvailPageFile size 520M)
current process WorkingSet (physical memory assigned to process): 1076M, peak: 1089M
current process commit charge ("private bytes"): 1241M, peak: 2507M

vm_info: OpenJDK 64-Bit Server VM (21.0.6+-13391695-b895.109) for windows-amd64 JRE (21.0.6+-13391695-b895.109), built on 2025-04-22T21:19:17Z by "builder" with MS VC++ 16.10 / 16.11 (VS2019)

END.
